id,employee_id,tr1,tr2,tr3,tr4,tr5,status,user,date,active,level,deligation,kpi_eligible,job_completion_eligible,attendance_status,tr6,eportal_eligibility,kpi_effective_date
1,02-0323,02-0003,02-0003,02-0003,02-0003,01-0001,0,saddam,"2024-09-23 00:00:00",Yes,100,NULL,0,0,1,01-0001,NULL,NULL
2,02-0016,02-0003,02-0003,02-0003,02-0003,02-0003,1,rabbani,"2024-09-22 10:47:43",Yes,100,NULL,0,0,1,01-0001,NULL,NULL
3,02-0003,01-0001,01-0001,01-0001,01-0001,01-0001,1,rabbani,"2024-09-22 10:47:44",Yes,0,NULL,0,0,0,01-0001,NULL,NULL
4,02-0103,02-1409,02-1409,02-1409,02-0458,02-0003,0,rabbani,"2024-09-22 10:47:44",Yes,5,NULL,0,1,1,01-0001,NULL,NULL
5,02-0022,02-0504,02-1888,02-1888,02-0458,02-0003,0,rabbani,"2024-09-22 10:47:44",Yes,0,NULL,0,1,1,01-0001,NULL,NULL
6,02-0330,02-0627,02-0627,02-1876,02-0458,02-0003,0,rabbani,"2024-09-29 00:00:00",Yes,0,NULL,0,1,1,01-0001,NULL,NULL
7,02-0262,02-1033,02-0767,02-0094,02-0094,02-0003,0,rabbani,"2024-09-22 10:47:45",Yes,0,NULL,0,0,1,01-0001,NULL,NULL
8,02-0423,02-0767,02-0767,02-0094,02-0094,02-0003,0,rabbani,"2024-09-22 10:47:45",Yes,0,NULL,0,0,1,01-0001,NULL,NULL
9,02-0393,02-0994,02-0994,02-0994,02-0994,02-0003,0,rabbani,"2024-09-22 10:47:45",Yes,100,NULL,0,1,1,01-0001,NULL,NULL
10,02-0381,02-1838,02-1838,02-1838,02-2332,02-0003,0,rabbani,"2024-09-22 10:47:45",Yes,5,NULL,0,1,1,01-0001,NULL,NULL
11,02-0334,02-1801,02-1801,02-1801,02-1998,02-0003,0,rabbani,"2024-09-22 10:47:46",Yes,5,NULL,0,1,1,01-0001,NULL,NULL
12,02-0245,02-1801,02-1801,02-1801,02-1998,02-0003,0,rabbani,"2024-09-22 10:47:46",Yes,5,NULL,0,1,1,01-0001,NULL,NULL
13,02-0139,02-1838,02-1838,02-1838,02-2332,02-0003,0,rabbani,"2024-09-22 10:47:46",Yes,5,NULL,0,1,1,01-0001,NULL,NULL
14,02-0009,02-0003,02-0003,02-0003,02-0003,02-0003,1,rabbani,"2024-09-22 10:47:46",Yes,100,NULL,0,0,1,01-0001,NULL,NULL
15,02-0029,02-1517,02-1517,02-0009,02-0009,02-0003,0,rabbani,"2024-09-22 10:47:47",Yes,5,NULL,0,1,1,01-0001,NULL,NULL
16,02-0333,02-1071,02-1071,02-1071,02-2004,02-0003,0,rabbani,"2024-09-22 10:47:47",Yes,5,NULL,0,1,1,01-0001,NULL,NULL
17,02-0269,02-1517,02-1517,02-0009,02-0009,02-0003,0,rabbani,"2024-09-26 00:00:00",Yes,5,NULL,0,1,1,01-0001,NULL,NULL
18,02-0336,02-1517,02-1517,02-1517,02-0009,02-0003,0,rabbani,"2024-09-22 10:47:47",Yes,5,NULL,0,1,1,01-0001,NULL,NULL
19,02-0251,02-1071,02-1071,02-1071,02-2004,02-0003,0,rabbani,"2024-09-22 10:47:48",Yes,5,NULL,0,1,1,01-0001,NULL,NULL
20,02-0128,02-0651,02-0651,02-0651,02-0402,02-0003,0,rabbani,"2024-09-22 10:47:48",Yes,0,NULL,0,1,1,01-0001,NULL,NULL
21,02-0106,02-1071,02-1071,02-1071,02-2004,02-0003,0,rabbani,"2024-09-22 10:47:48",Yes,5,NULL,0,1,1,01-0001,NULL,NULL
22,02-0358,02-1071,02-1071,02-1071,02-2004,02-0003,0,rabbani,"2024-09-22 10:47:49",Yes,5,NULL,0,1,1,01-0001,NULL,NULL
23,02-0341,02-0846,02-0846,02-0846,02-2004,02-0003,0,rabbani,"2024-09-22 10:47:49",Yes,5,NULL,0,1,1,01-0001,NULL,NULL
24,02-0402,02-2332,02-2332,02-2332,02-2332,02-0003,1,rabbani,"2024-09-22 10:47:49",Yes,100,NULL,0,0,1,01-0001,NULL,NULL
25,02-0107,02-0651,02-0651,02-0651,02-0402,02-0003,0,rabbani,"2024-09-22 10:47:49",Yes,0,NULL,0,1,1,01-0001,NULL,NULL
26,02-0002,02-0846,02-0846,02-0846,02-2004,02-0003,0,rabbani,"2024-09-22 10:47:50",Yes,0,NULL,0,1,1,01-0001,NULL,NULL
27,02-0277,02-0402,02-0402,02-0402,02-0402,02-0003,0,rabbani,"2024-09-22 10:47:50",Yes,0,NULL,0,1,1,01-0001,NULL,NULL
28,02-0017,02-0800,02-0800,02-0800,02-1606,02-0003,0,rabbani,"2024-09-25 00:00:00",Yes,0,NULL,0,1,1,01-0001,NULL,NULL
29,02-0550,02-1723,02-1723,02-1723,02-0402,02-0003,0,rabbani,"2024-09-22 10:47:51",Yes,0,NULL,0,0,0,01-0001,NULL,NULL
30,02-0532,02-0277,02-0277,02-0402,02-0402,02-0003,0,rabbani,"2024-09-22 10:47:51",Yes,0,NULL,0,0,1,01-0001,NULL,NULL
31,02-0521,02-1420,02-2457,02-2457,02-0402,02-0003,0,rabbani,"2024-09-22 10:47:51",Yes,0,NULL,0,0,0,01-0001,NULL,NULL
32,02-0527,02-1420,02-2457,02-2457,02-0402,02-0003,0,rabbani,"2024-09-22 10:47:51",Yes,0,NULL,0,0,0,01-0001,NULL,NULL
33,02-0525,02-1420,02-2457,02-2457,02-0402,02-0003,0,rabbani,"2024-09-22 10:47:51",Yes,0,NULL,0,0,0,01-0001,NULL,NULL
34,02-0526,02-1420,02-2457,02-2457,02-0402,02-0003,0,rabbani,"2024-09-22 10:47:52",Yes,0,NULL,0,0,0,01-0001,NULL,NULL
35,02-0522,02-1420,02-2457,02-2457,02-0402,02-0003,0,rabbani,"2024-09-22 10:47:52",Yes,0,NULL,0,0,0,01-0001,NULL,NULL
36,02-0536,02-1420,02-2457,02-2457,02-0402,02-0003,0,rabbani,"2024-09-22 10:47:52",Yes,0,NULL,0,0,0,01-0001,NULL,NULL
37,02-0519,02-1420,02-2457,02-2457,02-0402,02-0003,0,rabbani,"2024-09-22 10:47:52",Yes,0,NULL,0,0,0,01-0001,NULL,NULL
38,02-0535,02-1420,02-2457,02-2457,02-0402,02-0003,0,rabbani,"2024-09-22 10:47:52",Yes,0,NULL,0,0,0,01-0001,NULL,NULL
39,02-0523,02-0879,02-0879,02-0651,02-0402,02-0003,0,rabbani,"2024-09-22 10:47:53",Yes,0,NULL,0,0,1,01-0001,NULL,NULL
40,02-0507,02-0951,02-0951,02-0651,02-0402,02-0003,0,rabbani,"2024-09-22 10:47:53",Yes,0,NULL,0,0,1,01-0001,NULL,NULL
41,02-0510,02-0951,02-0951,02-0651,02-0402,02-0003,0,rabbani,"2024-09-22 10:47:53",Yes,0,NULL,0,0,1,01-0001,NULL,NULL
42,02-0512,02-0951,02-0951,02-0651,02-0402,02-0003,0,rabbani,"2024-09-22 10:47:53",Yes,0,NULL,0,0,1,01-0001,NULL,NULL
43,02-0517,02-1893,02-1893,02-1893,02-2004,02-0003,0,rabbani,"2024-09-22 10:47:54",Yes,0,NULL,0,0,1,01-0001,NULL,NULL
44,02-0518,02-1723,02-1723,02-1723,02-0402,02-0003,0,rabbani,"2024-09-22 10:47:54",Yes,0,NULL,0,0,1,01-0001,NULL,NULL
45,02-0146,02-0003,02-0003,02-0003,02-0003,02-0003,1,rabbani,"2024-09-22 10:47:54",Yes,100,NULL,0,1,1,01-0001,NULL,NULL
46,02-0166,02-0458,02-0458,02-0458,02-0458,02-0003,1,rabbani,"2024-09-22 10:47:54",Yes,100,NULL,0,0,1,01-0001,NULL,NULL
47,02-0086,02-0458,02-0458,02-0458,02-0458,02-0003,0,rabbani,"2024-09-22 10:47:54",Yes,5,NULL,0,1,1,01-0001,NULL,NULL
48,02-0007,02-0458,02-0458,02-0458,02-0458,02-0003,0,rabbani,"2024-09-22 10:47:55",Yes,5,NULL,0,1,1,01-0001,NULL,NULL
49,02-0315,02-0166,02-0166,02-0166,02-0458,02-0003,0,rabbani,"2024-09-22 10:47:55",Yes,5,NULL,0,1,1,01-0001,NULL,NULL
50,02-0083,02-0166,02-0166,02-0458,02-0458,02-0003,0,rabbani,"2024-09-22 10:47:55",Yes,5,NULL,0,1,1,01-0001,NULL,NULL
51,02-0186,02-0007,02-0007,02-0007,02-0458,02-0003,0,rabbani,"2024-09-22 10:47:55",Yes,5,NULL,0,1,1,01-0001,NULL,NULL
52,02-0270,02-0086,02-0086,02-0086,02-1320,02-0003,0,rabbani,"2024-09-22 10:47:55",Yes,5,NULL,0,1,1,01-0001,NULL,NULL
53,02-0278,02-0309,02-0309,02-0309,02-0458,02-0003,0,rabbani,"2024-09-22 10:47:55",Yes,5,NULL,0,1,1,01-0001,NULL,NULL
54,02-0306,02-0606,02-0606,02-0606,01-0001,01-0001,0,rabbani,"2024-09-22 10:47:56",Yes,5,NULL,0,1,1,01-0001,NULL,NULL
55,02-0346,02-2052,02-0103,02-1409,02-1320,02-0003,0,rabbani,"2024-09-22 10:47:56",Yes,0,NULL,0,1,1,01-0001,NULL,NULL
56,02-0399,02-0767,02-0767,02-0094,02-0094,02-0003,0,rabbani,"2024-09-22 10:47:56",Yes,0,NULL,0,1,1,01-0001,NULL,NULL
57,02-0184,02-1723,02-1723,02-1723,02-0402,02-0003,0,rabbani,"2024-09-22 10:47:56",Yes,0,NULL,0,1,0,01-0001,NULL,NULL
58,02-0407,02-2332,02-2332,02-2332,02-2332,02-0003,1,rabbani,"2024-09-22 10:47:57",Yes,100,NULL,0,0,1,01-0001,NULL,NULL
59,02-0443,02-0358,02-1071,02-1071,02-2004,02-0003,0,rabbani,"2024-09-22 10:47:57",Yes,0,NULL,0,1,1,01-0001,NULL,NULL
60,02-0437,02-2004,02-2004,02-2004,02-2004,02-0003,0,rabbani,"2024-09-22 10:47:57",Yes,5,NULL,0,1,1,01-0001,NULL,NULL
61,02-0461,02-1517,02-1517,02-0009,02-0009,02-0003,0,rabbani,"2024-09-26 00:00:00",Yes,5,NULL,0,1,1,01-0001,NULL,NULL
62,02-0476,02-1454,02-1454,02-1454,02-1454,02-0003,0,rabbani,"2024-09-22 10:47:57",Yes,5,NULL,0,1,1,01-0001,NULL,NULL
63,02-0470,02-1071,02-1071,02-1071,02-2004,02-0003,0,rabbani,"2024-09-22 10:47:58",Yes,5,NULL,0,1,1,01-0001,NULL,NULL
64,02-0471,02-1071,02-1071,02-1071,02-2004,02-0003,0,rabbani,"2024-09-22 10:47:58",Yes,0,NULL,0,1,1,01-0001,NULL,NULL
65,02-0458,02-0323,02-0323,02-0323,02-0323,02-0003,0,rabbani,"2024-09-22 10:47:58",Yes,100,NULL,0,0,1,01-0001,NULL,NULL
66,02-0436,02-0437,02-0437,02-0437,02-2004,02-0003,0,rabbani,"2024-09-22 10:47:58",Yes,5,NULL,0,1,1,01-0001,NULL,NULL
67,02-0542,02-1420,02-2457,02-2457,02-0402,02-0003,0,rabbani,"2024-09-22 10:47:58",Yes,0,NULL,0,0,0,01-0001,NULL,NULL
68,02-0463,02-1723,02-1723,02-1723,02-0402,02-0003,0,rabbani,"2024-09-22 10:47:58",Yes,0,NULL,0,1,1,01-0001,NULL,NULL
69,02-0498,02-0393,02-0393,02-0393,02-0994,02-0003,0,rabbani,"2024-09-22 10:47:59",Yes,5,NULL,0,1,1,01-0001,NULL,NULL
70,02-0537,02-1420,02-2457,02-2457,02-0402,02-0003,0,rabbani,"2024-09-22 10:47:59",Yes,0,NULL,0,0,0,01-0001,NULL,NULL
71,02-0538,02-1420,02-2457,02-2457,02-0402,02-0003,0,rabbani,"2024-09-22 10:47:59",Yes,0,NULL,0,0,0,01-0001,NULL,NULL
72,02-0544,02-1420,02-2457,02-2457,02-0402,02-0003,0,rabbani,"2024-09-22 10:47:59",Yes,0,NULL,0,0,0,01-0001,NULL,NULL
73,02-0502,02-0651,02-0651,02-0651,02-0402,02-0003,0,rabbani,"2024-09-22 10:47:59",Yes,0,NULL,0,1,1,01-0001,NULL,NULL
74,02-0596,02-0951,02-0951,02-0651,02-0402,02-0003,0,rabbani,"2024-09-22 10:48:00",Yes,0,NULL,0,0,1,01-0001,NULL,NULL
75,02-0615,02-0016,02-0016,02-0016,02-0016,02-0003,0,rabbani,"2024-09-22 10:48:00",Yes,100,NULL,0,0,0,01-0001,NULL,NULL
76,02-0606,01-0001,01-0001,01-0001,01-0001,01-0001,0,rabbani,"2024-09-22 10:48:00",Yes,5,NULL,0,1,1,01-0001,NULL,NULL
77,02-0624,02-1606,02-1606,02-1606,02-1606,02-0003,0,rabbani,"2024-09-25 00:00:00",Yes,5,NULL,0,1,1,01-0001,NULL,NULL
78,02-0627,02-1876,02-1876,02-1876,02-0458,02-0003,0,rabbani,"2024-09-22 10:48:00",Yes,5,NULL,0,1,1,01-0001,NULL,NULL
79,02-0651,02-0402,02-0402,02-0402,02-0402,02-0003,0,rabbani,"2024-09-22 10:48:01",Yes,5,NULL,0,1,1,01-0001,NULL,NULL
80,02-0582,02-1420,02-2457,02-2457,02-0402,02-0003,0,rabbani,"2024-09-22 10:48:01",Yes,0,NULL,0,0,0,01-0001,NULL,NULL
81,02-0657,02-1935,02-1627,02-1627,02-1998,02-0003,0,rabbani,"2024-09-22 10:48:01",Yes,5,NULL,0,1,1,01-0001,NULL,NULL
82,02-0672,02-1420,02-1723,02-1723,02-0402,02-0003,0,rabbani,"2024-09-22 10:48:01",Yes,0,NULL,0,0,0,01-0001,NULL,NULL
83,02-0671,02-1420,02-2457,02-2457,02-0402,02-0003,0,rabbani,"2024-09-22 10:48:01",Yes,0,NULL,0,0,0,01-0001,NULL,NULL
84,02-0673,02-1420,02-2457,02-2457,02-0402,02-0003,0,rabbani,"2024-09-22 10:48:02",Yes,0,NULL,0,0,0,01-0001,NULL,NULL
85,02-0635,02-0080,02-0080,02-0094,02-0094,02-0003,0,rabbani,"2024-09-29 00:00:00",Yes,0,NULL,0,1,1,01-0001,NULL,NULL
86,02-0665,02-1109,02-0094,02-0094,02-0094,02-0003,0,rabbani,"2024-09-22 10:48:03",Yes,0,NULL,0,0,1,01-0001,NULL,NULL
87,02-0711,02-1109,02-0094,02-0094,02-0094,02-0003,0,rabbani,"2024-09-22 10:48:03",Yes,0,NULL,0,0,1,01-0001,NULL,NULL
88,02-0712,02-1033,02-0767,02-0094,02-0094,02-0003,0,rabbani,"2024-09-22 10:48:04",Yes,0,NULL,0,0,1,01-0001,NULL,NULL
89,02-0718,02-0651,02-0651,02-0651,02-0402,02-0003,0,rabbani,"2024-09-22 10:48:05",Yes,0,NULL,0,1,1,01-0001,NULL,NULL
90,02-0736,02-2853,02-2853,02-2853,02-1606,02-0003,0,rabbani,"2024-09-25 00:00:00",Yes,0,NULL,0,1,1,01-0001,NULL,NULL
91,02-0742,02-2652,02-2652,02-1801,02-1998,02-0003,0,rabbani,"2024-09-29 00:00:00",Yes,0,NULL,0,1,1,01-0001,NULL,NULL
92,02-0745,02-0627,02-0627,02-1876,02-0458,02-0003,0,rabbani,"2024-09-22 10:48:06",Yes,5,NULL,0,1,1,01-0001,NULL,NULL
93,02-0759,02-1033,02-0767,02-0094,02-0094,02-0003,0,rabbani,"2024-09-22 10:48:07",Yes,0,NULL,0,0,1,01-0001,NULL,NULL
94,02-0720,02-0767,02-0767,02-0094,02-0094,02-0003,0,rabbani,"2024-09-22 10:48:07",Yes,0,NULL,0,0,1,01-0001,NULL,NULL
95,02-0681,02-0830,02-0094,02-0094,02-0094,02-0003,0,rabbani,"2024-09-22 10:48:08",Yes,0,NULL,0,0,1,01-0001,NULL,NULL
96,02-0686,02-0879,02-0879,02-0651,02-0402,02-0003,0,rabbani,"2024-09-22 10:48:09",Yes,0,NULL,0,0,1,01-0001,NULL,NULL
97,02-0767,02-0094,02-0094,02-0094,02-0094,02-0003,0,rabbani,"2024-09-22 10:48:09",Yes,5,NULL,0,0,1,01-0001,NULL,NULL
98,02-0696,02-0470,02-0470,02-1071,02-2004,02-0003,0,rabbani,"2024-09-22 10:48:10",Yes,0,NULL,0,0,1,01-0001,NULL,NULL
99,02-0846,02-2004,02-2004,02-2004,02-2004,02-0003,0,rabbani,"2024-09-22 10:48:10",Yes,5,NULL,0,1,1,01-0001,NULL,NULL
100,02-0784,02-1935,02-1627,02-1627,02-1998,02-0003,0,rabbani,"2024-09-22 10:48:11",Yes,5,NULL,0,1,1,01-0001,NULL,NULL
101,02-0800,02-1606,02-1606,02-1606,02-1606,02-0003,0,rabbani,"2024-09-22 10:48:11",Yes,5,NULL,0,1,1,01-0001,NULL,NULL
102,02-0820,02-0402,02-0402,02-0402,02-0402,02-0003,0,rabbani,"2024-09-22 10:48:12",Yes,5,NULL,0,1,1,01-0001,NULL,NULL
103,02-0824,02-1109,02-0094,02-0094,02-0094,02-0003,0,rabbani,"2024-09-22 10:48:13",Yes,0,NULL,0,0,1,01-0001,NULL,NULL
104,02-0830,02-1109,02-0094,02-0094,02-0094,02-0003,0,rabbani,"2024-09-22 10:48:13",Yes,0,NULL,0,1,1,01-0001,NULL,NULL
105,02-0847,02-1998,02-1998,02-1998,01-0001,01-0001,0,rabbani,"2024-09-22 10:48:13",Yes,5,NULL,1,1,1,01-0001,NULL,NULL
106,02-0854,02-1627,02-1627,02-1627,02-1998,02-0003,0,rabbani,"2024-09-22 10:48:14",Yes,5,NULL,0,1,1,01-0001,NULL,NULL
107,02-0879,02-0651,02-0651,02-0651,02-0402,02-0003,0,rabbani,"2024-09-22 10:48:14",Yes,5,NULL,0,1,1,01-0001,NULL,NULL
108,02-0882,02-2488,02-2488,02-0103,02-0458,02-0003,0,rabbani,"2024-09-22 10:48:15",Yes,0,NULL,0,1,1,01-0001,NULL,NULL
109,02-0892,02-0393,02-0393,02-0393,02-0994,02-0003,0,rabbani,"2024-09-22 10:48:16",Yes,5,NULL,0,1,1,01-0001,NULL,NULL
110,02-0903,02-0868,02-0868,02-1480,02-0458,02-0003,0,rabbani,"2024-09-29 00:00:00",Yes,0,NULL,0,1,1,01-0001,NULL,NULL
111,02-0907,02-0399,02-0767,02-0094,02-0094,02-0003,0,rabbani,"2024-09-22 10:48:17",Yes,0,NULL,0,0,1,01-0001,NULL,NULL
112,02-0911,02-0767,02-0767,02-0094,02-0094,02-0003,0,rabbani,"2024-09-22 10:48:17",Yes,0,NULL,0,0,1,01-0001,NULL,NULL
113,02-0913,02-0103,02-1409,02-1409,02-0458,02-0003,0,rabbani,"2024-09-22 10:48:18",Yes,5,NULL,0,1,1,01-0001,NULL,NULL
114,02-0914,02-1338,02-1338,02-1147,02-1147,02-0003,0,rabbani,"2024-09-22 10:48:19",Yes,0,NULL,0,1,1,01-0001,NULL,NULL
115,02-0915,02-0767,02-0767,02-0094,02-0094,02-0003,0,rabbani,"2024-09-22 10:48:19",Yes,0,NULL,0,0,1,01-0001,NULL,NULL
116,02-0917,02-2332,02-2332,02-2332,02-2332,02-0003,0,rabbani,"2024-09-22 10:48:20",Yes,5,NULL,0,1,1,01-0001,NULL,NULL
117,02-0927,02-1420,02-1723,02-1723,02-0402,02-0003,0,rabbani,"2024-09-22 10:48:20",Yes,0,NULL,0,0,0,01-0001,NULL,NULL
118,02-0935,02-2853,02-2853,02-2853,02-1606,02-0003,0,rabbani,"2024-09-25 00:00:00",Yes,0,NULL,0,1,1,01-0001,NULL,NULL
119,02-0946,02-2853,02-2853,02-2853,02-1606,02-0003,0,rabbani,"2024-09-25 00:00:00",Yes,5,NULL,0,1,1,01-0001,NULL,NULL
120,02-0964,02-1109,02-1109,02-0094,02-0094,02-0003,0,rabbani,"2024-09-22 10:48:22",Yes,0,NULL,0,0,1,01-0001,NULL,NULL
121,02-0949,02-1109,02-0094,02-0094,02-0094,02-0003,0,rabbani,"2024-09-22 10:48:23",Yes,0,NULL,0,1,1,01-0001,NULL,NULL
122,02-0951,02-0651,02-0651,02-0651,02-0402,02-0003,0,rabbani,"2024-09-22 10:48:24",Yes,0,NULL,0,1,1,01-0001,NULL,NULL
123,02-0975,02-0879,02-0879,02-0651,02-0402,02-0003,0,rabbani,"2024-09-22 10:48:25",Yes,0,NULL,0,0,1,01-0001,NULL,NULL
124,02-0994,01-0001,01-0001,01-0001,01-0001,01-0001,0,rabbani,"2024-09-22 10:48:26",Yes,100,NULL,0,0,1,01-0001,NULL,NULL
125,02-0998,02-0003,02-0003,02-0003,02-0003,02-0003,0,rabbani,"2024-09-22 10:48:27",Yes,5,NULL,0,0,1,01-0001,NULL,NULL
126,02-1007,02-1893,02-1893,02-1893,02-2004,02-0003,0,rabbani,"2024-09-22 10:48:28",Yes,0,NULL,0,1,1,01-0001,NULL,NULL
127,02-0993,02-1420,02-1723,02-1723,02-0402,02-0003,0,rabbani,"2024-09-22 10:48:28",Yes,0,NULL,0,0,0,01-0001,NULL,NULL
128,02-1020,02-0309,02-0309,02-0309,02-0458,02-0003,0,rabbani,"2024-09-29 00:00:00",Yes,0,NULL,0,1,1,01-0001,NULL,NULL
129,02-1024,01-0001,01-0001,01-0001,01-0001,01-0001,0,rabbani,"2024-09-22 10:48:30",Yes,5,NULL,0,1,1,01-0001,NULL,NULL
130,02-1023,02-0627,02-0627,02-1876,02-0458,02-0003,0,rabbani,"2024-09-22 10:48:31",Yes,5,NULL,0,1,1,01-0001,NULL,NULL
131,02-1033,02-0767,02-0767,02-0094,02-0094,02-0003,0,rabbani,"2024-09-22 10:48:33",Yes,0,NULL,0,1,1,01-0001,NULL,NULL
132,02-1038,02-1723,02-1723,02-1723,02-0402,02-0003,0,rabbani,"2024-09-22 10:48:34",Yes,0,NULL,0,0,0,01-0001,NULL,NULL
133,02-1050,02-1038,02-1723,02-1723,02-0402,02-0003,0,rabbani,"2024-09-22 10:48:35",Yes,0,NULL,0,0,1,01-0001,NULL,NULL
134,02-1064,02-1307,02-1307,02-1876,02-0458,02-0003,0,rabbani,"2024-09-29 00:00:00",Yes,0,NULL,0,1,1,01-0001,NULL,NULL
135,02-1068,02-1420,02-1723,02-1723,02-0402,02-0003,0,rabbani,"2024-09-22 10:48:36",Yes,0,NULL,0,0,0,01-0001,NULL,NULL
136,02-1069,02-1420,02-2457,02-2457,02-0402,02-0003,0,rabbani,"2024-09-22 10:48:37",Yes,0,NULL,0,0,0,01-0001,NULL,NULL
137,02-1071,02-2004,02-2004,02-2004,02-2004,02-0003,0,rabbani,"2024-09-22 10:48:38",Yes,5,NULL,0,1,1,01-0001,NULL,NULL
138,02-0094,01-0001,01-0001,01-0001,01-0001,01-0001,0,rabbani,"2024-09-22 10:48:39",Yes,100,NULL,0,0,1,01-0001,NULL,NULL
139,02-1085,02-1109,02-0094,02-0094,02-0094,02-0003,0,rabbani,"2024-09-22 10:48:40",Yes,0,NULL,0,0,1,01-0001,NULL,NULL
140,02-1088,02-2853,02-2853,02-2853,02-1606,02-0003,0,rabbani,"2024-09-25 00:00:00",Yes,0,NULL,0,0,0,01-0001,NULL,NULL
141,02-1097,02-1109,02-0094,02-0094,02-0094,02-0003,0,rabbani,"2024-09-22 10:48:42",Yes,0,NULL,0,0,1,01-0001,NULL,NULL
142,02-1109,02-0094,02-0094,02-0094,02-0094,02-0003,0,rabbani,"2024-09-22 10:48:42",Yes,5,NULL,0,1,1,01-0001,NULL,NULL
143,02-1133,02-0951,02-0951,02-0651,02-0402,02-0003,0,rabbani,"2024-09-22 10:48:43",Yes,0,NULL,0,0,1,01-0001,NULL,NULL
144,02-1134,02-0107,02-0107,02-0651,02-0402,02-0003,0,rabbani,"2024-09-22 10:48:44",Yes,0,NULL,0,0,1,01-0001,NULL,NULL
145,02-1135,02-0879,02-0879,02-0651,02-0402,02-0003,0,rabbani,"2024-09-22 10:48:44",Yes,0,NULL,0,0,1,01-0001,NULL,NULL
146,02-1144,02-1420,02-2457,02-2457,02-0402,02-0003,0,rabbani,"2024-09-22 10:48:45",Yes,0,NULL,0,0,0,01-0001,NULL,NULL
147,02-1200,02-0951,02-0951,02-0651,02-0402,02-0003,0,rabbani,"2024-09-22 10:48:45",Yes,0,NULL,0,0,1,01-0001,NULL,NULL
148,02-1154,02-1723,02-1723,02-1723,02-0402,02-0003,0,rabbani,"2024-09-22 10:48:45",Yes,0,NULL,0,0,1,01-0001,NULL,NULL
149,02-1167,02-0951,02-0951,02-0651,02-0402,02-0003,0,rabbani,"2024-09-22 10:48:46",Yes,0,NULL,0,0,1,01-0001,NULL,NULL
150,02-1178,02-2580,02-2580,02-0094,02-0094,02-0003,0,rabbani,"2024-09-22 10:48:46",Yes,0,NULL,0,0,1,01-0001,NULL,NULL
151,02-1185,02-0767,02-0767,02-0094,02-0094,02-0003,0,rabbani,"2024-09-22 10:48:47",Yes,0,NULL,0,1,1,01-0001,NULL,NULL
152,02-1191,02-1109,02-0094,02-0094,02-0094,02-0003,0,rabbani,"2024-09-22 10:48:47",Yes,0,NULL,0,0,1,01-0001,NULL,NULL
153,02-1205,02-1723,02-1723,02-1723,02-0402,02-0003,0,rabbani,"2024-09-22 10:48:47",Yes,0,NULL,0,0,0,01-0001,NULL,NULL
154,02-1206,02-1420,02-2457,02-2457,02-0402,02-0003,0,rabbani,"2024-09-22 10:48:48",Yes,0,NULL,0,0,0,01-0001,NULL,NULL
155,02-1210,02-1420,02-2457,02-2457,02-0402,02-0003,0,rabbani,"2024-09-22 10:48:49",Yes,0,NULL,0,0,0,01-0001,NULL,NULL
156,02-1213,02-1420,02-2457,02-2457,02-0402,02-0003,0,rabbani,"2024-09-22 10:48:49",Yes,0,NULL,0,0,0,01-0001,NULL,NULL
157,02-1232,02-0606,02-0606,02-0606,01-0001,01-0001,0,rabbani,"2024-09-22 10:48:49",Yes,5,NULL,0,1,1,01-0001,NULL,NULL
158,02-1253,02-1338,02-1147,02-1147,02-1147,02-0003,0,rabbani,"2024-09-22 10:48:50",Yes,0,NULL,0,0,1,01-0001,NULL,NULL
159,02-1257,02-0767,02-0767,02-0767,02-0767,02-0003,0,rabbani,"2024-09-22 10:48:50",Yes,0,NULL,0,1,1,01-0001,NULL,NULL
160,02-1258,02-1338,02-1147,02-1147,02-1147,02-0003,0,rabbani,"2024-09-22 10:48:51",Yes,0,NULL,0,1,1,01-0001,NULL,NULL
161,02-1259,02-1147,02-1147,02-1147,02-1147,02-0003,0,rabbani,"2024-09-22 10:48:51",Yes,0,NULL,0,1,1,01-0001,NULL,NULL
162,02-2014,02-0007,02-0007,02-0007,02-0458,02-0003,0,rabbani,"2024-09-22 10:48:52",Yes,0,NULL,0,1,1,01-0001,NULL,NULL
163,02-1480,02-1320,02-1320,02-1320,02-0458,02-0003,0,rabbani,"2024-09-22 10:48:52",Yes,100,NULL,0,1,1,01-0001,NULL,NULL
164,02-1281,02-1420,02-2457,02-2457,02-0402,02-0003,0,rabbani,"2024-09-22 10:48:53",Yes,0,NULL,0,0,0,01-0001,NULL,NULL
165,02-1291,02-0767,02-0767,02-0094,02-0094,02-0003,0,rabbani,"2024-09-22 10:48:53",Yes,0,NULL,0,0,1,01-0001,NULL,NULL
166,02-1307,02-1876,02-1876,02-1876,02-0458,02-0003,0,rabbani,"2024-09-22 10:48:54",Yes,5,NULL,0,1,1,01-0001,NULL,NULL
167,02-1311,02-1996,02-1996,02-1996,02-1606,02-0003,0,rabbani,"2024-09-25 00:00:00",Yes,0,NULL,0,0,1,01-0001,NULL,NULL
168,02-1315,02-1420,02-2457,02-2457,02-0402,02-0003,0,rabbani,"2024-09-22 10:48:55",Yes,0,NULL,0,0,0,01-0001,NULL,NULL
169,02-1322,02-0651,02-0651,02-0651,02-0402,02-0003,0,rabbani,"2024-09-22 10:48:56",Yes,0,NULL,0,0,1,01-0001,NULL,NULL
170,02-1336,02-0606,02-0606,02-0606,01-0001,01-0001,0,rabbani,"2024-09-22 10:48:57",Yes,0,NULL,0,1,1,01-0001,NULL,NULL
171,02-1338,02-1147,02-1147,02-1147,02-1147,02-0003,0,rabbani,"2024-09-22 10:48:57",Yes,5,NULL,0,1,1,01-0001,NULL,NULL
172,02-1365,02-2574,02-2574,02-2574,02-0407,02-0003,0,rabbani,"2024-09-22 10:48:58",Yes,5,NULL,0,1,1,01-0001,NULL,NULL
173,02-1370,02-1420,02-1723,02-1723,02-0402,02-0003,0,rabbani,"2024-09-22 10:48:58",Yes,0,NULL,0,0,0,01-0001,NULL,NULL
174,02-1377,02-0879,02-0879,02-0651,02-0402,02-0003,0,rabbani,"2024-09-22 10:48:59",Yes,0,NULL,0,0,1,01-0001,NULL,NULL
175,02-1381,02-0402,02-0402,02-0402,02-0402,02-0003,0,rabbani,"2024-09-22 10:48:59",Yes,0,NULL,0,1,1,01-0001,NULL,NULL
176,02-1385,02-1338,02-1338,02-1147,02-1147,02-0003,0,rabbani,"2024-09-22 10:49:00",Yes,0,NULL,0,0,1,01-0001,NULL,NULL
177,02-1404,02-1517,02-1517,02-1517,02-0009,02-0003,0,rabbani,"2024-09-26 00:00:00",Yes,0,NULL,0,1,1,01-0001,NULL,NULL
178,02-1409,02-0458,02-0458,02-0458,02-0458,02-0003,0,rabbani,"2024-09-22 10:49:01",Yes,100,NULL,0,1,1,01-0001,NULL,NULL
179,02-1420,02-1723,02-1723,02-1723,02-0402,02-0003,0,rabbani,"2024-09-22 10:49:01",Yes,0,NULL,0,1,1,01-0001,NULL,NULL
180,02-1432,02-1723,02-1723,02-1723,02-0402,02-0003,0,rabbani,"2024-09-22 10:49:02",Yes,0,NULL,0,0,0,01-0001,NULL,NULL
181,02-1454,02-0003,02-0003,02-0003,02-0003,02-0003,0,rabbani,"2024-09-22 10:49:02",Yes,100,NULL,0,0,1,01-0001,NULL,NULL
182,02-1468,02-1338,02-1338,02-1147,02-1147,02-0003,0,rabbani,"2024-09-22 10:49:03",Yes,0,NULL,0,1,1,01-0001,NULL,NULL
183,02-1470,02-2853,02-2853,02-2853,02-1606,02-0003,0,rabbani,"2024-09-25 00:00:00",Yes,0,NULL,0,0,0,01-0001,NULL,NULL
184,02-1472,02-1147,02-1147,02-1147,02-1147,02-0003,0,rabbani,"2024-09-22 10:49:04",Yes,0,NULL,0,1,1,01-0001,NULL,NULL
185,02-1475,02-1109,02-0094,02-0094,02-0094,02-0003,0,rabbani,"2024-09-22 10:49:04",Yes,0,NULL,0,0,1,01-0001,NULL,NULL
186,02-1477,02-1185,02-0767,02-0094,02-0094,02-0003,0,rabbani,"2024-09-22 10:49:05",Yes,0,NULL,0,0,1,01-0001,NULL,NULL
187,02-1478,02-0767,02-0767,02-0094,02-0094,02-0003,0,rabbani,"2024-09-22 10:49:05",Yes,0,NULL,0,0,1,01-0001,NULL,NULL
188,02-1485,02-1968,02-1968,02-0651,02-0402,02-0003,0,rabbani,"2024-09-22 10:49:06",Yes,0,NULL,0,0,1,01-0001,NULL,NULL
189,02-1487,02-0399,02-0767,02-0094,02-0094,02-0003,0,rabbani,"2024-09-22 10:49:06",Yes,0,NULL,0,0,1,01-0001,NULL,NULL
190,02-1500,02-0800,02-0800,02-0800,02-1606,02-0003,0,rabbani,"2024-09-25 00:00:00",Yes,5,NULL,0,1,1,01-0001,NULL,NULL
191,02-1506,02-0767,02-0767,02-0767,02-0767,02-0003,0,rabbani,"2024-09-22 10:49:07",Yes,0,NULL,0,1,1,01-0001,NULL,NULL
192,02-1510,02-1338,02-1338,02-1147,02-1147,02-0003,0,rabbani,"2024-09-22 10:49:07",Yes,0,NULL,0,0,1,01-0001,NULL,NULL
193,02-1517,02-0009,02-0009,02-0009,02-0009,02-0003,0,rabbani,"2024-09-22 10:49:08",Yes,5,NULL,0,1,1,01-0001,NULL,NULL
194,02-1633,02-1185,02-0767,02-0094,02-0094,02-0003,0,rabbani,"2024-09-22 10:49:08",Yes,0,NULL,0,0,1,01-0001,NULL,NULL
195,02-1529,02-1420,02-2457,02-2457,02-0402,02-0003,0,rabbani,"2024-09-22 10:49:09",Yes,0,NULL,0,0,0,01-0001,NULL,NULL
196,02-1536,02-0745,02-0745,02-1876,02-0458,02-0003,0,rabbani,"2024-09-22 10:49:09",Yes,0,NULL,0,1,1,01-0001,NULL,NULL
197,02-1551,02-1420,02-2457,02-2457,02-0402,02-0003,0,rabbani,"2024-09-22 10:49:10",Yes,0,NULL,0,0,0,01-0001,NULL,NULL
198,02-1552,02-1420,02-2457,02-2457,02-0402,02-0003,0,rabbani,"2024-09-22 10:49:10",Yes,0,NULL,0,0,0,01-0001,NULL,NULL
199,02-1557,02-1338,02-1338,02-1147,02-1147,02-0003,0,rabbani,"2024-09-22 10:49:11",Yes,0,NULL,0,0,1,01-0001,NULL,NULL
200,02-1574,02-0346,02-1109,02-0094,02-0094,02-0003,0,rabbani,"2024-09-22 10:49:11",No,0,NULL,0,0,0,01-0001,NULL,NULL
201,02-1096,02-1723,02-1723,02-1723,02-0402,02-0003,0,rabbani,"2024-09-22 10:49:12",Yes,0,NULL,0,0,0,01-0001,NULL,NULL
202,02-1535,02-0471,02-0471,02-1071,02-2004,02-0003,0,rabbani,"2024-09-22 10:49:12",Yes,0,NULL,0,0,1,01-0001,NULL,NULL
203,02-1583,02-1454,02-1454,02-1454,02-1454,02-0003,0,rabbani,"2024-09-22 10:49:13",Yes,0,NULL,0,1,1,01-0001,NULL,NULL
204,02-1588,02-1420,02-2457,02-2457,02-0402,02-0003,0,rabbani,"2024-09-22 10:49:13",Yes,0,NULL,0,0,0,01-0001,NULL,NULL
205,02-1606,02-2332,02-2332,02-2332,02-2332,02-0003,0,rabbani,"2024-09-22 10:49:13",Yes,100,NULL,0,0,1,01-0001,NULL,NULL
206,02-1609,02-1935,02-1627,02-1627,02-1998,02-0003,0,rabbani,"2024-09-22 10:49:14",Yes,0,NULL,0,1,1,01-0001,NULL,NULL
207,02-1610,02-1420,02-2457,02-2457,02-0402,02-0003,0,rabbani,"2024-09-22 10:49:14",Yes,0,NULL,0,0,0,01-0001,NULL,NULL
208,02-1620,02-2502,02-2502,02-2502,02-2502,02-0003,0,rabbani,"2024-09-22 10:49:14",No,5,NULL,0,0,0,01-0001,NULL,NULL
209,02-1619,02-1109,02-0094,02-0094,02-0094,02-0003,0,rabbani,"2024-09-22 10:49:15",Yes,0,NULL,0,0,1,01-0001,NULL,NULL
210,02-1625,02-0330,02-0330,02-1876,02-0458,02-0003,0,rabbani,"2024-09-22 10:49:15",Yes,0,NULL,0,1,1,01-0001,NULL,NULL
211,02-1626,02-1454,02-1454,02-1454,02-1454,02-0003,1,rabbani,"2024-09-22 10:49:16",Yes,100,NULL,0,1,1,01-0001,NULL,NULL
212,02-1627,02-1998,02-1998,02-1998,02-1998,02-0003,0,rabbani,"2024-09-22 10:49:16",Yes,100,NULL,0,1,1,01-0001,NULL,NULL
213,02-1628,02-1420,02-0820,02-0820,02-0402,02-0003,0,rabbani,"2024-09-22 10:49:17",Yes,0,NULL,0,0,0,01-0001,NULL,NULL
214,02-1642,02-0407,02-0407,02-0407,02-0407,02-0003,0,rabbani,"2024-09-22 10:49:17",Yes,5,NULL,0,1,1,01-0001,NULL,NULL
215,02-1644,02-0846,02-0846,02-0846,02-2004,02-0003,0,rabbani,"2024-09-22 10:49:18",Yes,0,NULL,0,1,1,01-0001,NULL,NULL
216,02-1645,02-0009,02-0009,02-0009,02-0009,02-0003,0,rabbani,"2024-09-22 10:49:18",Yes,0,NULL,0,1,1,01-0001,NULL,NULL
217,02-1651,02-1109,02-0094,02-0094,02-0094,02-0003,0,rabbani,"2024-09-22 10:49:19",Yes,0,NULL,0,0,1,01-0001,NULL,NULL
218,02-1659,02-1420,02-2457,02-2457,02-0402,02-0003,0,rabbani,"2024-09-22 10:49:19",Yes,0,NULL,0,0,0,01-0001,NULL,NULL
219,02-1663,02-1801,02-1801,02-1801,02-1998,02-0003,0,rabbani,"2024-09-22 10:49:20",Yes,5,NULL,0,1,1,01-0001,NULL,NULL
220,02-1673,02-1147,02-1147,02-1147,02-1147,02-0003,0,rabbani,"2024-09-22 10:49:20",Yes,0,NULL,0,1,1,01-0001,NULL,NULL
221,02-1675,02-0767,02-0767,02-0767,02-0767,02-0003,0,rabbani,"2024-09-22 10:49:20",Yes,0,NULL,0,1,1,01-0001,NULL,NULL
222,02-1676,02-1838,02-1838,02-1838,02-0994,02-0003,0,rabbani,"2024-09-22 10:49:21",No,5,NULL,0,0,0,01-0001,NULL,NULL
223,02-1723,02-0402,02-0402,02-0402,02-0402,02-0003,0,rabbani,"2024-09-22 10:49:22",Yes,5,NULL,0,1,1,01-0001,NULL,NULL
224,02-1680,02-1420,02-2457,02-2457,02-0402,02-0003,0,rabbani,"2024-09-22 10:49:22",Yes,0,NULL,0,0,0,01-0001,NULL,NULL
225,02-1682,02-2332,02-2332,02-2332,02-2332,02-0003,0,rabbani,"2024-09-22 10:49:23",Yes,5,NULL,0,1,1,01-0001,NULL,NULL
226,02-1692,02-1420,02-2457,02-2457,02-0402,02-0003,0,rabbani,"2024-09-22 10:49:23",Yes,0,NULL,0,0,0,01-0001,NULL,NULL
227,02-1690,02-1420,02-2457,02-2457,02-0402,02-0003,0,rabbani,"2024-09-22 10:49:24",Yes,0,NULL,0,0,0,01-0001,NULL,NULL
228,02-1695,02-2556,02-2556,02-1801,02-1998,02-0003,0,rabbani,"2024-09-22 10:49:25",Yes,0,NULL,0,1,0,01-0001,NULL,NULL
229,02-1698,02-2652,02-2652,02-1801,02-1998,02-0003,0,rabbani,"2024-09-22 10:49:25",Yes,0,NULL,0,1,1,01-0001,NULL,NULL
230,02-1702,02-1893,02-1893,02-1893,02-2004,02-0003,0,rabbani,"2024-09-22 10:49:26",Yes,0,NULL,0,1,1,01-0001,NULL,NULL
231,02-1714,02-1420,02-2457,02-2457,02-0402,02-0003,0,rabbani,"2024-09-22 10:49:27",Yes,0,NULL,0,0,0,01-0001,NULL,NULL
232,02-1708,02-1838,02-1838,02-1838,02-2332,02-0003,0,rabbani,"2024-09-22 10:49:27",Yes,0,NULL,0,1,1,01-0001,NULL,NULL
233,02-1711,02-0245,02-0245,02-1801,02-1998,02-0003,0,rabbani,"2024-09-22 10:49:28",Yes,0,NULL,0,0,0,01-0001,NULL,NULL
234,02-1715,02-0107,02-0107,02-0651,02-0402,02-0003,0,rabbani,"2024-09-22 10:49:29",Yes,0,NULL,0,0,1,01-0001,NULL,NULL
235,02-1720,02-2556,02-2556,02-1801,02-1998,02-0003,0,rabbani,"2024-09-22 10:49:29",Yes,0,NULL,0,0,0,01-0001,NULL,NULL
236,02-1721,02-2652,02-2652,02-1801,02-1998,02-0003,0,rabbani,"2024-09-22 10:49:30",Yes,0,NULL,0,1,0,01-0001,NULL,NULL
237,02-1722,02-0847,02-0847,02-0847,01-0001,01-0001,0,rabbani,"2024-09-22 10:49:30",Yes,5,NULL,0,1,0,01-0001,NULL,NULL
238,02-1726,02-0009,02-0009,02-0009,02-0009,02-0003,0,rabbani,"2024-09-22 10:49:31",Yes,0,NULL,0,1,1,01-0001,NULL,NULL
239,02-1733,02-0651,02-0651,02-0651,02-0402,02-0003,0,rabbani,"2024-09-22 10:49:31",Yes,0,NULL,0,0,1,01-0001,NULL,NULL
240,02-1734,02-0892,02-0892,02-0393,02-0994,02-0003,0,rabbani,"2024-09-22 10:49:32",Yes,0,NULL,0,1,0,01-0001,NULL,NULL
241,02-1738,02-0009,02-0009,02-0009,02-0009,02-0003,0,rabbani,"2024-09-22 10:49:32",Yes,5,NULL,0,1,1,01-0001,NULL,NULL
242,02-1740,02-2652,02-2652,02-1801,02-1998,02-0003,0,rabbani,"2024-09-22 10:49:33",Yes,0,NULL,0,1,0,01-0001,NULL,NULL
243,02-1751,02-1663,02-1663,02-1801,02-1998,02-0003,0,rabbani,"2024-09-22 10:49:33",Yes,0,NULL,0,1,1,01-0001,NULL,NULL
244,02-1765,02-0402,02-0402,02-0402,02-0402,02-0003,0,rabbani,"2024-09-22 10:49:34",Yes,0,NULL,0,1,1,01-0001,NULL,NULL
245,02-1764,02-1185,02-0767,02-0094,02-0094,02-0003,0,rabbani,"2024-09-22 10:49:34",Yes,0,NULL,0,0,1,01-0001,NULL,NULL
246,02-1767,02-1420,02-2457,02-2457,02-0402,02-0003,0,rabbani,"2024-09-22 10:49:34",Yes,0,NULL,0,0,0,01-0001,NULL,NULL
247,02-1771,02-0245,02-0245,02-1801,02-1998,02-0003,0,rabbani,"2024-09-22 10:49:35",Yes,0,NULL,0,1,0,01-0001,NULL,NULL
248,02-1838,02-2332,02-2332,02-2332,02-2332,02-0003,0,rabbani,"2024-09-22 10:49:35",Yes,100,NULL,0,1,1,01-0001,NULL,NULL
249,02-2297,02-2014,02-2014,02-0007,02-0458,02-0003,0,rabbani,"2024-09-22 10:49:35",Yes,0,NULL,0,1,1,01-0001,NULL,NULL
250,02-1774,02-1723,02-1723,02-1723,02-0402,02-0003,0,rabbani,"2024-09-22 10:49:36",Yes,0,NULL,0,1,1,01-0001,NULL,NULL
251,02-2448,02-1420,02-1420,02-2457,02-0402,02-0003,0,rabbani,"2024-09-22 10:49:36",Yes,0,NULL,0,0,0,01-0001,NULL,NULL
252,02-1816,02-2836,02-2836,02-2836,02-2332,02-0003,0,rabbani,"2024-09-22 10:49:37",Yes,5,NULL,0,1,1,01-0001,NULL,NULL
253,02-2205,02-1109,02-0094,02-0094,02-0094,02-0003,0,rabbani,"2024-09-22 10:49:37",Yes,0,NULL,0,0,1,01-0001,NULL,NULL
254,02-2489,02-0166,02-0166,02-0166,02-0458,02-0003,0,rabbani,"2024-09-22 10:49:37",Yes,0,NULL,1,1,1,01-0001,NULL,NULL
255,02-2078,02-0879,02-0879,02-0651,02-0402,02-0003,0,rabbani,"2024-09-22 10:49:38",Yes,0,NULL,0,0,1,01-0001,NULL,NULL
256,02-2426,02-2332,02-2332,02-2332,02-2332,02-0003,0,rabbani,"2024-09-22 10:49:38",Yes,100,NULL,0,1,1,01-0001,NULL,NULL
257,02-2267,02-0074,02-0074,02-0086,02-1409,02-0003,0,rasif,"2024-09-24 00:00:00",Yes,0,NULL,0,0,1,01-0001,NULL,NULL
258,02-2173,02-2429,02-2429,02-1454,02-1454,02-0003,0,rabbani,"2024-09-22 10:49:39",Yes,0,NULL,0,1,1,01-0001,NULL,NULL
259,02-1893,02-2004,02-2004,02-2004,02-2004,02-0003,0,rabbani,"2024-09-22 10:49:39",Yes,5,NULL,0,1,1,01-0001,NULL,NULL
260,02-2063,02-1109,02-0094,02-0094,02-0094,02-0003,0,rabbani,"2024-09-22 10:49:39",Yes,0,NULL,0,0,1,01-0001,NULL,NULL
261,02-1883,02-1420,02-2457,02-2457,02-0402,02-0003,0,rabbani,"2024-09-22 10:49:39",Yes,0,NULL,0,0,0,01-0001,NULL,NULL
262,02-2436,02-1420,02-1420,02-2457,02-0402,02-0003,0,rabbani,"2024-09-22 10:49:40",Yes,0,NULL,0,0,0,01-0001,NULL,NULL
263,02-1836,02-2556,02-2556,02-1801,02-1998,02-0003,0,rabbani,"2024-09-22 10:49:40",Yes,0,NULL,0,1,0,01-0001,NULL,NULL
264,02-2430,02-0009,02-0009,02-0009,02-0009,02-0003,0,rabbani,"2024-09-22 10:49:40",Yes,5,NULL,1,1,1,01-0001,NULL,NULL
265,02-2165,02-1723,02-1723,02-1723,02-0402,02-0003,0,rabbani,"2024-09-22 10:49:41",Yes,0,NULL,0,1,1,01-0001,NULL,NULL
266,02-2054,02-0868,02-0868,02-1480,02-0458,02-0003,0,rabbani,"2024-09-29 00:00:00",Yes,0,NULL,0,1,1,01-0001,NULL,NULL
267,02-2058,02-1023,02-1023,02-1480,02-0458,02-0003,0,rabbani,"2024-09-29 00:00:00",Yes,0,NULL,0,1,1,01-0001,NULL,NULL
268,02-1935,02-1627,02-1627,02-1627,02-1998,02-0003,0,rabbani,"2024-09-22 10:49:42",Yes,5,NULL,0,1,1,01-0001,NULL,NULL
269,02-2199,02-0745,02-0745,02-1876,02-0458,02-0003,0,rabbani,"2024-09-29 00:00:00",Yes,0,NULL,0,1,1,01-0001,NULL,NULL
270,02-2092,02-1420,02-1420,02-2457,02-0402,02-0003,0,rabbani,"2024-09-22 10:49:42",Yes,0,NULL,0,0,0,01-0001,NULL,NULL
271,02-2218,02-0074,02-0074,02-0086,02-0458,02-0003,0,rasif,"2024-09-24 00:00:00",Yes,0,NULL,0,0,1,01-0001,NULL,NULL
272,02-2356,01-0001,01-0001,01-0001,01-0001,01-0001,0,rabbani,"2024-09-22 10:49:42",Yes,100,NULL,1,1,1,01-0001,NULL,NULL
273,02-2388,02-1420,02-2457,02-2457,02-0402,02-0003,0,rabbani,"2024-09-22 10:49:43",Yes,0,NULL,0,0,0,01-0001,NULL,NULL
274,02-1840,02-0800,02-0800,02-0800,02-1606,02-0003,0,rabbani,"2024-09-25 00:00:00",Yes,0,NULL,0,1,1,01-0001,NULL,NULL
275,02-2184,02-0498,02-0498,02-0393,02-0994,02-0003,0,rabbani,"2024-09-22 10:49:43",Yes,0,NULL,0,0,0,01-0001,NULL,NULL
276,02-2539,02-1420,02-1420,02-2457,02-0402,02-0003,0,rabbani,"2024-09-22 10:49:43",Yes,0,NULL,0,0,0,01-0001,NULL,NULL
277,02-2261,02-2141,02-2141,02-0086,02-1409,02-0003,0,rasif,"2024-09-24 00:00:00",Yes,0,NULL,0,0,1,01-0001,NULL,NULL
278,02-1900,02-1338,02-1338,02-1147,02-1147,02-0003,0,rabbani,"2024-09-22 10:49:44",Yes,0,NULL,0,0,1,01-0001,NULL,NULL
279,02-1872,02-2179,02-1019,02-1876,02-0458,02-0003,0,rabbani,"2024-09-22 10:49:44",Yes,0,NULL,0,1,1,01-0001,NULL,NULL
280,02-1775,02-1723,02-1723,02-1723,02-0402,02-0003,0,rabbani,"2024-09-22 10:49:44",Yes,0,NULL,0,1,1,01-0001,NULL,NULL
281,02-1855,02-2406,02-2406,02-1642,02-2574,02-0003,0,rabbani,"2024-09-22 10:49:44",Yes,0,NULL,0,1,1,01-0001,NULL,NULL
282,02-1824,02-0800,02-0800,02-0800,02-1606,02-0003,0,rabbani,"2024-09-25 00:00:00",Yes,0,NULL,0,1,1,01-0001,NULL,NULL
283,02-1788,02-2556,02-2556,02-1801,02-1998,02-0003,0,rabbani,"2024-09-22 10:49:45",Yes,0,NULL,0,0,0,01-0001,NULL,NULL
284,02-1794,02-0334,02-0334,02-1801,02-1998,02-0003,0,saddam,"2024-09-29 00:00:00",Yes,0,NULL,0,0,1,01-0001,NULL,NULL
285,02-1801,02-1998,02-1998,02-1998,02-1998,02-0003,0,rabbani,"2024-09-22 10:49:45",Yes,5,NULL,0,1,1,01-0001,NULL,NULL
286,02-1839,02-2556,02-2556,02-1801,02-1998,02-0003,0,rabbani,"2024-09-22 10:49:45",Yes,0,NULL,0,1,0,01-0001,NULL,NULL
287,02-1841,02-1801,02-1801,02-1801,02-1998,02-0003,0,rabbani,"2024-09-22 10:49:45",Yes,5,NULL,0,1,1,01-0001,NULL,NULL
288,02-1804,02-0800,02-0800,02-0800,02-1606,02-0003,0,rabbani,"2024-09-25 00:00:00",Yes,0,NULL,0,1,1,01-0001,NULL,NULL
289,02-1854,02-2556,02-2556,02-1801,02-1998,02-0003,0,rabbani,"2024-09-22 10:49:46",Yes,0,NULL,0,1,0,01-0001,NULL,NULL
290,02-1863,02-0334,02-0334,02-1801,02-1998,02-0003,0,rabbani,"2024-09-22 10:49:46",Yes,0,NULL,0,1,1,01-0001,NULL,NULL
291,02-1878,02-0800,02-0800,02-0800,02-1606,02-0003,0,rabbani,"2024-09-22 10:49:46",No,0,NULL,0,0,0,01-0001,NULL,NULL
292,02-1877,02-2556,02-2556,02-1801,02-1998,02-0003,0,rabbani,"2024-09-22 10:49:46",Yes,0,NULL,0,1,0,01-0001,NULL,NULL
293,02-1881,02-1420,02-0820,02-0820,02-0402,02-0003,0,rabbani,"2024-09-22 10:49:47",Yes,0,NULL,0,0,0,01-0001,NULL,NULL
294,02-1890,02-0245,02-0245,02-1801,02-1998,02-0003,0,rabbani,"2024-09-22 10:49:47",Yes,0,NULL,0,0,0,01-0001,NULL,NULL
295,02-1897,02-2556,02-2556,02-1801,02-1998,02-0003,0,rabbani,"2024-09-22 10:49:47",Yes,0,NULL,0,1,0,01-0001,NULL,NULL
296,02-2494,02-1723,02-1723,02-1723,02-0402,02-0003,0,rabbani,"2024-09-22 10:49:47",Yes,0,NULL,1,1,1,01-0001,NULL,NULL
297,02-1902,02-0627,02-0627,02-1876,02-0458,02-0003,0,rabbani,"2024-09-22 10:49:47",Yes,0,NULL,0,1,1,01-0001,NULL,NULL
298,02-1910,02-1420,02-2457,02-2457,02-0402,02-0003,0,rabbani,"2024-09-22 10:49:48",Yes,0,NULL,0,0,0,01-0001,NULL,NULL
299,02-1911,02-0437,02-0437,02-0437,02-2004,02-0003,0,rabbani,"2024-09-22 10:49:48",Yes,0,NULL,0,1,1,01-0001,NULL,NULL
300,02-1934,02-1642,02-1642,02-1642,02-0407,02-0003,0,rabbani,"2024-09-22 10:49:48",Yes,0,NULL,0,1,1,01-0001,NULL,NULL
301,02-1938,02-1627,02-1627,02-1627,02-1998,02-0003,0,rabbani,"2024-09-22 10:49:48",Yes,0,NULL,0,1,1,01-0001,NULL,NULL
302,02-1947,02-1454,02-1454,02-1454,02-1454,02-0003,0,rabbani,"2024-09-22 10:49:48",No,5,NULL,0,0,0,01-0001,NULL,NULL
303,02-1955,02-2556,02-2556,02-1801,02-1998,02-0003,0,rabbani,"2024-09-22 10:49:49",Yes,0,NULL,0,0,0,01-0001,NULL,NULL
304,02-2080,02-0892,02-0892,02-0393,02-0994,02-0003,0,rabbani,"2024-09-22 10:49:49",Yes,0,NULL,0,0,0,01-0001,NULL,NULL
305,02-1965,02-0208,02-0208,02-1876,02-0458,02-0003,0,rabbani,"2024-09-22 10:49:49",Yes,0,NULL,0,1,1,01-0001,NULL,NULL
306,02-2254,02-1338,02-1338,02-1147,02-1147,02-0003,0,rabbani,"2024-09-22 10:49:49",Yes,0,NULL,0,1,1,01-0001,NULL,NULL
307,02-1968,02-0651,02-0651,02-0651,02-0402,02-0003,0,rabbani,"2024-09-22 10:49:49",Yes,0,NULL,0,1,1,01-0001,NULL,NULL
308,02-2419,02-1420,02-1420,02-2457,02-0402,02-0003,0,rabbani,"2024-09-22 10:49:50",Yes,0,NULL,0,0,0,01-0001,NULL,NULL
309,02-2425,02-2332,02-2332,02-2332,02-2332,02-0003,0,rabbani,"2024-09-22 10:49:50",Yes,0,NULL,1,1,1,01-0001,NULL,NULL
310,02-1969,02-0892,02-0892,02-0393,02-0994,02-0003,0,rabbani,"2024-09-22 10:49:50",No,0,NULL,0,0,0,01-0001,NULL,NULL
311,02-1972,02-2652,02-2652,02-1801,02-1998,02-0003,0,rabbani,"2024-09-22 10:49:50",Yes,0,NULL,0,1,0,01-0001,NULL,NULL
312,02-2275,02-0046,02-0046,02-1480,02-1320,02-0003,0,rabbani,"2024-09-29 00:00:00",Yes,0,NULL,0,1,1,01-0001,NULL,NULL
313,02-1991,02-2801,02-2801,02-2801,02-0407,02-0003,0,rabbani,"2024-09-22 10:49:51",Yes,0,NULL,0,1,1,01-0001,NULL,NULL
314,02-2264,02-0651,02-0651,02-0651,02-0402,02-0003,0,rabbani,"2024-09-22 10:49:51",Yes,0,NULL,0,0,1,01-0001,NULL,NULL
315,02-2451,02-0437,02-0437,02-0437,02-2004,02-0003,0,rabbani,"2024-09-22 10:49:51",Yes,0,NULL,1,1,1,01-0001,NULL,NULL
316,02-1994,02-0471,02-0471,02-1071,02-2004,02-0003,0,rabbani,"2024-09-22 10:49:52",Yes,0,NULL,0,0,1,01-0001,NULL,NULL
317,02-1996,02-2853,02-2853,02-2853,02-1606,02-0003,0,rabbani,"2024-09-25 00:00:00",Yes,5,NULL,0,1,1,01-0001,NULL,NULL
318,02-1998,02-0003,02-0003,02-0003,02-0003,01-0001,0,rabbani,"2024-09-22 10:49:53",Yes,100,NULL,0,0,1,01-0001,NULL,NULL
319,02-2002,02-0437,02-0437,02-0437,02-2004,02-0003,0,rabbani,"2024-09-22 10:49:53",Yes,0,NULL,0,1,1,01-0001,NULL,NULL
320,02-2171,02-1420,02-1420,02-2457,02-0402,02-0003,0,rabbani,"2024-09-22 10:49:54",Yes,0,NULL,0,0,0,01-0001,NULL,NULL
321,02-2004,02-2332,02-2332,02-2332,02-2332,02-0003,0,rabbani,"2024-09-22 10:49:54",Yes,100,NULL,0,0,1,01-0001,NULL,NULL
322,02-2008,02-1841,02-1841,02-1801,02-1998,02-0003,0,rabbani,"2024-09-22 10:49:55",Yes,0,NULL,0,1,1,01-0001,NULL,NULL
323,02-2011,02-0892,02-0892,02-0393,02-0994,02-0003,0,rabbani,"2024-09-22 10:49:55",Yes,0,NULL,0,0,0,01-0001,NULL,NULL
324,02-2017,01-0001,01-0001,01-0001,01-0001,01-0001,0,rabbani,"2024-09-22 10:49:55",Yes,100,NULL,0,1,1,01-0001,NULL,NULL
325,02-2025,02-0846,02-0846,02-0846,02-2004,02-0003,0,rabbani,"2024-09-22 10:49:55",Yes,0,NULL,0,1,1,01-0001,NULL,NULL
326,02-2024,02-1420,02-1420,02-0820,02-0402,02-0003,0,rabbani,"2024-09-22 10:49:56",Yes,0,NULL,0,0,0,01-0001,NULL,NULL
327,02-2517,02-1841,02-1841,02-1801,02-1998,02-0003,0,rasif,"2024-09-24 00:00:00",Yes,0,NULL,1,1,1,01-0001,NULL,NULL
328,02-2030,02-1968,02-1968,02-0651,02-0402,02-0003,0,rabbani,"2024-09-22 10:49:56",Yes,0,NULL,0,0,1,01-0001,NULL,NULL
329,02-2031,02-1968,02-1968,02-0651,02-0402,02-0003,0,rabbani,"2024-09-22 10:49:56",Yes,0,NULL,0,0,1,01-0001,NULL,NULL
330,02-2037,02-0651,02-0651,02-0651,02-0402,02-0003,0,rabbani,"2024-09-22 10:49:56",Yes,0,NULL,0,0,1,01-0001,NULL,NULL
331,02-2038,02-2853,02-2853,02-2853,02-1606,02-0003,0,rabbani,"2024-09-25 00:00:00",Yes,0,NULL,0,0,1,01-0001,NULL,NULL
332,02-2041,02-1876,02-1876,02-1876,02-0458,02-0003,0,rabbani,"2024-09-22 10:49:57",Yes,0,NULL,0,1,1,01-0001,NULL,NULL
333,02-2042,02-0745,02-0745,02-1876,02-0458,02-0003,0,rabbani,"2024-09-29 00:00:00",Yes,0,NULL,0,1,1,01-0001,NULL,NULL
334,02-2043,02-0627,02-0627,02-1876,02-0458,02-0003,0,rabbani,"2024-09-29 00:00:00",Yes,0,NULL,0,1,1,01-0001,NULL,NULL
335,02-2411,02-1420,02-0820,02-0820,02-0402,02-0003,0,rabbani,"2024-09-22 10:49:57",Yes,0,NULL,0,0,0,01-0001,NULL,NULL
336,02-2049,02-0651,02-0651,02-0651,02-0402,02-0003,0,rabbani,"2024-09-22 10:49:58",Yes,0,NULL,0,0,1,01-0001,NULL,NULL
337,02-2051,02-1627,02-1627,02-1627,02-0994,02-0003,0,rabbani,"2024-09-22 10:49:58",Yes,5,NULL,0,1,1,01-0001,NULL,NULL
338,02-2056,02-2588,02-2588,02-2588,02-2588,01-0001,0,rabbani,"2024-09-29 00:00:00",Yes,0,NULL,0,1,1,01-0001,NULL,NULL
339,02-2435,02-1174,02-1174,02-1876,02-0458,02-0003,0,rabbani,"2024-09-29 00:00:00",Yes,0,NULL,1,1,1,01-0001,NULL,NULL
340,02-2059,02-0854,02-0854,02-1480,02-0458,02-0003,0,rabbani,"2024-09-29 00:00:00",Yes,0,NULL,0,1,1,01-0001,NULL,NULL
341,02-2449,02-2801,02-2801,02-2801,02-0407,02-0003,0,rabbani,"2024-09-22 10:49:59",Yes,5,NULL,1,1,1,01-0001,NULL,NULL
342,02-2276,02-0627,02-0627,02-1876,02-0458,02-0003,0,rabbani,"2024-09-29 00:00:00",Yes,0,NULL,0,1,1,01-0001,NULL,NULL
343,02-2064,02-1109,02-0094,02-0094,02-0094,02-0003,0,rabbani,"2024-09-22 10:49:59",Yes,0,NULL,0,0,1,01-0001,NULL,NULL
344,02-2549,02-0086,02-0086,02-0086,02-1409,02-0003,0,rabbani,"2024-09-22 10:49:59",Yes,0,NULL,0,0,0,01-0001,NULL,NULL
345,02-2070,02-2835,02-2835,02-2835,02-1606,02-0003,0,rabbani,"2024-09-25 00:00:00",Yes,0,NULL,0,1,1,01-0001,NULL,NULL
346,02-2496,02-1109,02-0094,02-0094,02-0094,02-0003,0,rabbani,"2024-09-22 10:50:00",Yes,0,NULL,1,1,1,01-0001,NULL,NULL
347,02-2527,02-1420,02-1420,02-2457,02-0402,02-0003,0,rabbani,"2024-09-22 10:50:00",Yes,0,NULL,0,0,0,01-0001,NULL,NULL
348,02-2075,02-2830,02-2830,02-2830,02-0407,02-0003,0,rabbani,"2024-09-22 10:50:00",Yes,5,NULL,0,1,1,01-0001,NULL,NULL
349,02-2076,02-1420,02-1420,02-2457,02-0402,02-0003,0,rabbani,"2024-09-22 10:50:00",Yes,0,NULL,0,0,0,01-0001,NULL,NULL
350,02-2079,02-0879,02-0879,02-0651,02-0402,02-0003,0,rabbani,"2024-09-22 10:50:00",Yes,0,NULL,0,0,1,01-0001,NULL,NULL
351,02-2082,02-0470,02-0470,02-1071,02-2004,02-0003,0,rabbani,"2024-09-22 10:50:01",Yes,0,NULL,0,1,1,01-0001,NULL,NULL
352,02-2088,02-1147,02-1147,02-1147,02-1147,02-0003,0,rabbani,"2024-09-22 10:50:01",Yes,0,NULL,0,1,1,01-0001,NULL,NULL
353,02-2429,02-2787,02-2787,02-2787,02-2787,02-0003,0,rabbani,"2024-09-22 10:50:01",Yes,5,NULL,1,1,1,01-0001,NULL,NULL
354,02-2084,02-0016,02-0016,02-0016,02-0016,02-0003,0,rabbani,"2024-09-22 10:50:02",Yes,0,NULL,0,1,1,01-0001,NULL,NULL
355,02-2087,02-2429,02-2429,02-2787,02-2787,02-0003,0,rabbani,"2024-09-22 10:50:02",Yes,0,NULL,0,1,1,01-0001,NULL,NULL
356,02-2217,02-1109,02-0094,02-0094,02-0094,02-0003,0,rabbani,"2024-09-22 10:50:02",Yes,0,NULL,0,0,1,01-0001,NULL,NULL
357,02-2089,02-1420,02-1420,02-2457,02-0402,02-0003,0,rabbani,"2024-09-22 10:50:03",Yes,0,NULL,0,0,0,01-0001,NULL,NULL
358,02-2216,02-2141,02-2141,02-0086,02-0458,02-0003,0,rabbani,"2024-09-22 10:50:03",Yes,0,NULL,0,1,1,01-0001,NULL,NULL
359,02-2103,02-2835,02-2835,02-2835,02-1606,02-0003,0,rabbani,"2024-09-25 00:00:00",Yes,5,NULL,0,1,1,01-0001,NULL,NULL
360,02-2415,02-2618,02-2618,02-2618,02-2332,02-0003,0,rabbani,"2024-09-29 00:00:00",Yes,0,NULL,1,1,1,01-0001,NULL,NULL
361,02-2141,02-0086,02-0086,02-0086,02-0458,02-0003,0,rabbani,"2024-09-22 10:50:04",Yes,5,NULL,0,1,1,01-0001,NULL,NULL
362,02-2106,02-2597,02-2597,02-1037,02-0458,02-0003,0,rabbani,"2024-09-22 10:50:04",Yes,0,NULL,0,1,1,01-0001,NULL,NULL
363,02-2111,01-0001,01-0001,01-0001,01-0001,01-0001,0,rabbani,"2024-09-22 10:50:04",Yes,5,NULL,0,1,1,01-0001,NULL,NULL
364,02-2115,02-1420,02-1420,02-2457,02-0402,02-0003,0,rabbani,"2024-09-22 10:50:04",Yes,0,NULL,0,0,0,01-0001,NULL,NULL
365,02-2107,02-1109,02-0094,02-0094,02-0094,02-0003,0,rabbani,"2024-09-22 10:50:05",Yes,0,NULL,0,0,1,01-0001,NULL,NULL
366,02-2236,02-2142,02-2142,02-0086,02-0323,02-0003,0,rabbani,"2024-09-22 10:50:05",No,0,NULL,0,0,0,01-0001,NULL,NULL
367,02-2108,02-2169,02-2169,02-0094,02-0094,02-0003,0,rabbani,"2024-09-22 10:50:05",Yes,0,NULL,0,0,1,01-0001,NULL,NULL
368,02-2109,02-1109,02-0094,02-0094,02-0094,02-0003,0,rabbani,"2024-09-22 10:50:05",Yes,0,NULL,0,0,1,01-0001,NULL,NULL
369,02-2121,02-0399,02-0767,02-0094,02-0094,02-0003,0,rabbani,"2024-09-22 10:50:06",Yes,0,NULL,0,0,1,01-0001,NULL,NULL
370,02-2128,02-2141,02-2141,02-0086,02-0458,02-0003,0,rabbani,"2024-09-22 10:50:06",Yes,0,NULL,0,1,1,01-0001,NULL,NULL
371,02-2129,02-1893,02-1893,02-1893,02-2004,02-0003,0,rabbani,"2024-09-26 00:00:00",Yes,0,NULL,0,1,1,01-0001,NULL,NULL
372,02-2130,02-0854,02-0854,02-1480,02-0458,02-0003,0,rabbani,"2024-09-29 00:00:00",Yes,0,NULL,0,1,1,01-0001,NULL,NULL
373,02-2131,02-0745,02-0745,02-1876,02-0458,02-0003,0,rabbani,"2024-09-29 00:00:00",Yes,0,NULL,0,1,1,01-0001,NULL,NULL
374,02-2132,02-0879,02-0879,02-0651,02-0402,02-0003,0,rabbani,"2024-09-22 10:50:07",Yes,0,NULL,0,0,1,01-0001,NULL,NULL
375,02-2140,02-1420,02-1420,02-2457,02-0402,02-0003,0,rabbani,"2024-09-22 10:50:07",Yes,0,NULL,0,0,0,01-0001,NULL,NULL
376,02-2138,02-1420,02-1420,02-2457,02-0402,02-0003,0,rabbani,"2024-09-22 10:50:08",Yes,0,NULL,0,0,0,01-0001,NULL,NULL
377,02-2142,02-0074,02-0074,02-0086,02-1409,02-0003,0,rasif,"2024-09-24 00:00:00",Yes,0,NULL,0,0,1,01-0001,NULL,NULL
378,02-2144,02-0854,02-0854,02-1480,02-0458,02-0003,0,rabbani,"2024-09-29 00:00:00",Yes,0,NULL,0,1,1,01-0001,NULL,NULL
379,02-2145,02-0767,02-0767,02-0094,02-0094,02-0003,0,rabbani,"2024-09-22 10:50:09",Yes,0,NULL,0,0,1,01-0001,NULL,NULL
380,02-2147,02-1517,02-1517,02-1517,02-0009,02-0003,0,rabbani,"2024-09-22 10:50:09",Yes,0,NULL,0,1,1,01-0001,NULL,NULL
381,02-2148,02-0358,02-0358,02-1071,02-2004,02-0003,0,rabbani,"2024-09-22 10:50:09",Yes,0,NULL,0,1,1,01-0001,NULL,NULL
382,02-2407,02-2449,02-2449,02-2801,02-0407,02-0003,0,rabbani,"2024-09-22 10:50:09",Yes,0,NULL,1,1,1,01-0001,NULL,NULL
383,02-2156,02-0627,02-0627,02-1876,02-0458,02-0003,0,rabbani,"2024-09-29 00:00:00",Yes,0,NULL,0,1,1,01-0001,NULL,NULL
384,02-2157,02-0830,02-0094,02-0094,02-0094,02-0003,0,rabbani,"2024-09-22 10:50:10",Yes,0,NULL,0,1,1,01-0001,NULL,NULL
385,02-2158,02-0854,02-0854,02-1480,02-0458,02-0003,0,rabbani,"2024-09-29 00:00:00",Yes,0,NULL,0,1,1,01-0001,NULL,NULL
386,02-2168,02-0651,02-0651,02-0651,02-0402,02-0003,0,rabbani,"2024-09-22 10:50:10",Yes,0,NULL,0,0,1,01-0001,NULL,NULL
387,02-2169,02-1109,02-0094,02-0094,02-0094,02-0003,0,rabbani,"2024-09-22 10:50:11",Yes,0,NULL,0,1,1,01-0001,NULL,NULL
388,02-2170,02-0868,02-0868,02-1480,02-0458,02-0003,0,rabbani,"2024-09-29 00:00:00",Yes,0,NULL,0,1,1,01-0001,NULL,NULL
389,02-2177,02-1420,02-1420,02-2457,02-0402,02-0003,0,rabbani,"2024-09-22 10:50:11",Yes,0,NULL,0,0,0,01-0001,NULL,NULL
390,02-2181,02-2014,02-2014,02-0007,02-0458,02-0003,0,rabbani,"2024-09-22 10:50:12",Yes,0,NULL,0,0,1,01-0001,NULL,NULL
391,02-2185,02-0107,02-0107,02-0651,02-0402,02-0003,0,rabbani,"2024-09-22 10:50:12",No,0,NULL,0,0,0,01-0001,NULL,NULL
392,02-2186,02-0951,02-0951,02-0651,02-0402,02-0003,0,rabbani,"2024-09-22 10:50:12",Yes,0,NULL,0,0,1,01-0001,NULL,NULL
393,02-2187,02-1420,02-1420,02-0820,02-0402,02-0003,0,rabbani,"2024-09-22 10:50:12",Yes,0,NULL,0,0,0,01-0001,NULL,NULL
394,02-2440,02-1626,02-1626,02-1626,02-1454,02-0003,0,rabbani,"2024-09-22 10:50:13",Yes,0,NULL,1,1,1,01-0001,NULL,NULL
395,02-2362,02-1109,02-0094,02-0094,02-0094,02-0003,0,rabbani,"2024-09-22 10:50:13",Yes,0,NULL,1,1,1,01-0001,NULL,NULL
396,02-2202,02-2429,02-2429,02-2787,02-2787,02-0003,0,rabbani,"2024-09-22 10:50:13",Yes,0,NULL,0,1,1,01-0001,NULL,NULL
397,02-2206,02-2574,02-2574,02-2574,02-0407,02-0003,0,rabbani,"2024-09-22 10:50:13",Yes,0,NULL,0,1,1,01-0001,NULL,NULL
398,02-2441,02-1420,02-1420,02-1723,02-0402,02-0003,0,rabbani,"2024-09-22 10:50:14",Yes,0,NULL,0,0,0,01-0001,NULL,NULL
399,02-2207,02-0892,02-0892,02-0393,02-0994,02-0003,0,rabbani,"2024-09-22 10:50:14",Yes,0,NULL,0,0,0,01-0001,NULL,NULL
400,02-2209,02-0892,02-0892,02-0393,02-0994,02-0003,0,rabbani,"2024-09-22 10:50:14",Yes,0,NULL,0,0,0,01-0001,NULL,NULL
401,02-2212,02-0245,02-0245,02-0393,02-0994,02-0003,0,rabbani,"2024-09-22 10:50:15",Yes,0,NULL,0,0,0,01-0001,NULL,NULL
402,02-2219,02-1109,02-0094,02-0094,02-0094,02-0003,0,rabbani,"2024-09-22 10:50:15",Yes,0,NULL,0,0,1,01-0001,NULL,NULL
403,02-2222,02-0086,02-0086,02-0086,02-0458,02-0003,0,rasif,"2024-09-24 00:00:00",Yes,0,NULL,0,0,1,01-0001,NULL,NULL
404,02-2221,02-1109,02-0094,02-0094,02-0094,02-0003,0,rabbani,"2024-09-22 10:50:15",Yes,0,NULL,0,0,1,01-0001,NULL,NULL
405,02-2321,02-0407,02-0407,02-0407,02-0407,02-0003,0,rabbani,"2024-09-22 10:50:16",No,5,NULL,0,0,0,01-0001,NULL,NULL
406,02-2225,02-1109,02-0094,02-0094,02-0094,02-0003,0,rabbani,"2024-09-22 10:50:16",Yes,0,NULL,0,0,1,01-0001,NULL,NULL
407,02-2444,02-1420,02-1420,02-0820,02-0402,02-0003,0,rabbani,"2024-09-22 10:50:16",No,0,NULL,0,0,0,01-0001,NULL,NULL
408,02-2393,02-0245,02-0245,02-1801,02-1998,02-0003,0,rabbani,"2024-09-22 10:50:16",Yes,0,NULL,1,1,1,01-0001,NULL,NULL
409,02-2234,02-1109,02-0094,02-0094,02-0094,02-0003,0,rabbani,"2024-09-22 10:50:17",Yes,0,NULL,0,0,1,01-0001,NULL,NULL
410,02-2237,02-0074,02-0074,02-0086,02-0458,02-0003,0,rabbani,"2024-09-22 10:50:17",Yes,0,NULL,0,1,1,01-0001,NULL,NULL
411,02-2239,02-2365,02-0074,02-0086,02-0458,02-0003,0,rabbani,"2024-09-22 10:50:17",Yes,0,NULL,0,1,1,01-0001,NULL,NULL
412,02-2240,02-2142,02-2142,02-0086,02-0458,02-0003,0,rabbani,"2024-09-22 10:50:18",Yes,0,NULL,0,1,1,01-0001,NULL,NULL
413,02-2241,02-2365,02-0074,02-0086,02-0458,02-0003,0,rabbani,"2024-09-22 10:50:18",Yes,0,NULL,0,1,1,01-0001,NULL,NULL
414,02-2253,02-0007,02-0007,02-0007,02-0458,02-0003,0,rabbani,"2024-09-22 10:50:19",Yes,5,NULL,0,1,1,01-0001,NULL,NULL
415,02-2247,01-0001,01-0001,01-0001,01-0001,01-0001,0,rabbani,"2024-09-22 10:50:19",No,5,NULL,0,0,0,01-0001,NULL,NULL
416,02-2248,02-2014,02-2014,02-0007,02-0458,02-0003,0,rabbani,"2024-09-22 10:50:20",Yes,0,NULL,0,1,1,01-0001,NULL,NULL
417,02-2238,02-2365,02-0074,02-0086,02-0458,02-0003,0,rabbani,"2024-09-22 10:50:21",Yes,0,NULL,0,1,1,01-0001,NULL,NULL
418,02-2257,02-0086,02-0086,02-0086,02-0323,02-0003,0,rabbani,"2024-09-22 10:50:21",No,5,NULL,0,0,0,01-0001,NULL,NULL
419,02-2265,02-1420,02-1420,02-2457,02-0402,02-0003,0,rabbani,"2024-09-22 10:50:22",Yes,0,NULL,0,0,0,01-0001,NULL,NULL
420,02-2269,02-0074,02-0074,02-0086,02-0458,02-0003,0,rabbani,"2024-09-22 10:50:23",Yes,0,NULL,0,1,1,01-0001,NULL,NULL
421,02-2270,02-0086,02-0086,02-0086,02-1409,02-0003,0,rabbani,"2024-09-22 10:50:23",Yes,0,NULL,0,1,1,01-0001,NULL,NULL
422,02-2271,02-1109,02-0094,02-0094,02-0094,02-0003,0,rabbani,"2024-09-22 10:50:24",Yes,0,NULL,0,0,1,01-0001,NULL,NULL
423,02-2437,02-2556,02-2556,02-1801,02-1998,02-0003,0,rabbani,"2024-09-22 10:50:24",Yes,0,NULL,1,1,0,01-0001,NULL,NULL
424,02-2256,02-0074,02-0074,02-0086,02-0458,02-0003,0,rasif,"2024-09-24 00:00:00",Yes,0,NULL,0,0,1,01-0001,NULL,NULL
425,02-2272,02-0074,02-0074,02-0086,02-1409,02-0003,0,rasif,"2024-09-24 00:00:00",Yes,0,NULL,0,0,1,01-0001,NULL,NULL
426,02-2278,02-0074,02-0074,02-0086,02-0458,02-0003,0,rabbani,"2024-09-22 10:50:25",Yes,0,NULL,0,1,1,01-0001,NULL,NULL
427,02-2279,02-0074,02-0074,02-0086,02-0458,02-0003,0,rabbani,"2024-09-22 10:50:25",Yes,0,NULL,0,1,1,01-0001,NULL,NULL
428,02-2406,02-2801,02-2801,02-2801,02-0407,02-0003,0,rabbani,"2024-09-22 10:50:26",Yes,0,NULL,1,1,1,01-0001,NULL,NULL
429,02-2292,02-2618,02-2618,02-0323,02-0323,02-0003,0,rabbani,"2024-09-22 10:50:26",Yes,0,NULL,0,1,1,01-0001,NULL,NULL
430,02-2298,02-2141,02-2141,02-0086,02-1409,02-0003,0,rasif,"2024-09-24 00:00:00",Yes,0,NULL,0,0,1,01-0001,NULL,NULL
431,02-2332,02-0003,02-0003,02-0003,02-0003,02-0003,0,rabbani,"2024-09-22 10:50:27",Yes,100,NULL,0,0,1,01-0001,NULL,NULL
432,02-2282,02-2835,02-2835,02-2835,02-1606,02-0003,0,rabbani,"2024-09-25 00:00:00",Yes,0,NULL,0,1,1,01-0001,NULL,NULL
433,02-2322,02-0074,02-0074,02-0086,02-0458,02-0003,0,rabbani,"2024-09-22 10:50:27",Yes,0,NULL,0,1,1,01-0001,NULL,NULL
434,02-2327,02-2142,02-2142,02-0086,02-0458,02-0003,0,rabbani,"2024-09-22 10:50:28",Yes,0,NULL,0,1,1,01-0001,NULL,NULL
435,02-2328,02-1723,02-1723,02-1723,02-0402,02-0003,0,rabbani,"2024-09-22 10:50:28",Yes,0,NULL,0,0,1,01-0001,NULL,NULL
436,02-2329,02-0277,02-0277,02-0402,02-0402,02-0003,0,rabbani,"2024-09-22 10:50:28",Yes,0,NULL,0,1,1,01-0001,NULL,NULL
437,02-2333,02-0245,02-0245,02-1801,02-1998,02-0003,0,rabbani,"2024-09-22 10:50:28",Yes,0,NULL,0,1,1,01-0001,NULL,NULL
438,02-2334,02-0745,02-0745,02-1876,02-0458,02-0003,0,rabbani,"2024-09-29 00:00:00",Yes,0,NULL,0,1,1,01-0001,NULL,NULL
439,02-2335,02-2056,02-2056,02-2588,02-2588,02-0003,0,rabbani,"2024-09-29 00:00:00",Yes,0,NULL,0,1,1,01-0001,NULL,NULL
440,02-2344,02-1420,02-1420,02-2457,02-0402,02-0003,0,rabbani,"2024-09-22 10:50:29",Yes,0,NULL,0,0,0,01-0001,NULL,NULL
441,02-2340,02-0139,02-0139,02-0393,02-0994,02-0003,0,rabbani,"2024-09-22 10:50:29",Yes,0,NULL,0,1,1,01-0001,NULL,NULL
442,02-2342,02-2555,02-2555,02-1838,02-2332,02-0003,0,rabbani,"2024-09-22 10:50:30",Yes,0,NULL,0,1,1,01-0001,NULL,NULL
443,02-2345,02-2556,02-2556,02-1801,02-1998,02-0003,0,rabbani,"2024-09-22 10:50:30",Yes,0,NULL,0,0,0,01-0001,NULL,NULL
444,02-2341,02-1663,02-1663,02-1801,02-1998,02-0003,0,rabbani,"2024-09-22 10:50:30",Yes,0,NULL,0,1,1,01-0001,NULL,NULL
445,02-2350,02-0854,02-0854,02-1876,02-0458,02-0003,0,rabbani,"2024-09-29 00:00:00",Yes,0,NULL,0,1,1,01-0001,NULL,NULL
446,02-2439,02-1626,02-1626,02-1626,02-1454,02-0003,0,rabbani,"2024-09-22 10:50:31",Yes,5,NULL,1,1,1,01-0001,NULL,NULL
447,02-2358,02-1109,02-0094,02-0094,02-0094,02-0003,0,rabbani,"2024-09-22 10:50:31",Yes,0,NULL,0,0,1,01-0001,NULL,NULL
448,02-2373,02-0016,02-0016,02-0016,02-0016,02-0003,0,rabbani,"2024-09-22 10:50:31",Yes,5,NULL,1,1,1,01-0001,NULL,NULL
449,02-2374,02-1517,02-1517,02-0009,02-0009,02-0003,0,rabbani,"2024-09-22 10:50:32",Yes,5,NULL,1,1,1,01-0001,NULL,NULL
450,02-2375,02-0094,02-0094,02-0094,02-0094,02-0003,0,rabbani,"2024-09-22 10:50:32",Yes,5,NULL,1,1,1,01-0001,NULL,NULL
451,02-2367,02-0016,02-0016,02-0016,02-0016,02-0003,0,rabbani,"2024-09-22 10:50:32",Yes,5,NULL,1,1,1,01-0001,NULL,NULL
452,02-2376,02-1723,02-1723,02-1723,02-0402,02-0003,0,rabbani,"2024-09-22 10:50:33",Yes,0,NULL,1,1,1,01-0001,NULL,NULL
453,02-2377,02-1420,02-1420,02-1723,02-0402,02-0003,0,rabbani,"2024-09-22 10:50:33",Yes,0,NULL,0,0,0,01-0001,NULL,NULL
454,02-2372,02-0016,02-0016,02-0016,02-0016,02-0003,0,rabbani,"2024-09-22 10:50:33",Yes,5,NULL,1,1,1,01-0001,NULL,NULL
455,02-2379,02-2574,02-2574,02-2574,02-0407,02-0003,0,rabbani,"2024-09-22 10:50:33",Yes,5,NULL,1,1,1,01-0001,NULL,NULL
456,02-2365,02-0074,02-0074,02-0086,02-0458,02-0003,0,rasif,"2024-09-24 00:00:00",Yes,100,NULL,1,1,1,01-0001,NULL,NULL
457,02-2307,02-2853,02-2853,02-2853,02-1606,02-0003,0,rabbani,"2024-09-25 00:00:00",Yes,0,NULL,1,1,1,01-0001,NULL,NULL
458,02-2382,02-0627,02-0627,02-1876,02-0458,02-0003,0,rabbani,"2024-09-29 00:00:00",Yes,0,NULL,1,1,1,01-0001,NULL,NULL
459,02-2383,02-1420,02-0820,02-0820,02-0402,02-0003,0,rabbani,"2024-09-22 10:50:34",Yes,0,NULL,0,0,0,01-0001,NULL,NULL
460,02-2456,02-1147,02-1147,02-1147,02-1147,02-0003,0,rabbani,"2024-09-22 10:50:35",Yes,0,NULL,0,0,1,01-0001,NULL,NULL
461,02-2398,02-0498,02-0498,02-0393,02-0994,02-0003,0,rabbani,"2024-09-22 10:50:35",Yes,0,NULL,0,0,0,01-0001,NULL,NULL
462,02-2410,02-1420,02-2457,02-2457,02-0402,02-0003,0,rabbani,"2024-09-22 10:50:36",Yes,0,NULL,0,0,0,01-0001,NULL,NULL
463,02-2408,02-2657,02-2657,02-2657,02-2657,02-0003,0,rabbani,"2024-09-22 10:50:36",Yes,5,NULL,1,1,1,01-0001,NULL,NULL
464,02-2423,02-0323,02-0323,02-0323,02-0323,02-0003,0,rabbani,"2024-09-22 10:50:36",Yes,5,NULL,1,1,1,01-0001,NULL,NULL
465,02-2424,02-0323,02-0323,02-0323,02-0323,02-0003,0,rabbani,"2024-09-22 10:50:36",Yes,5,NULL,0,1,1,01-0001,NULL,NULL
466,02-2455,02-2638,02-2638,02-2332,02-2332,02-0003,0,rabbani,"2024-09-22 10:50:37",Yes,0,NULL,1,1,1,01-0001,NULL,NULL
467,02-2457,02-1723,02-1723,02-1723,02-0402,02-0003,0,rabbani,"2024-09-22 10:50:37",Yes,0,NULL,1,1,1,01-0001,NULL,NULL
468,02-2485,02-1626,02-1626,02-1626,02-1454,02-0003,0,rabbani,"2024-09-22 10:50:37",Yes,5,NULL,1,1,1,01-0001,NULL,NULL
469,02-2459,02-0830,02-0830,02-0094,02-0094,02-0003,0,rabbani,"2024-09-22 10:50:37",No,0,NULL,0,0,0,01-0001,NULL,NULL
470,02-2558,02-2424,02-2424,02-0323,02-2332,02-0003,0,rabbani,"2024-09-22 10:50:37",Yes,5,NULL,1,1,1,01-0001,NULL,NULL
471,02-2516,02-1816,02-1816,02-1801,02-0994,02-0003,0,rabbani,"2024-09-22 10:50:38",Yes,0,NULL,1,1,1,01-0001,NULL,NULL
472,02-2487,02-2424,02-2424,02-2424,02-2332,02-0003,0,rabbani,"2024-09-22 10:50:38",Yes,0,NULL,1,1,1,01-0001,NULL,NULL
473,02-2486,02-2424,02-2424,02-2424,02-0003,02-0003,0,rabbani,"2024-09-22 10:50:38",Yes,0,NULL,1,1,1,01-0001,NULL,NULL
474,02-2491,02-0208,02-0208,02-1876,02-0458,02-0003,0,rabbani,"2024-09-29 00:00:00",Yes,0,NULL,1,1,1,01-0001,NULL,NULL
475,02-2492,02-1266,02-1266,02-1037,02-0458,02-0003,0,rabbani,"2024-09-29 00:00:00",Yes,0,NULL,1,1,1,01-0001,NULL,NULL
476,02-2495,02-2429,02-2429,02-2787,02-2787,02-0003,0,rabbani,"2024-09-22 10:50:39",Yes,0,NULL,1,1,1,01-0001,NULL,NULL
477,02-2504,02-0330,02-0330,02-1876,02-0458,02-0003,0,rabbani,"2024-09-29 00:00:00",Yes,0,NULL,1,1,1,01-0001,NULL,NULL
478,02-2502,02-0003,02-0003,02-0003,02-0003,02-0003,0,rabbani,"2024-09-22 10:50:40",Yes,5,NULL,1,1,1,01-0001,NULL,NULL
479,02-2512,02-0208,02-0208,02-1876,02-0458,02-0003,0,rabbani,"2024-09-29 00:00:00",Yes,0,NULL,1,1,1,01-0001,NULL,NULL
480,02-2511,02-0208,02-0208,02-1876,02-0458,02-0003,0,rabbani,"2024-09-29 00:00:00",Yes,0,NULL,1,1,1,01-0001,NULL,NULL
481,02-2515,02-1460,02-0210,02-0757,02-0458,02-0003,0,rabbani,"2024-09-29 00:00:00",Yes,0,NULL,1,1,1,01-0001,NULL,NULL
482,02-2522,02-2721,02-2721,02-2618,02-0323,02-0003,0,rabbani,"2024-09-22 10:50:41",Yes,0,NULL,1,1,1,01-0001,NULL,NULL
483,02-2528,02-1765,02-1765,02-0402,02-0402,02-0003,0,rabbani,"2024-09-22 10:50:42",Yes,0,NULL,1,1,1,01-0001,NULL,NULL
484,02-2523,02-1893,02-1893,02-1893,02-2004,02-0003,0,rabbani,"2024-09-22 10:50:42",Yes,0,NULL,1,1,1,01-0001,NULL,NULL
485,02-2534,02-1420,02-1420,02-0820,02-0402,02-0003,0,rabbani,"2024-09-22 10:50:43",Yes,0,NULL,0,0,0,01-0001,NULL,NULL
486,02-2533,02-1626,02-1626,02-1626,02-1454,02-0003,0,rabbani,"2024-09-22 10:50:43",Yes,0,NULL,0,0,1,01-0001,NULL,NULL
487,02-2537,02-1420,02-1420,02-0820,02-0402,02-0003,0,rabbani,"2024-09-22 10:50:43",Yes,0,NULL,0,0,0,01-0001,NULL,NULL
488,02-2546,02-0767,02-0767,02-0094,02-0094,02-0003,0,rabbani,"2024-09-22 10:50:43",Yes,0,NULL,1,1,1,01-0001,NULL,NULL
489,02-2547,02-0334,02-0334,02-1801,02-1998,02-0003,0,rabbani,"2024-09-22 10:50:44",Yes,0,NULL,1,1,1,01-0001,NULL,NULL
490,02-2551,02-1420,02-1420,02-2457,02-0402,02-0003,0,rabbani,"2024-09-22 10:50:44",Yes,0,NULL,0,0,0,01-0001,NULL,NULL
491,02-2548,02-1626,02-1626,02-1626,02-1454,02-0003,0,rabbani,"2024-09-22 10:50:44",Yes,0,NULL,1,1,1,01-0001,NULL,NULL
492,02-2554,02-1023,02-1023,02-1480,02-0458,02-0003,0,rabbani,"2024-09-29 00:00:00",Yes,0,NULL,1,1,1,01-0001,NULL,NULL
493,02-2555,02-2836,02-2836,02-2836,02-2332,02-0003,0,rabbani,"2024-09-22 10:50:45",Yes,5,NULL,1,1,1,01-0001,NULL,NULL
494,02-2556,02-1801,02-1801,02-1801,02-1998,02-0003,0,rabbani,"2024-09-22 10:50:45",Yes,5,NULL,1,1,1,01-0001,NULL,NULL
495,02-2559,02-1723,02-1723,02-1723,02-0402,02-0003,0,rabbani,"2024-09-22 10:50:46",Yes,0,NULL,1,1,1,01-0001,NULL,NULL
496,02-2563,02-2597,02-2597,02-1037,02-0458,02-0003,0,rabbani,"2024-09-22 10:50:47",Yes,0,NULL,0,0,1,01-0001,NULL,NULL
497,02-0391,02-0181,02-1409,02-1409,02-0458,02-0003,0,rabbani,"2024-09-22 10:50:47",Yes,0,NULL,0,0,1,01-0001,NULL,NULL
498,02-0495,02-0119,02-0119,02-0082,02-1320,02-0003,0,rabbani,"2024-09-22 10:50:48",Yes,0,NULL,0,0,1,01-0001,NULL,NULL
499,02-0756,02-1037,02-1037,02-1320,02-0458,02-0003,0,rabbani,"2024-09-22 10:50:48",Yes,5,NULL,0,1,1,01-0001,NULL,NULL
500,02-0757,02-1320,02-1320,02-1320,02-0458,02-0003,0,rabbani,"2024-09-22 10:50:49",Yes,5,NULL,0,1,1,01-0001,NULL,NULL
501,02-1948,02-0464,02-0464,02-1409,02-0458,02-0003,0,rabbani,"2024-09-22 10:50:49",Yes,0,NULL,0,1,1,01-0001,NULL,NULL
502,02-0173,02-0693,02-0693,02-1409,02-0458,02-0003,0,rabbani,"2024-09-22 10:50:50",Yes,0,NULL,0,0,1,01-0001,NULL,NULL
503,02-1269,02-0247,02-0247,02-0174,02-0458,02-0003,0,rabbani,"2024-09-24 00:00:00",Yes,0,NULL,0,1,1,01-0001,NULL,NULL
504,02-1270,02-0299,02-0095,02-0095,02-0458,02-0003,0,rabbani,"2024-09-22 10:50:51",Yes,0,NULL,0,1,1,01-0001,NULL,NULL
505,02-1272,02-0247,02-0247,02-0174,02-0458,02-0003,0,rabbani,"2024-09-24 00:00:00",Yes,0,NULL,0,1,1,01-0001,NULL,NULL
506,02-1074,02-2597,02-2597,02-1037,02-0458,02-0003,0,rabbani,"2024-09-22 10:50:52",Yes,0,NULL,0,0,1,01-0001,NULL,NULL
507,02-1648,02-0258,02-1409,02-1409,02-0458,02-0003,0,rabbani,"2024-09-22 10:50:53",Yes,0,NULL,0,0,1,01-0001,NULL,NULL
508,02-2159,02-0280,02-0996,02-0996,02-0458,02-0003,0,rabbani,"2024-09-22 10:50:53",Yes,5,NULL,0,1,1,01-0001,NULL,NULL
509,02-2481,02-0831,02-0831,02-0103,02-0458,02-0003,0,rabbani,"2024-09-22 10:50:53",Yes,0,NULL,0,0,1,01-0001,NULL,NULL
510,02-0442,02-0119,02-0119,02-0309,02-0458,02-0003,0,rabbani,"2024-09-22 10:50:53",Yes,0,NULL,0,1,1,01-0001,NULL,NULL
511,02-0560,02-0300,02-1948,02-1948,02-0458,02-0003,0,rabbani,"2024-09-29 00:00:00",Yes,0,NULL,0,0,1,01-0001,NULL,NULL
512,02-0868,02-1480,02-1480,02-1320,02-0458,02-0003,0,rabbani,"2024-09-22 10:50:54",Yes,5,NULL,0,1,1,01-0001,NULL,NULL
513,02-1070,02-0901,02-2488,02-0174,02-0458,02-0003,0,rabbani,"2024-09-24 00:00:00",Yes,0,NULL,0,0,1,01-0001,NULL,NULL
514,02-1072,02-0901,02-0901,02-0174,02-0458,02-0003,0,rabbani,"2024-09-22 10:50:54",Yes,0,NULL,0,0,1,01-0001,NULL,NULL
515,02-0563,02-0300,02-0464,02-0464,02-0458,02-0003,0,rabbani,"2024-09-29 00:00:00",Yes,0,NULL,0,0,1,01-0001,NULL,NULL
516,02-1123,02-0189,02-0189,02-1409,02-0458,02-0003,0,rabbani,"2024-09-22 10:50:55",Yes,0,NULL,0,0,1,01-0001,NULL,NULL
517,02-1126,02-0831,02-0831,02-0103,02-0458,02-0003,0,rabbani,"2024-09-22 10:50:55",Yes,0,NULL,0,0,1,01-0001,NULL,NULL
518,02-2260,02-0119,02-0119,02-0309,02-0458,02-0003,0,rabbani,"2024-09-22 10:50:55",Yes,0,NULL,0,0,1,01-0001,NULL,NULL
519,02-0208,02-0061,02-0061,02-1876,02-0458,02-0003,0,rabbani,"2024-09-22 10:50:55",Yes,5,NULL,0,1,1,01-0001,NULL,NULL
520,02-0210,02-0757,02-0757,02-1320,02-0458,02-0003,0,rabbani,"2024-09-22 10:50:56",Yes,5,NULL,0,1,1,01-0001,NULL,NULL
521,02-0300,02-0464,02-0464,02-1409,02-0458,02-0003,0,rabbani,"2024-09-22 10:50:56",Yes,0,NULL,0,1,1,01-0001,NULL,NULL
522,02-0371,02-0970,02-0970,02-0996,02-0458,02-0003,0,rabbani,"2024-09-22 10:50:56",Yes,0,NULL,0,1,1,01-0001,NULL,NULL
523,02-0375,02-1409,02-1409,02-1409,02-0458,02-0003,0,rabbani,"2024-09-22 10:50:56",Yes,5,NULL,0,1,1,01-0001,NULL,NULL
524,02-1091,02-2513,02-1265,02-1409,02-0458,02-0003,0,rabbani,"2024-09-22 00:00:00",Yes,0,NULL,0,0,1,01-0001,NULL,NULL
525,02-2224,02-0590,02-1183,02-0103,02-0458,02-0003,0,rabbani,"2024-09-22 10:50:57",Yes,0,NULL,0,0,1,01-0001,NULL,NULL
526,02-2226,02-2531,02-1461,02-0247,02-1320,02-0003,0,rabbani,"2024-09-24 00:00:00",Yes,0,NULL,0,0,1,01-0001,NULL,NULL
527,02-2227,02-1298,02-0247,02-0174,02-0458,02-0003,0,rabbani,"2024-09-26 00:00:00",Yes,0,NULL,0,0,1,01-0001,NULL,NULL
528,02-0006,02-1632,02-1888,02-1888,02-0458,02-0003,0,rabbani,"2024-09-22 10:50:57",Yes,0,NULL,0,0,1,01-0001,NULL,NULL
529,02-0406,02-1461,02-1461,02-0103,02-1320,02-0003,0,rabbani,"2024-09-22 10:50:58",Yes,0,NULL,0,0,1,01-0001,NULL,NULL
530,02-0504,02-1888,02-1888,02-1888,02-0458,02-0003,0,rabbani,"2024-09-22 10:50:58",Yes,5,NULL,0,1,1,01-0001,NULL,NULL
531,02-0804,02-1029,02-1160,02-0174,02-0458,02-0003,0,rabbani,"2024-09-22 10:50:58",No,0,NULL,0,0,1,01-0001,NULL,NULL
532,02-0805,02-1272,02-0247,02-0174,02-0458,02-0003,0,rabbani,"2024-09-24 00:00:00",Yes,0,NULL,0,0,1,01-0001,NULL,NULL
533,02-0141,02-0181,02-0181,02-1409,02-0458,02-0003,0,rabbani,"2024-09-22 10:50:59",Yes,0,NULL,0,0,1,01-0001,NULL,NULL
534,02-0142,02-0095,02-0095,02-0095,02-0458,02-0003,0,rabbani,"2024-09-22 10:50:59",Yes,0,NULL,0,0,1,01-0001,NULL,NULL
535,02-0143,02-0375,02-1409,02-1409,02-0458,02-0003,0,rabbani,"2024-09-22 10:50:59",Yes,0,NULL,0,0,1,01-0001,NULL,NULL
536,02-0164,02-0504,02-1888,02-1888,02-0458,02-0003,0,rabbani,"2024-09-22 10:50:59",Yes,0,NULL,0,1,1,01-0001,NULL,NULL
537,02-1222,02-2179,02-1019,02-1876,02-0458,02-0003,0,rabbani,"2024-09-22 10:51:00",Yes,0,NULL,0,1,1,01-0001,NULL,NULL
538,02-2126,02-1931,02-0174,02-0174,02-0458,02-0003,0,rabbani,"2024-09-24 00:00:00",Yes,0,NULL,0,0,1,01-0001,NULL,NULL
539,02-2127,02-0901,02-0901,02-0174,02-0458,02-0003,0,rabbani,"2024-09-24 00:00:00",Yes,0,NULL,0,0,1,01-0001,NULL,NULL
540,02-0080,02-0094,02-0094,02-0094,02-0094,02-0003,0,rabbani,"2024-09-22 10:51:00",Yes,5,NULL,0,1,1,01-0001,NULL,NULL
541,02-0081,02-1082,02-1950,02-1037,02-0458,02-0003,0,rabbani,"2024-09-24 00:00:00",Yes,0,NULL,0,1,1,01-0001,NULL,NULL
542,02-0082,02-0458,02-0458,02-0458,02-0458,02-0003,0,rabbani,"2024-09-22 10:51:01",Yes,5,NULL,0,1,1,01-0001,NULL,NULL
543,02-0232,02-1182,02-1182,02-1409,02-0458,02-0003,0,rabbani,"2024-09-22 10:51:01",Yes,5,NULL,0,1,1,01-0001,NULL,NULL
544,02-0307,02-1265,02-1265,02-1409,02-0458,02-0003,0,rabbani,"2024-09-22 10:51:01",Yes,0,NULL,0,1,1,01-0001,NULL,NULL
545,02-0309,02-0082,02-0082,02-0082,02-0458,02-0003,0,rabbani,"2024-09-22 10:51:01",Yes,5,NULL,0,1,1,01-0001,NULL,NULL
546,02-0383,02-0210,02-0210,02-0757,02-0458,02-0003,0,rabbani,"2024-09-22 10:51:02",Yes,5,NULL,0,1,1,01-0001,NULL,NULL
547,02-0575,02-0300,02-0464,02-0464,02-0458,02-0003,0,rabbani,"2024-09-29 00:00:00",Yes,0,NULL,0,0,1,01-0001,NULL,NULL
548,02-0713,02-1037,02-1037,02-1037,02-0458,02-0003,0,rabbani,"2024-09-24 00:00:00",Yes,0,NULL,0,1,1,01-0001,NULL,NULL
549,02-0715,02-0968,02-1037,02-1037,02-0458,02-0003,0,rabbani,"2024-09-24 00:00:00",Yes,0,NULL,0,0,1,01-0001,NULL,NULL
550,02-0716,02-0677,02-0174,02-0174,02-0458,02-0003,0,rabbani,"2024-09-24 00:00:00",Yes,0,NULL,0,0,1,01-0001,NULL,NULL
551,02-0717,02-2501,02-0690,02-1037,02-0458,02-0003,0,rabbani,"2024-09-24 00:00:00",Yes,0,NULL,0,1,1,01-0001,NULL,NULL
552,02-1273,02-2597,02-2597,02-1037,02-0458,02-0003,0,rabbani,"2024-09-22 10:51:03",Yes,0,NULL,0,0,1,01-0001,NULL,NULL
553,02-1149,02-0119,02-0119,02-0309,02-0458,02-0003,0,rabbani,"2024-09-22 10:51:03",Yes,0,NULL,0,0,1,01-0001,NULL,NULL
554,02-1560,02-0757,02-0757,02-0757,02-0458,02-0003,0,rabbani,"2024-09-22 10:51:03",Yes,5,NULL,0,1,1,01-0001,NULL,NULL
555,02-1821,02-0970,02-0996,02-0996,02-0458,02-0003,0,rabbani,"2024-09-22 10:51:04",Yes,0,NULL,0,1,1,01-0001,NULL,NULL
556,02-1823,02-1480,02-1480,02-1320,02-0458,02-0003,0,rabbani,"2024-09-22 10:51:04",Yes,5,NULL,0,1,1,01-0001,NULL,NULL
557,02-2273,02-2488,02-0174,02-0174,02-0458,02-0003,0,rabbani,"2024-09-24 00:00:00",Yes,0,NULL,0,0,1,01-0001,NULL,NULL
558,02-2283,02-0868,02-0868,02-1480,02-0458,02-0003,0,rabbani,"2024-09-22 10:51:04",Yes,0,NULL,0,1,1,01-0001,NULL,NULL
559,02-2285,02-0481,02-0481,02-1480,02-0458,02-0003,0,rabbani,"2024-09-22 10:51:05",Yes,0,NULL,0,1,1,01-0001,NULL,NULL
560,02-2286,02-0868,02-0868,02-1480,02-0458,02-0003,0,rabbani,"2024-09-22 10:51:05",Yes,0,NULL,0,1,1,01-0001,NULL,NULL
561,02-0197,02-0693,02-1409,02-1409,02-0458,02-0003,0,rabbani,"2024-09-22 10:51:05",Yes,0,NULL,0,0,1,01-0001,NULL,NULL
562,02-0855,02-0080,02-0094,02-0094,02-0094,02-0003,0,rabbani,"2024-09-22 10:51:05",Yes,0,NULL,0,0,1,01-0001,NULL,NULL
563,02-1380,02-0481,02-0481,02-1480,02-0458,02-0003,0,rabbani,"2024-09-22 10:51:05",Yes,5,NULL,0,1,1,01-0001,NULL,NULL
564,02-2052,02-1409,02-1409,02-1409,02-0458,02-0003,0,rabbani,"2024-09-24 00:00:00",Yes,5,NULL,0,1,1,01-0001,NULL,NULL
565,02-2194,02-1080,02-1080,02-1480,02-0458,02-0003,0,rabbani,"2024-09-22 10:51:06",Yes,0,NULL,0,1,1,01-0001,NULL,NULL
566,02-0279,02-1598,02-0996,02-0996,02-0458,02-0003,0,rabbani,"2024-09-22 10:51:06",Yes,5,NULL,0,1,1,01-0001,NULL,NULL
567,02-0280,02-0996,02-0996,02-1320,02-0458,02-0003,0,rabbani,"2024-09-22 10:51:06",Yes,5,NULL,0,1,1,01-0001,NULL,NULL
568,02-0351,02-1265,02-0146,02-0146,02-1320,02-0003,0,rabbani,"2024-09-29 00:00:00",Yes,0,NULL,0,1,1,01-0001,NULL,NULL
569,02-0359,02-0757,02-0757,02-0757,02-0458,02-0003,0,rabbani,"2024-09-22 10:51:07",Yes,5,NULL,0,1,1,01-0001,NULL,NULL
570,02-0617,02-0693,02-0693,02-1409,02-0458,02-0003,0,rabbani,"2024-09-22 10:51:07",Yes,0,NULL,0,1,1,01-0001,NULL,NULL
571,02-0460,02-0359,02-0359,02-0757,02-0458,02-0003,0,rabbani,"2024-09-22 10:51:07",Yes,5,NULL,0,1,1,01-0001,NULL,NULL
572,02-0558,02-0300,02-0464,02-0464,02-0458,02-0003,0,rabbani,"2024-09-29 00:00:00",Yes,0,NULL,0,0,1,01-0001,NULL,NULL
573,02-0594,02-0825,02-1160,02-0103,02-1409,02-0003,0,rabbani,"2024-09-24 00:00:00",Yes,0,NULL,0,0,1,01-0001,NULL,NULL
574,02-0597,02-0119,02-0119,02-0309,02-0458,02-0003,0,rabbani,"2024-09-22 10:51:08",Yes,0,NULL,0,0,1,01-0001,NULL,NULL
575,02-0833,02-0119,02-0119,02-0082,02-0458,02-0003,0,rabbani,"2024-09-22 10:51:08",Yes,0,NULL,0,0,1,01-0001,NULL,NULL
576,02-0835,02-0218,02-0218,02-0103,02-0458,02-0003,0,rabbani,"2024-09-22 10:51:08",Yes,0,NULL,0,1,1,01-0001,NULL,NULL
577,02-0761,02-0189,02-0189,02-0103,02-0458,02-0003,0,rabbani,"2024-09-22 10:51:08",No,0,NULL,0,0,0,01-0001,NULL,NULL
578,02-1172,02-1446,02-0913,02-0103,02-0458,02-0003,0,rabbani,"2024-09-22 10:51:08",Yes,0,NULL,0,0,1,01-0001,NULL,NULL
579,02-1175,02-0309,02-0309,02-0309,02-0458,02-0003,0,rabbani,"2024-09-22 10:51:09",Yes,0,NULL,0,1,1,01-0001,NULL,NULL
580,02-1177,02-1010,02-0913,02-0103,02-0458,02-0003,0,rabbani,"2024-09-22 10:51:09",Yes,0,NULL,0,0,1,01-0001,NULL,NULL
581,02-1179,02-0378,02-1409,02-1409,02-0458,02-0003,0,rabbani,"2024-09-22 10:51:09",Yes,0,NULL,0,0,1,01-0001,NULL,NULL
582,02-1181,02-1608,02-1409,02-1409,02-0458,02-0003,0,rabbani,"2024-09-29 00:00:00",Yes,0,NULL,0,0,1,01-0001,NULL,NULL
583,02-1182,02-1409,02-1409,02-1409,02-0458,02-0003,0,rabbani,"2024-09-22 10:51:09",Yes,5,NULL,0,1,1,01-0001,NULL,NULL
584,02-1183,02-0103,02-0103,02-1409,02-0458,02-0003,0,rabbani,"2024-09-22 10:51:10",Yes,5,NULL,0,1,1,01-0001,NULL,NULL
585,02-0265,02-1183,02-1183,02-0103,02-0458,02-0003,0,rabbani,"2024-09-22 10:51:10",Yes,0,NULL,0,0,1,01-0001,NULL,NULL
586,02-0816,02-1526,02-1409,02-1409,02-0458,02-0003,0,rabbani,"2024-09-22 10:51:10",Yes,0,NULL,0,0,1,01-0001,NULL,NULL
587,02-0817,02-0621,02-0621,02-1409,02-0458,02-0003,0,rabbani,"2024-09-22 10:51:10",Yes,0,NULL,0,0,1,01-0001,NULL,NULL
588,02-2161,02-0481,02-0481,02-1480,02-0458,02-0003,0,rabbani,"2024-09-22 10:51:11",Yes,0,NULL,0,1,1,01-0001,NULL,NULL
589,02-0869,02-0095,02-0095,02-1409,02-0458,02-0003,0,rabbani,"2024-09-22 10:51:11",Yes,0,NULL,0,1,1,01-0001,NULL,NULL
590,02-0870,02-0831,02-0831,02-0103,02-0458,02-0003,0,rabbani,"2024-09-22 10:51:11",Yes,0,NULL,0,0,1,01-0001,NULL,NULL
591,02-0466,02-1280,02-1037,02-1037,02-0458,02-0003,0,rabbani,"2024-09-24 00:00:00",Yes,0,NULL,0,0,1,01-0001,NULL,NULL
592,02-0551,02-0300,02-0464,02-0464,02-0458,02-0003,0,rabbani,"2024-09-29 00:00:00",Yes,0,NULL,0,0,1,01-0001,NULL,NULL
593,02-0129,02-1266,02-1266,02-1037,02-0458,02-0003,0,rabbani,"2024-09-22 10:51:12",Yes,0,NULL,0,0,1,01-0001,NULL,NULL
594,02-1128,02-1463,02-0247,02-0174,02-0458,02-0003,0,rabbani,"2024-09-24 00:00:00",Yes,0,NULL,0,0,1,01-0001,NULL,NULL
595,02-1129,02-1527,02-1527,02-0174,02-0458,02-0003,0,rabbani,"2024-09-24 00:00:00",Yes,0,NULL,0,0,1,01-0001,NULL,NULL
596,02-1127,02-1266,02-1266,02-1037,02-0458,02-0003,0,rabbani,"2024-09-22 10:51:12",Yes,0,NULL,0,0,1,01-0001,NULL,NULL
597,02-2066,02-0210,02-0210,02-0757,02-0458,02-0003,0,rabbani,"2024-09-22 10:51:12",Yes,5,NULL,0,1,1,01-0001,NULL,NULL
598,02-2355,02-0868,02-0868,02-1480,02-0458,02-0003,0,rabbani,"2024-09-22 10:51:13",Yes,0,NULL,0,1,1,01-0001,NULL,NULL
599,02-0378,02-0801,02-1409,02-1409,02-0458,02-0003,0,rabbani,"2024-09-22 10:51:13",Yes,0,NULL,0,1,1,01-0001,NULL,NULL
600,02-0564,02-0300,02-1948,02-1948,02-0458,02-0003,0,rabbani,"2024-09-29 00:00:00",Yes,0,NULL,0,0,1,01-0001,NULL,NULL
601,02-0723,02-1280,02-1037,02-1037,02-0458,02-0003,0,rabbani,"2024-09-24 00:00:00",Yes,0,NULL,0,0,1,01-0001,NULL,NULL
602,02-0910,02-2614,02-0095,02-0095,02-0458,02-0003,0,rabbani,"2024-09-22 10:51:13",Yes,0,NULL,0,0,1,01-0001,NULL,NULL
603,02-1150,02-0119,02-0119,02-0309,02-0458,02-0003,0,rabbani,"2024-09-22 10:51:14",Yes,0,NULL,0,0,1,01-0001,NULL,NULL
604,02-1151,02-0095,02-0095,02-1409,02-0458,02-0003,0,rabbani,"2024-09-22 10:51:14",Yes,0,NULL,0,0,1,01-0001,NULL,NULL
605,02-1152,02-1183,02-1183,02-0103,02-0458,02-0003,0,rabbani,"2024-09-22 10:51:14",Yes,0,NULL,0,0,1,01-0001,NULL,NULL
606,02-0120,02-0189,02-1409,02-1409,02-0458,02-0003,0,rabbani,"2024-09-22 10:51:14",Yes,0,NULL,0,1,1,01-0001,NULL,NULL
607,02-0121,02-0693,02-1409,02-1409,02-0458,02-0003,0,rabbani,"2024-09-22 10:51:14",Yes,0,NULL,0,1,1,01-0001,NULL,NULL
608,02-0052,02-1037,02-1037,02-1320,02-0458,02-0003,0,rabbani,"2024-09-22 10:51:15",Yes,5,NULL,0,1,1,01-0001,NULL,NULL
609,02-0123,02-0119,02-0119,02-0309,02-0458,02-0003,0,rabbani,"2024-09-22 10:51:15",Yes,0,NULL,0,0,1,01-0001,NULL,NULL
610,02-0368,02-0693,02-0693,02-1409,02-0458,02-0003,0,rabbani,"2024-09-22 10:51:15",Yes,0,NULL,0,0,1,01-0001,NULL,NULL
611,02-0769,02-0181,02-0181,02-1409,02-0458,02-0003,0,rabbani,"2024-09-22 10:51:15",Yes,0,NULL,0,1,1,01-0001,NULL,NULL
612,02-0955,02-0621,02-2052,02-1409,02-0458,02-0003,0,rabbani,"2024-09-22 10:51:15",Yes,0,NULL,0,0,1,01-0001,NULL,NULL
613,02-0956,02-1265,02-1409,02-1409,02-0458,02-0003,0,rabbani,"2024-09-29 00:00:00",Yes,0,NULL,0,1,1,01-0001,NULL,NULL
614,02-0958,02-1270,02-1270,02-0095,02-0458,02-0003,0,rabbani,"2024-09-22 10:51:16",Yes,0,NULL,0,0,1,01-0001,NULL,NULL
615,02-0972,02-0300,02-0464,02-0464,02-0458,02-0003,0,rabbani,"2024-09-29 00:00:00",Yes,0,NULL,0,0,1,01-0001,NULL,NULL
616,02-1198,02-0119,02-0119,02-0309,02-0458,02-0003,0,rabbani,"2024-09-22 10:51:16",Yes,0,NULL,0,0,1,01-0001,NULL,NULL
617,02-2467,02-1605,02-0103,02-0103,02-1320,02-0003,0,rabbani,"2024-09-24 00:00:00",Yes,0,NULL,0,0,1,01-0001,NULL,NULL
618,02-2468,02-1265,02-1265,02-0146,02-1320,02-0003,0,rabbani,"2024-09-22 10:51:17",Yes,0,NULL,1,1,1,01-0001,NULL,NULL
619,02-2469,02-2052,02-2052,02-1409,02-0458,02-0003,0,rabbani,"2024-09-24 00:00:00",Yes,0,NULL,0,1,1,01-0001,NULL,NULL
620,02-2470,02-1605,02-0174,02-0174,02-0458,02-0003,0,rabbani,"2024-09-24 00:00:00",Yes,0,NULL,0,1,1,01-0001,NULL,NULL
621,02-0653,02-0210,02-0757,02-1320,02-0458,02-0003,0,rabbani,"2024-09-22 10:51:18",Yes,0,NULL,0,1,1,01-0001,NULL,NULL
622,02-1392,02-0294,02-0174,02-0174,02-0458,02-0003,0,rabbani,"2024-09-24 00:00:00",Yes,0,NULL,0,0,1,01-0001,NULL,NULL
623,02-0189,02-1409,02-1409,02-1409,02-0458,02-0003,0,rabbani,"2024-09-24 00:00:00",Yes,5,NULL,0,1,1,01-0001,NULL,NULL
624,02-0928,02-0828,02-0095,02-0095,02-0458,02-0003,0,rabbani,"2024-09-22 10:51:19",Yes,0,NULL,0,0,1,01-0001,NULL,NULL
625,02-0930,02-1161,02-0218,02-0103,02-1409,02-0003,0,rabbani,"2024-09-24 00:00:00",Yes,0,NULL,0,0,1,01-0001,NULL,NULL
626,02-0931,02-0810,02-0810,02-0095,02-0458,02-0003,0,rabbani,"2024-09-22 10:51:19",Yes,0,NULL,0,0,1,01-0001,NULL,NULL
627,02-0933,02-0309,02-0309,02-0309,02-0458,02-0003,0,rabbani,"2024-09-22 10:51:19",Yes,0,NULL,0,1,1,01-0001,NULL,NULL
628,02-1590,02-0258,02-0258,02-0146,02-0458,02-0003,0,rabbani,"2024-09-22 10:51:19",No,0,NULL,0,0,0,01-0001,NULL,NULL
629,02-0585,02-1409,02-1409,02-1409,02-0458,02-0003,0,rabbani,"2024-09-22 10:51:20",Yes,5,NULL,0,1,1,01-0001,NULL,NULL
630,02-1010,02-0103,02-0103,02-1409,02-0458,02-0003,0,rabbani,"2024-09-22 10:51:20",Yes,5,NULL,0,1,1,01-0001,NULL,NULL
631,02-1459,02-1136,02-1136,02-0174,02-0458,02-0003,0,rabbani,"2024-09-24 00:00:00",Yes,0,NULL,0,0,1,01-0001,NULL,NULL
632,02-1460,02-0210,02-0210,02-0757,02-0458,02-0003,0,rabbani,"2024-09-22 10:51:20",Yes,5,NULL,0,1,1,01-0001,NULL,NULL
633,02-1461,02-0174,02-0174,02-1409,02-0323,02-0003,0,rabbani,"2024-09-24 00:00:00",Yes,5,NULL,0,1,1,01-0001,NULL,NULL
634,02-1463,02-0247,02-0247,02-0174,02-0458,02-0003,0,rabbani,"2024-09-24 00:00:00",Yes,0,NULL,0,1,1,01-0001,NULL,NULL
635,02-1792,02-2052,02-0103,02-0103,02-1320,02-0003,0,rabbani,"2024-09-24 00:00:00",Yes,0,NULL,0,1,1,01-0001,NULL,NULL
636,02-0073,02-0757,02-0757,02-1320,02-0458,02-0003,0,rabbani,"2024-09-22 10:51:21",Yes,5,NULL,0,1,1,01-0001,NULL,NULL
637,02-0074,02-0086,02-0086,02-0086,02-0458,02-0003,0,rabbani,"2024-09-22 10:51:21",Yes,5,NULL,0,1,1,01-0001,NULL,NULL
638,02-1717,02-0300,02-0464,02-0464,02-0458,02-0003,0,rabbani,"2024-09-29 00:00:00",Yes,0,NULL,0,0,1,01-0001,NULL,NULL
639,02-1718,02-0300,02-1948,02-1948,02-0458,02-0003,0,rabbani,"2024-09-29 00:00:00",Yes,0,NULL,0,0,1,01-0001,NULL,NULL
640,02-2146,02-0378,02-0378,02-1409,02-0458,02-0003,0,rabbani,"2024-09-22 10:51:22",Yes,0,NULL,0,0,1,01-0001,NULL,NULL
641,02-0959,02-1285,02-1950,02-1037,02-0458,02-0003,0,rabbani,"2024-09-24 00:00:00",Yes,0,NULL,0,1,1,01-0001,NULL,NULL
642,02-0435,02-0693,02-1409,02-1409,02-0458,02-0003,0,rabbani,"2024-09-22 10:51:23",Yes,0,NULL,0,0,1,01-0001,NULL,NULL
643,02-0432,02-1010,02-0913,02-0103,02-0458,02-0003,0,rabbani,"2024-09-22 10:51:23",Yes,0,NULL,0,0,1,01-0001,NULL,NULL
644,02-2188,02-2690,02-2690,02-1876,02-0458,02-0003,0,rabbani,"2024-09-22 10:51:23",Yes,0,NULL,0,1,1,01-0001,NULL,NULL
645,02-2189,02-2052,02-2052,02-0103,02-0458,02-0003,0,rabbani,"2024-09-22 10:51:23",No,0,NULL,0,0,0,01-0001,NULL,NULL
646,02-0840,02-1459,02-1136,02-0174,02-0458,02-0003,0,rabbani,"2024-09-24 00:00:00",Yes,0,NULL,0,0,1,01-0001,NULL,NULL
647,02-1661,02-0235,02-0235,02-0174,02-0458,02-0003,0,rabbani,"2024-09-29 00:00:00",Yes,0,NULL,0,0,1,01-0001,NULL,NULL
648,02-1665,02-0309,02-0309,02-0309,02-0458,02-0003,0,rabbani,"2024-09-22 10:51:24",Yes,0,NULL,0,1,1,01-0001,NULL,NULL
649,02-2366,02-1560,02-1560,02-0757,02-1320,02-0003,0,rabbani,"2024-09-22 10:51:24",Yes,0,NULL,1,1,1,01-0001,NULL,NULL
650,02-1950,02-0713,02-0713,02-1037,02-0458,02-0003,0,rabbani,"2024-09-24 00:00:00",Yes,0,NULL,0,1,1,01-0001,NULL,NULL
651,02-2343,02-1147,02-1320,02-1320,02-0458,02-0003,0,rabbani,"2024-09-22 10:51:25",Yes,0,NULL,0,1,1,01-0001,NULL,NULL
652,02-1247,02-0996,02-0996,02-1320,02-0458,02-0003,0,rabbani,"2024-09-22 10:51:25",Yes,5,NULL,0,1,1,01-0001,NULL,NULL
653,02-1812,02-2597,02-2597,02-1037,02-0458,02-0003,0,rabbani,"2024-09-22 10:51:26",Yes,0,NULL,0,0,1,01-0001,NULL,NULL
654,02-2072,02-0103,02-0103,02-1409,02-0458,02-0003,0,rabbani,"2024-09-22 10:51:26",Yes,5,NULL,0,1,1,01-0001,NULL,NULL
655,02-2476,02-0693,02-0693,02-1409,02-0458,02-0003,0,rabbani,"2024-09-22 10:51:26",Yes,0,NULL,0,0,1,01-0001,NULL,NULL
656,02-2477,02-1612,02-1612,02-1409,02-0458,02-0003,0,rabbani,"2024-09-22 10:51:26",Yes,0,NULL,0,0,1,01-0001,NULL,NULL
657,02-2478,02-1265,02-1265,02-1409,02-0458,02-0003,0,rabbani,"2024-09-22 10:51:27",Yes,0,NULL,0,0,1,01-0001,NULL,NULL
658,02-2364,02-2653,02-2653,02-1037,02-0458,02-0003,0,rabbani,"2024-09-22 10:51:27",Yes,0,NULL,1,1,1,01-0001,NULL,NULL
659,02-2479,02-0590,02-1183,02-0103,02-0458,02-0003,0,rabbani,"2024-09-22 10:51:27",Yes,0,NULL,0,0,1,01-0001,NULL,NULL
660,02-0788,02-0825,02-1160,02-0103,02-0458,02-0003,0,rabbani,"2024-09-22 10:51:27",Yes,0,NULL,0,0,1,01-0001,NULL,NULL
661,02-2474,02-0868,02-0868,02-1480,02-0458,02-0003,0,rabbani,"2024-09-22 10:51:27",Yes,0,NULL,0,1,1,01-0001,NULL,NULL
662,02-2331,02-1010,02-0913,02-0103,02-0458,02-0003,0,rabbani,"2024-09-22 10:51:28",Yes,0,NULL,0,0,1,01-0001,NULL,NULL
663,02-0725,02-2531,02-0247,02-0174,02-0458,02-0003,0,rabbani,"2024-09-24 00:00:00",Yes,0,NULL,0,0,1,01-0001,NULL,NULL
664,02-1572,02-1280,02-1280,02-1037,02-0458,02-0003,0,rabbani,"2024-09-24 00:00:00",Yes,0,NULL,0,1,1,01-0001,NULL,NULL
665,02-1573,02-1160,02-1160,02-0103,02-0458,02-0003,0,rabbani,"2024-09-22 10:51:28",Yes,0,NULL,0,1,1,01-0001,NULL,NULL
666,02-1575,02-0232,02-1409,02-1409,02-0458,02-0003,0,rabbani,"2024-09-22 10:51:29",Yes,0,NULL,0,0,1,01-0001,NULL,NULL
667,02-1111,02-1266,02-1266,02-1037,02-0458,02-0003,0,rabbani,"2024-09-22 10:51:29",Yes,0,NULL,0,0,1,01-0001,NULL,NULL
668,02-2032,02-1460,02-0757,02-0757,02-0458,02-0003,0,rabbani,"2024-09-22 10:51:29",Yes,0,NULL,0,1,1,01-0001,NULL,NULL
669,02-2033,02-0359,02-0359,02-0757,02-0458,02-0003,0,rabbani,"2024-09-22 10:51:30",Yes,0,NULL,0,1,1,01-0001,NULL,NULL
670,02-2034,02-0411,02-0073,02-0757,02-0458,02-0003,0,rabbani,"2024-09-22 10:51:30",Yes,0,NULL,0,1,1,01-0001,NULL,NULL
671,02-2035,02-0283,02-0757,02-0757,02-0458,02-0003,0,rabbani,"2024-09-22 10:51:30",Yes,0,NULL,0,1,1,01-0001,NULL,NULL
672,02-0419,02-0309,02-0309,02-0309,02-0458,02-0003,0,rabbani,"2024-09-22 10:51:30",Yes,5,NULL,0,1,1,01-0001,NULL,NULL
673,02-0871,02-1480,02-1480,02-1320,02-0458,02-0003,0,rabbani,"2024-09-22 10:51:31",Yes,5,NULL,0,1,1,01-0001,NULL,NULL
674,02-1186,02-1527,02-1527,02-0174,02-0458,02-0003,0,rabbani,"2024-09-24 00:00:00",Yes,0,NULL,0,0,1,01-0001,NULL,NULL
675,02-0819,02-0283,02-0757,02-0757,02-0458,02-0003,0,rabbani,"2024-09-22 10:51:31",Yes,0,NULL,0,1,1,01-0001,NULL,NULL
676,02-0821,02-1460,02-0757,02-0757,02-0458,02-0003,0,rabbani,"2024-09-22 10:51:32",Yes,0,NULL,0,1,1,01-0001,NULL,NULL
677,02-0822,02-2488,02-0174,02-0174,02-0458,02-0003,0,rabbani,"2024-09-24 00:00:00",Yes,0,NULL,0,1,1,01-0001,NULL,NULL
678,02-1399,02-0052,02-0052,02-1147,02-0458,02-0003,0,rabbani,"2024-09-22 10:51:32",No,0,NULL,0,0,0,01-0001,NULL,NULL
679,02-0198,02-2618,02-2618,02-0323,02-0323,02-0003,0,rabbani,"2024-09-22 10:51:32",Yes,5,NULL,0,1,1,01-0001,NULL,NULL
680,02-1539,02-0810,02-0095,02-0095,02-0458,02-0003,0,rabbani,"2024-09-22 10:51:33",Yes,0,NULL,0,0,1,01-0001,NULL,NULL
681,02-0061,02-1876,02-1876,02-1876,02-0458,02-0003,0,rabbani,"2024-09-22 10:51:33",Yes,5,NULL,0,1,1,01-0001,NULL,NULL
682,02-0690,02-1037,02-1037,02-1037,02-0458,02-0003,0,rabbani,"2024-09-24 00:00:00",Yes,5,NULL,0,1,1,01-0001,NULL,NULL
683,02-1102,02-0119,02-0119,02-0309,02-0458,02-0003,0,rabbani,"2024-09-22 10:51:33",Yes,0,NULL,0,1,1,01-0001,NULL,NULL
684,02-2073,02-0280,02-0280,02-0996,02-0458,02-0003,0,rabbani,"2024-09-22 10:51:34",Yes,0,NULL,0,1,1,01-0001,NULL,NULL
685,02-2074,02-0208,02-0208,02-1876,02-0458,02-0003,0,rabbani,"2024-09-22 10:51:34",Yes,0,NULL,0,1,1,01-0001,NULL,NULL
686,02-0983,02-0080,02-0094,02-0094,02-0094,02-0003,0,rabbani,"2024-09-22 10:51:34",Yes,0,NULL,0,0,1,01-0001,NULL,NULL
687,02-0479,02-0481,02-1480,02-1480,02-0458,02-0003,0,rabbani,"2024-09-22 10:51:34",Yes,5,NULL,0,1,1,01-0001,NULL,NULL
688,02-0481,02-1480,02-1480,02-1320,02-0458,02-0003,0,rabbani,"2024-09-22 10:51:35",Yes,5,NULL,0,1,1,01-0001,NULL,NULL
689,02-1577,02-0300,02-0464,02-0464,02-0458,02-0003,0,rabbani,"2024-09-29 00:00:00",Yes,0,NULL,0,0,1,01-0001,NULL,NULL
690,02-1578,02-0300,02-0464,02-0464,02-0458,02-0003,0,rabbani,"2024-09-29 00:00:00",Yes,0,NULL,0,0,1,01-0001,NULL,NULL
691,02-0113,02-0119,02-0119,02-0309,02-0458,02-0003,0,rabbani,"2024-09-22 10:51:35",Yes,0,NULL,0,0,1,01-0001,NULL,NULL
692,02-0497,02-2501,02-0690,02-1037,02-0458,02-0003,0,rabbani,"2024-09-24 00:00:00",Yes,0,NULL,0,1,1,01-0001,NULL,NULL
693,02-0770,02-0847,02-0847,02-0847,02-2017,02-0003,0,rabbani,"2024-09-24 00:00:00",Yes,0,NULL,0,1,1,01-0001,NULL,NULL
694,02-0362,02-0181,02-1409,02-1409,02-0458,02-0003,0,rabbani,"2024-09-22 10:51:36",Yes,0,NULL,0,0,1,01-0001,NULL,NULL
695,02-1395,02-0258,02-1409,02-1409,02-0458,02-0003,0,rabbani,"2024-09-22 10:51:36",Yes,0,NULL,0,0,1,01-0001,NULL,NULL
696,02-1396,02-0181,02-0181,02-1409,02-0458,02-0003,0,rabbani,"2024-09-22 10:51:37",Yes,0,NULL,0,0,1,01-0001,NULL,NULL
697,02-1019,02-1876,02-1876,02-1876,02-0458,02-0003,0,rabbani,"2024-09-22 10:51:37",Yes,5,NULL,0,1,1,01-0001,NULL,NULL
698,02-1298,02-0247,02-0247,02-0174,02-0458,02-0003,0,rabbani,"2024-09-24 00:00:00",Yes,0,NULL,0,1,1,01-0001,NULL,NULL
699,02-1301,02-0481,02-0481,02-1480,02-0458,02-0003,0,rabbani,"2024-09-22 10:51:38",Yes,0,NULL,0,1,1,01-0001,NULL,NULL
700,02-1303,02-0300,02-0464,02-0464,02-0458,02-0003,0,rabbani,"2024-09-29 00:00:00",Yes,0,NULL,0,0,1,01-0001,NULL,NULL
701,02-1305,02-1136,02-1136,02-0174,02-0458,02-0003,0,rabbani,"2024-09-24 00:00:00",Yes,0,NULL,0,0,1,01-0001,NULL,NULL
702,02-1187,02-1521,02-1409,02-1409,02-0458,02-0003,0,rabbani,"2024-09-22 10:51:38",No,0,NULL,0,0,0,01-0001,NULL,NULL
703,02-1280,02-1037,02-1037,02-1037,02-0458,02-0003,0,rabbani,"2024-09-24 00:00:00",Yes,0,NULL,0,1,1,01-0001,NULL,NULL
704,02-2361,02-0046,02-1019,02-1876,02-0458,02-0003,0,rabbani,"2024-09-22 10:51:39",Yes,0,NULL,0,1,1,01-0001,NULL,NULL
705,02-1445,02-2597,02-2597,02-1037,02-0458,02-0003,0,rabbani,"2024-09-22 10:51:39",Yes,0,NULL,0,0,1,01-0001,NULL,NULL
706,02-1576,02-0968,02-1037,02-1037,02-0458,02-0003,0,rabbani,"2024-09-24 00:00:00",Yes,0,NULL,0,1,1,01-0001,NULL,NULL
707,02-1174,02-0061,02-0061,02-1876,02-0458,02-0003,0,rabbani,"2024-09-22 10:51:40",Yes,0,NULL,0,1,1,01-0001,NULL,NULL
708,02-1411,02-2597,02-2597,02-1037,02-0458,02-0003,0,rabbani,"2024-09-22 10:51:40",Yes,0,NULL,0,0,1,01-0001,NULL,NULL
709,02-2195,02-2690,02-1019,02-1876,02-0458,02-0003,0,rabbani,"2024-09-22 10:51:40",Yes,0,NULL,0,1,1,01-0001,NULL,NULL
710,02-0849,02-1573,02-0218,02-0103,02-0458,02-0003,0,rabbani,"2024-09-22 10:51:41",Yes,0,NULL,0,0,1,01-0001,NULL,NULL
711,02-0445,02-0375,02-1409,02-1409,02-0458,02-0003,0,rabbani,"2024-09-22 10:51:41",Yes,0,NULL,0,1,1,01-0001,NULL,NULL
712,02-0901,02-2488,02-0174,02-0174,02-0458,02-0003,0,rabbani,"2024-09-24 00:00:00",Yes,0,NULL,0,1,1,01-0001,NULL,NULL
713,02-1540,02-0828,02-0095,02-0095,02-0458,02-0003,0,rabbani,"2024-09-22 10:51:41",Yes,0,NULL,0,0,1,01-0001,NULL,NULL
714,02-0692,02-0968,02-1037,02-1037,02-0458,02-0003,0,rabbani,"2024-09-24 00:00:00",Yes,0,NULL,0,0,1,01-0001,NULL,NULL
715,02-1521,02-1823,02-1480,02-1320,02-0458,02-0003,0,rabbani,"2024-09-24 00:00:00",Yes,5,NULL,0,1,1,01-0001,NULL,NULL
716,02-0984,02-0181,02-1409,02-1409,02-0458,02-0003,0,rabbani,"2024-09-22 10:51:42",Yes,0,NULL,0,0,1,01-0001,NULL,NULL
717,02-1202,02-1612,02-0146,02-0146,02-0458,02-0003,0,rabbani,"2024-09-29 00:00:00",Yes,0,NULL,0,0,1,01-0001,NULL,NULL
718,02-1203,02-2155,02-2155,02-0095,02-0458,02-0003,0,rabbani,"2024-09-29 00:00:00",Yes,0,NULL,0,0,1,01-0001,NULL,NULL
719,02-1612,02-0693,02-0693,02-1409,02-0458,02-0003,0,rabbani,"2024-09-22 10:51:43",Yes,0,NULL,0,1,1,01-0001,NULL,NULL
720,02-1613,02-1280,02-1037,02-1037,02-0458,02-0003,0,rabbani,"2024-09-24 00:00:00",Yes,0,NULL,0,0,1,01-0001,NULL,NULL
721,02-2057,02-2690,02-1019,02-1876,02-0458,02-0003,0,rabbani,"2024-09-22 10:51:43",Yes,0,NULL,0,1,1,01-0001,NULL,NULL
722,02-0599,02-0734,02-0174,02-0174,02-0458,02-0003,0,rabbani,"2024-09-24 00:00:00",Yes,0,NULL,0,0,1,01-0001,NULL,NULL
723,02-0600,02-0119,02-0119,02-0309,02-0458,02-0003,0,rabbani,"2024-09-22 10:51:44",Yes,0,NULL,0,0,1,01-0001,NULL,NULL
724,02-0602,02-0080,02-0094,02-0094,02-0094,02-0003,0,rabbani,"2024-09-22 10:51:44",Yes,0,NULL,0,0,1,01-0001,NULL,NULL
725,02-1022,02-1270,02-0095,02-0095,02-0458,02-0003,0,rabbani,"2024-09-22 10:51:44",Yes,0,NULL,0,0,1,01-0001,NULL,NULL
726,02-1413,02-1459,02-1459,02-0174,02-0458,02-0003,0,rabbani,"2024-09-24 00:00:00",Yes,0,NULL,0,0,1,01-0001,NULL,NULL
727,02-1857,02-1136,02-1136,02-0174,02-0458,02-0003,0,rabbani,"2024-09-24 00:00:00",Yes,0,NULL,0,0,1,01-0001,NULL,NULL
728,02-0762,02-1270,02-0095,02-0095,02-0458,02-0003,0,rabbani,"2024-09-22 10:51:45",Yes,0,NULL,0,0,1,01-0001,NULL,NULL
729,02-1594,02-2403,02-0174,02-0174,02-0458,02-0003,0,rabbani,"2024-09-24 00:00:00",Yes,0,NULL,0,0,1,01-0001,NULL,NULL
730,02-1595,02-0181,02-0181,02-1409,02-0458,02-0003,0,rabbani,"2024-09-22 10:51:45",Yes,0,NULL,0,0,1,01-0001,NULL,NULL
731,02-1011,02-0080,02-0094,02-0094,02-0094,02-0003,0,rabbani,"2024-09-22 10:51:46",Yes,0,NULL,0,0,1,01-0001,NULL,NULL
732,02-1012,02-1160,02-1160,02-0103,02-0458,02-0003,0,rabbani,"2024-09-22 10:51:46",Yes,0,NULL,0,0,1,01-0001,NULL,NULL
733,02-1075,02-0831,02-0103,02-0103,02-0458,02-0003,0,rabbani,"2024-09-24 00:00:00",Yes,0,NULL,0,0,1,01-0001,NULL,NULL
734,02-1076,02-0375,02-1409,02-1409,02-0458,02-0003,0,rabbani,"2024-09-22 10:51:47",Yes,0,NULL,0,0,1,01-0001,NULL,NULL
735,02-0221,02-0119,02-0119,02-0309,02-0458,02-0003,0,rabbani,"2024-09-22 10:51:47",Yes,0,NULL,0,0,1,01-0001,NULL,NULL
736,02-2083,02-2513,02-1265,02-1409,02-0458,02-0003,0,rabbani,"2024-09-22 00:00:00",Yes,0,NULL,0,0,1,01-0001,NULL,NULL
737,02-0213,02-2442,02-1409,02-1409,02-0458,02-0003,0,rabbani,"2024-09-22 10:51:47",Yes,0,NULL,0,0,1,01-0001,NULL,NULL
738,02-0693,02-1409,02-1409,02-1409,02-0458,02-0003,0,rabbani,"2024-09-22 10:51:48",Yes,5,NULL,0,1,1,01-0001,NULL,NULL
739,02-0727,02-2428,02-1160,02-0103,02-0458,02-0003,0,rabbani,"2024-09-22 10:51:48",Yes,0,NULL,0,0,1,01-0001,NULL,NULL
740,02-0728,02-0218,02-0218,02-0103,02-0458,02-0003,0,rabbani,"2024-09-22 10:51:48",Yes,0,NULL,0,0,1,01-0001,NULL,NULL
741,02-2091,02-2501,02-0690,02-1037,02-0458,02-0003,0,rabbani,"2024-09-24 00:00:00",Yes,0,NULL,0,1,1,01-0001,NULL,NULL
742,02-0961,02-2501,02-0690,02-1037,02-0458,02-0003,0,rabbani,"2024-09-24 00:00:00",Yes,0,NULL,0,1,1,01-0001,NULL,NULL
743,02-1886,02-0218,02-0218,02-0103,02-0458,02-0003,0,rabbani,"2024-09-22 10:51:49",Yes,0,NULL,0,0,1,01-0001,NULL,NULL
744,02-1887,02-0956,02-1265,02-1409,02-0458,02-0003,0,rabbani,"2024-09-22 10:51:49",Yes,0,NULL,0,0,1,01-0001,NULL,NULL
745,02-0603,02-0181,02-1409,02-1409,02-0458,02-0003,0,rabbani,"2024-09-22 10:51:49",Yes,0,NULL,0,0,1,01-0001,NULL,NULL
746,02-1705,02-0300,02-1948,02-1948,02-0458,02-0003,0,rabbani,"2024-09-29 00:00:00",Yes,0,NULL,0,0,1,01-0001,NULL,NULL
747,02-2262,02-2179,02-1019,02-1876,02-0458,02-0003,0,rabbani,"2024-09-22 10:51:50",Yes,0,NULL,0,1,1,01-0001,NULL,NULL
748,02-2263,02-1019,02-1019,02-0757,02-0458,02-0003,0,rabbani,"2024-09-22 10:51:50",Yes,0,NULL,0,1,1,01-0001,NULL,NULL
749,02-1615,02-0416,02-0095,02-0095,02-0458,02-0003,0,rabbani,"2024-09-22 10:51:50",Yes,0,NULL,0,0,1,01-0001,NULL,NULL
750,02-1640,02-1019,02-1019,02-0757,02-0458,02-0003,0,rabbani,"2024-09-22 10:51:51",Yes,0,NULL,0,1,1,01-0001,NULL,NULL
751,02-0988,02-1082,02-1950,02-1037,02-0458,02-0003,0,rabbani,"2024-09-24 00:00:00",Yes,0,NULL,0,0,1,01-0001,NULL,NULL
752,02-1617,02-0294,02-0294,02-0174,02-0458,02-0003,0,rabbani,"2024-09-24 00:00:00",Yes,0,NULL,0,0,1,01-0001,NULL,NULL
753,02-2101,02-1019,02-1019,02-0757,02-0458,02-0003,0,rabbani,"2024-09-22 10:51:52",Yes,0,NULL,0,1,1,01-0001,NULL,NULL
754,02-2104,02-0411,02-0073,02-0757,02-0458,02-0003,0,rabbani,"2024-09-22 10:51:52",Yes,0,NULL,0,1,1,01-0001,NULL,NULL
755,02-2105,02-0283,02-0210,02-0757,02-0458,02-0003,0,rabbani,"2024-09-22 10:51:52",Yes,0,NULL,0,1,1,01-0001,NULL,NULL
756,02-1036,02-0258,02-1409,02-1409,02-0458,02-0003,0,rabbani,"2024-09-22 10:51:52",Yes,0,NULL,0,0,1,01-0001,NULL,NULL
757,02-1340,02-0073,02-0757,02-0757,02-0458,02-0003,0,rabbani,"2024-09-22 10:51:53",Yes,0,NULL,0,1,1,01-0001,NULL,NULL
758,02-1362,02-2597,02-2597,02-1037,02-0458,02-0003,0,rabbani,"2024-09-22 10:51:53",Yes,0,NULL,0,0,1,01-0001,NULL,NULL
759,02-0098,02-1280,02-1037,02-1037,02-0458,02-0003,0,rabbani,"2024-09-24 00:00:00",Yes,0,NULL,0,1,1,01-0001,NULL,NULL
760,02-0100,02-1160,02-1160,02-0103,02-0458,02-0003,0,rabbani,"2024-09-22 10:51:53",Yes,0,NULL,0,0,1,01-0001,NULL,NULL
761,02-0101,02-0181,02-1409,02-1409,02-0458,02-0003,0,rabbani,"2024-09-22 10:51:54",Yes,0,NULL,0,1,1,01-0001,NULL,NULL
762,02-0119,02-0309,02-0309,02-0309,02-0458,02-0003,0,rabbani,"2024-09-22 10:51:54",Yes,5,NULL,0,1,1,01-0001,NULL,NULL
763,02-0318,02-0258,02-1409,02-1409,02-0458,02-0003,0,rabbani,"2024-09-22 10:51:54",Yes,0,NULL,0,0,1,01-0001,NULL,NULL
764,02-0565,02-0300,02-0464,02-0464,02-0458,02-0003,0,rabbani,"2024-09-29 00:00:00",Yes,0,NULL,0,0,1,01-0001,NULL,NULL
765,02-1189,02-0095,02-0095,02-1409,02-1409,02-0003,0,rabbani,"2024-09-22 10:51:54",Yes,0,NULL,0,1,1,01-0001,NULL,NULL
766,02-0176,02-0119,02-0119,02-0309,02-0458,02-0003,0,rabbani,"2024-09-22 10:51:55",Yes,0,NULL,0,0,1,01-0001,NULL,NULL
767,02-0178,02-2614,02-0095,02-0095,02-0458,02-0003,0,rabbani,"2024-09-22 10:51:55",Yes,0,NULL,0,0,1,01-0001,NULL,NULL
768,02-0590,02-1183,02-1183,02-0103,02-0458,02-0003,0,rabbani,"2024-09-22 10:51:55",Yes,0,NULL,0,1,1,01-0001,NULL,NULL
769,02-0832,02-0300,02-0464,02-0464,02-0458,02-0003,0,rabbani,"2024-09-29 00:00:00",Yes,0,NULL,0,0,1,01-0001,NULL,NULL
770,02-1014,02-1446,02-0913,02-0103,02-0458,02-0003,0,rabbani,"2024-09-22 10:51:56",Yes,0,NULL,0,0,1,01-0001,NULL,NULL
771,02-1476,02-1638,02-1638,02-0174,02-0458,02-0003,0,rabbani,"2024-09-24 00:00:00",Yes,0,NULL,0,0,1,01-0001,NULL,NULL
772,02-1479,02-0416,02-0095,02-0095,02-0458,02-0003,0,rabbani,"2024-09-22 10:51:56",Yes,0,NULL,0,0,1,01-0001,NULL,NULL
773,02-0222,02-0189,02-1409,02-1409,02-0458,02-0003,0,rabbani,"2024-09-22 10:51:56",Yes,0,NULL,0,0,1,01-0001,NULL,NULL
774,02-0548,02-0300,02-0464,02-0464,02-0458,02-0003,0,rabbani,"2024-09-29 00:00:00",Yes,0,NULL,0,0,1,01-0001,NULL,NULL
775,02-0337,02-0693,02-0146,02-0146,02-0458,02-0003,0,rabbani,"2024-09-22 10:51:57",Yes,0,NULL,0,0,1,01-0001,NULL,NULL
776,02-1630,02-0309,02-0309,02-0309,02-0458,02-0003,0,rabbani,"2024-09-22 10:51:57",Yes,0,NULL,0,1,1,01-0001,NULL,NULL
777,02-1631,02-0913,02-0913,02-0103,02-0458,02-0003,0,rabbani,"2024-09-22 10:51:57",Yes,0,NULL,0,0,1,01-0001,NULL,NULL
778,02-0731,02-0119,02-0119,02-0309,02-0458,02-0003,0,rabbani,"2024-09-22 10:51:58",Yes,0,NULL,0,0,1,01-0001,NULL,NULL
779,02-0126,02-0119,02-0119,02-0309,02-0458,02-0003,0,rabbani,"2024-09-22 10:51:58",Yes,0,NULL,0,0,1,01-0001,NULL,NULL
780,02-0555,02-0300,02-0464,02-0464,02-0458,02-0003,0,rabbani,"2024-09-29 00:00:00",Yes,0,NULL,0,0,1,01-0001,NULL,NULL
781,02-0662,02-1823,02-1480,02-1320,02-0458,02-0003,0,rabbani,"2024-09-24 00:00:00",Yes,0,NULL,0,1,1,01-0001,NULL,NULL
782,02-0663,02-0375,02-1409,02-1409,02-0458,02-0003,0,rabbani,"2024-09-22 10:51:59",Yes,0,NULL,0,0,1,01-0001,NULL,NULL
783,02-0194,02-1280,02-1037,02-1037,02-0458,02-0003,0,rabbani,"2024-09-24 00:00:00",Yes,0,NULL,0,0,1,01-0001,NULL,NULL
784,02-1312,02-0181,02-1409,02-1409,02-0458,02-0003,0,rabbani,"2024-09-22 10:51:59",Yes,0,NULL,0,0,1,01-0001,NULL,NULL
785,02-1341,02-1266,02-1037,02-1037,02-0458,02-0003,0,rabbani,"2024-09-22 10:51:59",Yes,0,NULL,0,0,1,01-0001,NULL,NULL
786,02-1316,02-0822,02-0822,02-0174,02-0458,02-0003,0,rabbani,"2024-09-24 00:00:00",Yes,0,NULL,0,0,1,01-0001,NULL,NULL
787,02-2368,02-2739,02-1265,02-1409,02-0458,02-0003,0,rabbani,"2024-09-22 10:52:00",Yes,0,NULL,0,0,1,01-0001,NULL,NULL
788,02-2369,02-0734,02-0174,02-0174,02-0458,02-0003,0,rabbani,"2024-09-24 00:00:00",Yes,0,NULL,0,0,1,01-0001,NULL,NULL
789,02-2371,02-0835,02-2072,02-2072,02-2380,02-0003,0,rabbani,"2024-09-22 10:52:01",Yes,0,NULL,0,1,1,01-0001,NULL,NULL
790,02-1330,02-2597,02-2597,02-1037,02-0458,02-0003,0,rabbani,"2024-09-22 10:52:01",Yes,0,NULL,0,0,1,01-0001,NULL,NULL
791,02-0825,02-1160,02-1160,02-0103,02-0458,02-0003,0,rabbani,"2024-09-22 10:52:01",Yes,0,NULL,0,1,1,01-0001,NULL,NULL
792,02-0453,02-1161,02-1161,02-0103,02-0458,02-0003,0,rabbani,"2024-09-22 10:52:01",Yes,0,NULL,0,0,1,01-0001,NULL,NULL
793,02-1077,02-1280,02-1280,02-1037,02-0458,02-0003,0,rabbani,"2024-09-24 00:00:00",Yes,0,NULL,0,1,1,01-0001,NULL,NULL
794,02-1078,02-1136,02-1136,02-0174,02-0458,02-0003,0,rabbani,"2024-09-24 00:00:00",Yes,0,NULL,0,0,1,01-0001,NULL,NULL
795,02-2210,02-1247,02-1247,02-0996,02-0458,02-0003,0,rabbani,"2024-09-22 10:52:02",Yes,0,NULL,0,1,1,01-0001,NULL,NULL
796,02-2211,02-2179,02-1019,02-1876,02-0458,02-0003,0,rabbani,"2024-09-22 10:52:03",Yes,0,NULL,0,1,1,01-0001,NULL,NULL
797,02-2214,02-0847,02-0847,02-0847,02-1998,01-0001,0,rabbani,"2024-09-22 10:52:03",Yes,5,NULL,0,1,1,01-0001,NULL,NULL
798,02-0902,02-1931,02-0103,02-0103,02-1320,02-0003,0,rabbani,"2024-09-24 00:00:00",Yes,0,NULL,0,0,1,01-0001,NULL,NULL
799,02-0996,02-1320,02-1320,02-1320,02-0458,02-0003,0,rabbani,"2024-09-22 10:52:03",Yes,100,NULL,0,1,1,01-0001,NULL,NULL
800,02-2471,02-0174,02-0174,02-1409,02-0458,02-0003,0,rabbani,"2024-09-22 10:52:04",Yes,0,NULL,0,0,1,01-0001,NULL,NULL
801,02-2475,02-0174,02-0174,02-0174,02-0458,02-0003,0,rabbani,"2024-09-22 10:52:04",Yes,0,NULL,0,0,1,01-0001,NULL,NULL
802,02-0734,02-2488,02-0174,02-0174,02-0458,02-0003,0,rabbani,"2024-09-24 00:00:00",Yes,0,NULL,0,1,1,01-0001,NULL,NULL
803,02-0025,02-1280,02-1037,02-1037,02-0458,02-0003,0,rabbani,"2024-09-24 00:00:00",Yes,0,NULL,0,1,1,01-0001,NULL,NULL
804,02-0962,02-2155,02-2155,02-0095,02-0458,02-0003,0,rabbani,"2024-09-22 10:52:05",Yes,0,NULL,0,0,1,01-0001,NULL,NULL
805,02-0963,02-0626,02-1409,02-1409,02-0458,02-0003,0,rabbani,"2024-09-22 10:52:05",Yes,0,NULL,0,0,1,01-0001,NULL,NULL
806,02-0364,02-0189,02-1409,02-1409,02-0458,02-0003,0,rabbani,"2024-09-22 10:52:05",Yes,0,NULL,0,0,1,01-0001,NULL,NULL
807,02-0669,02-0968,02-0968,02-1037,02-0458,02-0003,0,rasif,"2024-09-26 00:00:00",Yes,0,NULL,0,0,1,01-0001,NULL,NULL
808,02-0765,02-1010,02-0913,02-0103,02-0458,02-0003,0,rabbani,"2024-09-22 10:52:06",Yes,0,NULL,0,1,1,01-0001,NULL,NULL
809,02-0940,02-0080,02-0094,02-0094,02-0094,02-0003,0,rabbani,"2024-09-22 10:52:06",Yes,0,NULL,0,0,1,01-0001,NULL,NULL
810,02-0942,02-0375,02-1409,02-1409,02-0458,02-0003,0,rabbani,"2024-09-22 10:52:06",Yes,0,NULL,0,0,1,01-0001,NULL,NULL
811,02-2464,02-1527,02-0146,02-0146,02-0458,02-0003,0,rabbani,"2024-09-22 10:52:07",Yes,0,NULL,0,0,1,01-0001,NULL,NULL
812,02-0175,02-0258,02-1409,02-1409,02-0458,02-0003,0,rabbani,"2024-09-22 10:52:07",Yes,0,NULL,0,0,1,01-0001,NULL,NULL
813,02-0200,02-0626,02-1409,02-1409,02-1409,02-0003,0,rabbani,"2024-09-22 10:52:07",Yes,0,NULL,0,0,1,01-0001,NULL,NULL
814,02-0202,02-0258,02-1409,02-1409,02-0458,02-0003,0,rabbani,"2024-09-22 10:52:07",Yes,0,NULL,0,0,1,01-0001,NULL,NULL
815,02-0303,02-2442,02-2442,02-1409,02-0458,02-0003,0,rabbani,"2024-09-22 10:52:08",Yes,0,NULL,0,0,1,01-0001,NULL,NULL
816,02-1546,02-1183,02-1183,02-0103,02-0458,02-0003,0,rabbani,"2024-09-22 10:52:08",Yes,0,NULL,0,0,1,01-0001,NULL,NULL
817,02-2229,02-0218,02-0218,02-0103,02-0458,02-0003,0,rabbani,"2024-09-22 10:52:08",Yes,0,NULL,0,1,1,01-0001,NULL,NULL
818,02-0401,02-0189,02-1409,02-1409,02-0458,02-0003,0,rabbani,"2024-09-22 10:52:08",Yes,0,NULL,0,1,1,01-0001,NULL,NULL
819,02-0989,02-0869,02-0095,02-0095,02-0458,02-0003,0,rabbani,"2024-09-22 10:52:08",Yes,0,NULL,0,0,1,01-0001,NULL,NULL
820,02-2135,02-0901,02-0901,02-0174,02-0458,02-0003,0,rabbani,"2024-09-24 00:00:00",Yes,0,NULL,0,0,1,01-0001,NULL,NULL
821,02-0554,02-0300,02-0464,02-0464,02-0458,02-0003,0,rabbani,"2024-09-29 00:00:00",Yes,0,NULL,0,0,1,01-0001,NULL,NULL
822,02-1580,02-0232,02-0232,02-1409,02-0458,02-0003,0,rabbani,"2024-09-22 10:52:09",Yes,0,NULL,0,0,1,01-0001,NULL,NULL
823,02-0621,02-2052,02-2052,02-1409,02-1409,02-0003,0,rabbani,"2024-09-24 00:00:00",Yes,0,NULL,0,1,1,01-0001,NULL,NULL
824,02-0622,02-0181,02-0181,02-1409,02-0458,02-0003,0,rabbani,"2024-09-24 00:00:00",Yes,0,NULL,0,1,1,01-0001,NULL,NULL
825,02-1345,02-0828,02-0095,02-0095,02-0458,02-0003,0,rabbani,"2024-09-22 10:52:10",Yes,0,NULL,0,0,1,01-0001,NULL,NULL
826,02-1346,02-1183,02-1183,02-0103,02-0458,02-0003,0,rabbani,"2024-09-22 10:52:10",Yes,0,NULL,0,0,1,01-0001,NULL,NULL
827,02-1347,02-0095,02-0095,02-1409,02-0458,02-0003,0,rabbani,"2024-09-22 10:52:11",Yes,0,NULL,0,0,1,01-0001,NULL,NULL
828,02-1348,02-0119,02-0119,02-0309,02-0458,02-0003,0,rabbani,"2024-09-22 10:52:11",Yes,0,NULL,0,0,1,01-0001,NULL,NULL
829,02-1349,02-2403,02-0174,02-0174,02-0458,02-0003,0,rabbani,"2024-09-24 00:00:00",Yes,0,NULL,0,0,1,01-0001,NULL,NULL
830,02-1350,02-1526,02-1409,02-1409,02-0458,02-0003,0,rabbani,"2024-09-22 10:52:11",Yes,0,NULL,0,0,1,01-0001,NULL,NULL
831,02-1351,02-0218,02-0218,02-0103,02-0458,02-0003,0,rabbani,"2024-09-22 10:52:12",Yes,0,NULL,0,0,1,01-0001,NULL,NULL
832,02-1402,02-2597,02-2597,02-1037,02-0458,02-0003,0,rabbani,"2024-09-22 10:52:12",Yes,0,NULL,0,0,1,01-0001,NULL,NULL
833,02-0410,02-0693,02-0693,02-1409,02-0458,02-0003,0,rabbani,"2024-09-22 10:52:12",Yes,5,NULL,0,1,1,01-0001,NULL,NULL
834,02-1650,02-0693,02-0693,02-1409,02-0458,02-0003,0,rabbani,"2024-09-22 10:52:12",Yes,0,NULL,0,0,1,01-0001,NULL,NULL
835,02-1901,02-1265,02-1409,02-1409,02-0458,02-0003,0,rabbani,"2024-09-29 00:00:00",Yes,0,NULL,0,0,1,01-0001,NULL,NULL
836,02-1354,02-2597,02-2597,02-1037,02-0458,02-0003,0,rabbani,"2024-09-22 10:52:13",Yes,0,NULL,0,0,1,01-0001,NULL,NULL
837,02-0228,02-1460,02-0210,02-0757,02-0458,02-0003,0,rabbani,"2024-09-22 10:52:13",Yes,5,NULL,0,1,1,01-0001,NULL,NULL
838,02-1136,02-0174,02-0174,02-1409,02-0458,02-0003,0,rabbani,"2024-09-22 10:52:13",Yes,5,NULL,0,1,1,01-0001,NULL,NULL
839,02-1547,02-0626,02-0146,02-0146,02-0458,02-0003,0,rabbani,"2024-09-22 10:52:13",Yes,0,NULL,0,0,1,01-0001,NULL,NULL
840,02-1003,02-0956,02-1265,02-1409,02-0458,02-0003,0,rabbani,"2024-09-24 00:00:00",Yes,0,NULL,0,0,1,01-0001,NULL,NULL
841,02-1243,02-0258,02-1409,02-1409,02-0458,02-0003,0,rabbani,"2024-09-22 10:52:14",Yes,0,NULL,0,0,1,01-0001,NULL,NULL
842,02-1244,02-0693,02-0693,02-1409,02-0458,02-0003,0,rabbani,"2024-09-22 10:52:14",Yes,0,NULL,0,0,1,01-0001,NULL,NULL
843,02-1245,02-0181,02-1409,02-1409,02-0458,02-0003,0,rabbani,"2024-09-22 10:52:14",Yes,0,NULL,0,0,1,01-0001,NULL,NULL
844,02-1986,02-1272,02-1272,02-0174,02-0458,02-0003,0,rabbani,"2024-09-24 00:00:00",Yes,0,NULL,0,0,1,01-0001,NULL,NULL
845,02-1987,02-1272,02-0247,02-0174,02-0458,02-0003,0,rabbani,"2024-09-24 00:00:00",Yes,0,NULL,0,0,1,01-0001,NULL,NULL
846,02-2136,02-0411,02-0757,02-0757,02-0458,02-0003,0,rabbani,"2024-09-22 10:52:15",Yes,0,NULL,0,1,1,01-0001,NULL,NULL
847,02-0236,02-0970,02-0996,02-0996,02-0458,02-0003,0,rabbani,"2024-09-22 10:52:15",Yes,5,NULL,0,1,1,01-0001,NULL,NULL
848,02-1141,02-2653,02-2653,02-1037,02-0458,02-0003,0,rabbani,"2024-09-22 10:52:16",Yes,0,NULL,0,0,1,01-0001,NULL,NULL
849,02-0625,02-0080,02-0094,02-0094,02-0094,02-0003,0,rabbani,"2024-09-22 10:52:16",Yes,0,NULL,0,0,1,01-0001,NULL,NULL
850,02-1781,02-1019,02-1019,02-0757,02-0458,02-0003,0,rabbani,"2024-09-22 10:52:16",Yes,0,NULL,0,1,1,01-0001,NULL,NULL
851,02-0682,02-2501,02-0690,02-1037,02-0458,02-0003,0,rabbani,"2024-09-24 00:00:00",Yes,0,NULL,0,1,1,01-0001,NULL,NULL
852,02-1548,02-0606,02-0606,02-0606,01-0001,01-0001,0,rabbani,"2024-09-22 10:52:17",Yes,0,NULL,0,1,1,01-0001,NULL,NULL
853,02-1526,02-1160,02-1160,02-0103,02-0458,02-0003,0,rabbani,"2024-09-22 10:52:17",Yes,0,NULL,0,1,1,01-0001,NULL,NULL
854,02-1527,02-1136,02-1136,02-0174,02-0458,02-0003,0,rabbani,"2024-09-22 10:52:17",Yes,0,NULL,0,1,1,01-0001,NULL,NULL
855,02-0255,02-0693,02-1409,02-1409,02-0458,02-0003,0,rabbani,"2024-09-22 10:52:18",Yes,0,NULL,0,0,1,01-0001,NULL,NULL
856,02-1770,02-2690,02-1019,02-1876,02-0458,02-0003,0,rabbani,"2024-09-22 10:52:18",Yes,0,NULL,0,1,1,01-0001,NULL,NULL
857,02-0490,02-0119,02-0119,02-0309,02-0458,02-0003,0,rabbani,"2024-09-22 10:52:18",Yes,0,NULL,0,0,1,01-0001,NULL,NULL
858,02-1418,02-0181,02-1409,02-1409,02-0458,02-0003,0,rabbani,"2024-09-22 10:52:19",Yes,0,NULL,0,0,1,01-0001,NULL,NULL
859,02-1419,02-0464,02-0464,02-1409,02-0458,02-0003,0,rabbani,"2024-09-22 10:52:19",Yes,0,NULL,0,1,1,01-0001,NULL,NULL
860,02-0626,02-2052,02-2052,02-1409,02-0458,02-0003,0,rabbani,"2024-09-24 00:00:00",Yes,0,NULL,0,1,1,01-0001,NULL,NULL
861,02-0631,02-1183,02-0103,02-1409,02-0458,02-0003,0,rabbani,"2024-09-22 10:52:19",Yes,5,NULL,0,1,1,01-0001,NULL,NULL
862,02-1320,02-0458,02-0458,02-0458,02-0458,02-0003,0,rabbani,"2024-09-22 10:52:20",Yes,100,NULL,0,1,1,01-0001,NULL,NULL
863,02-0320,02-0693,02-0693,02-1409,02-0458,02-0003,0,rabbani,"2024-09-22 10:52:20",Yes,0,NULL,0,0,1,01-0001,NULL,NULL
864,02-1598,02-1037,02-1037,02-1037,02-0458,02-0003,0,rabbani,"2024-09-22 10:52:20",Yes,5,NULL,0,1,1,01-0001,NULL,NULL
865,02-1603,02-0095,02-0095,02-1409,02-0458,02-0003,0,rabbani,"2024-09-22 10:52:21",Yes,0,NULL,0,0,1,01-0001,NULL,NULL
866,02-0299,02-0095,02-1409,02-1409,02-0458,02-0003,0,rabbani,"2024-09-22 10:52:21",Yes,5,NULL,0,1,1,01-0001,NULL,NULL
867,02-0457,02-0309,02-0309,02-0309,02-0458,02-0003,0,rabbani,"2024-09-22 10:52:21",Yes,5,NULL,0,1,1,01-0001,NULL,NULL
868,02-0683,02-2501,02-0690,02-1037,02-0458,02-0003,0,rabbani,"2024-09-24 00:00:00",Yes,0,NULL,0,1,1,01-0001,NULL,NULL
869,02-1080,02-1480,02-1480,02-1320,02-0458,02-0003,0,rabbani,"2024-09-22 10:52:21",Yes,5,NULL,0,1,1,01-0001,NULL,NULL
870,02-1796,02-0383,02-0757,02-0757,02-0458,02-0003,0,rabbani,"2024-09-22 10:52:22",Yes,0,NULL,0,1,1,01-0001,NULL,NULL
871,02-1797,02-2618,02-2618,02-0323,02-2332,02-0003,0,rabbani,"2024-09-22 10:52:22",Yes,0,NULL,0,1,1,01-0001,NULL,NULL
872,02-0552,02-0300,02-0464,02-0464,02-0458,02-0003,0,rabbani,"2024-09-29 00:00:00",Yes,0,NULL,0,0,1,01-0001,NULL,NULL
873,02-2085,02-0677,02-0174,02-0174,02-0458,02-0003,0,rabbani,"2024-09-24 00:00:00",Yes,0,NULL,0,0,1,01-0001,NULL,NULL
874,02-2242,02-0299,02-0095,02-0095,02-0458,02-0003,0,rabbani,"2024-09-22 10:52:23",Yes,0,NULL,0,0,1,01-0001,NULL,NULL
875,02-2243,02-1521,02-1409,02-1409,02-0458,02-0003,0,rabbani,"2024-09-22 10:52:23",No,0,NULL,0,0,0,01-0001,NULL,NULL
876,02-2244,02-0046,02-1019,02-1876,02-0458,02-0003,0,rabbani,"2024-09-22 10:52:23",Yes,0,NULL,0,1,1,01-0001,NULL,NULL
877,02-0247,02-0174,02-0174,02-1409,02-0458,02-0003,0,rabbani,"2024-09-24 00:00:00",Yes,5,NULL,0,1,1,01-0001,NULL,NULL
878,02-0795,02-2072,02-2072,02-0103,02-0458,02-0003,0,rabbani,"2024-09-22 10:52:24",Yes,0,NULL,0,1,1,01-0001,NULL,NULL
879,02-0796,02-1621,02-1409,02-1409,02-0458,02-0003,0,rabbani,"2024-09-22 10:52:24",Yes,0,NULL,0,0,1,01-0001,NULL,NULL
880,02-0797,02-0375,02-1409,02-1409,02-0458,02-0003,0,rabbani,"2024-09-22 10:52:24",Yes,0,NULL,0,0,1,01-0001,NULL,NULL
881,02-2137,02-0080,02-0094,02-0094,02-0094,02-0003,0,rabbani,"2024-09-22 10:52:25",Yes,0,NULL,0,1,1,01-0001,NULL,NULL
882,02-0235,02-2488,02-2488,02-0174,02-0458,02-0003,0,rabbani,"2024-09-22 10:52:25",Yes,0,NULL,0,1,1,01-0001,NULL,NULL
883,02-0238,02-1080,02-0082,02-0082,02-0458,02-0003,0,rabbani,"2024-09-22 10:52:25",Yes,0,NULL,0,1,1,01-0001,NULL,NULL
884,02-1160,02-0103,02-0103,02-1409,02-0458,02-0003,0,rabbani,"2024-09-22 10:52:25",Yes,5,NULL,0,1,1,01-0001,NULL,NULL
885,02-1161,02-0218,02-0218,02-0103,02-0458,02-0003,0,rabbani,"2024-09-22 10:52:26",Yes,0,NULL,0,1,1,01-0001,NULL,NULL
886,02-0140,02-0189,02-1409,02-1409,02-0458,02-0003,0,rabbani,"2024-09-22 10:52:26",Yes,0,NULL,0,0,1,01-0001,NULL,NULL
887,02-0355,02-0913,02-0913,02-0103,02-0458,02-0003,0,rabbani,"2024-09-22 10:52:26",Yes,0,NULL,0,0,1,01-0001,NULL,NULL
888,02-0965,02-2428,02-0103,02-0103,02-0458,02-0003,0,rabbani,"2024-09-22 10:52:26",Yes,0,NULL,0,0,1,01-0001,NULL,NULL
889,02-0966,02-0835,02-0835,02-0103,02-0458,02-0003,0,rabbani,"2024-09-22 10:52:27",Yes,0,NULL,0,0,1,01-0001,NULL,NULL
890,02-0968,02-1037,02-1037,02-1037,02-0458,02-0003,0,rabbani,"2024-09-24 00:00:00",Yes,5,NULL,0,1,1,01-0001,NULL,NULL
891,02-0291,02-1298,02-0247,02-0174,02-0458,02-0003,0,rabbani,"2024-09-24 00:00:00",Yes,0,NULL,0,0,1,01-0001,NULL,NULL
892,02-0293,02-0677,02-0247,02-0247,02-0458,02-0003,0,rabbani,"2024-09-24 00:00:00",Yes,0,NULL,0,0,1,01-0001,NULL,NULL
893,02-0859,02-1749,02-1749,02-1409,02-0458,02-0003,0,rabbani,"2024-09-22 10:52:28",Yes,0,NULL,0,0,1,01-0001,NULL,NULL
894,02-0863,02-2501,02-0690,02-1037,02-0458,02-0003,0,rabbani,"2024-09-24 00:00:00",Yes,0,NULL,0,1,1,01-0001,NULL,NULL
895,02-0864,02-2501,02-0690,02-1037,02-0458,02-0003,0,rabbani,"2024-09-24 00:00:00",Yes,0,NULL,0,1,1,01-0001,NULL,NULL
896,02-1888,02-0458,02-0458,02-0458,02-0458,02-0003,0,rabbani,"2024-09-22 10:52:29",Yes,5,NULL,0,1,1,01-0001,NULL,NULL
897,02-2060,02-1931,02-1931,02-0174,02-0458,02-0003,0,rabbani,"2024-09-24 00:00:00",Yes,0,NULL,0,0,1,01-0001,NULL,NULL
898,02-2061,02-1298,02-0247,02-0174,02-0458,02-0003,0,rabbani,"2024-09-24 00:00:00",Yes,0,NULL,0,0,1,01-0001,NULL,NULL
899,02-2062,02-0882,02-0882,02-0174,02-0458,02-0003,0,rabbani,"2024-09-24 00:00:00",Yes,0,NULL,0,0,1,01-0001,NULL,NULL
900,02-0632,02-0218,02-0218,02-0103,02-0458,02-0003,0,rabbani,"2024-09-22 10:52:30",Yes,0,NULL,0,0,1,01-0001,NULL,NULL
901,02-0633,02-0080,02-0094,02-0094,02-0094,02-0003,0,rabbani,"2024-09-22 10:52:30",Yes,0,NULL,0,0,1,01-0001,NULL,NULL
902,02-0634,02-0590,02-1183,02-0103,02-0458,02-0003,0,rabbani,"2024-09-22 10:52:30",Yes,0,NULL,0,0,1,01-0001,NULL,NULL
903,02-0636,02-0956,02-1265,02-1409,02-0458,02-0003,0,rabbani,"2024-09-22 10:52:31",Yes,0,NULL,0,0,1,01-0001,NULL,NULL
904,02-0639,02-0693,02-1409,02-1409,02-0458,02-0003,0,rabbani,"2024-09-22 10:52:31",Yes,0,NULL,0,0,1,01-0001,NULL,NULL
905,02-0641,02-2096,02-2096,02-0095,02-0458,02-0003,0,rabbani,"2024-09-22 10:52:31",Yes,0,NULL,0,0,1,01-0001,NULL,NULL
906,02-0844,02-0299,02-0095,02-0095,02-0458,02-0003,0,rabbani,"2024-09-22 10:52:31",Yes,0,NULL,0,0,1,01-0001,NULL,NULL
907,02-2465,02-0631,02-0631,02-0103,02-0458,02-0003,0,rabbani,"2024-09-22 10:52:32",Yes,0,NULL,0,0,1,01-0001,NULL,NULL
908,02-2466,02-0798,02-0218,02-0103,02-0458,02-0003,0,rabbani,"2024-09-22 10:52:32",Yes,0,NULL,0,0,1,01-0001,NULL,NULL
909,02-0174,02-1409,02-1409,02-1409,02-0458,02-0003,1,rabbani,"2024-09-22 10:52:32",Yes,5,NULL,0,1,1,01-0001,NULL,NULL
910,02-0181,02-1409,02-1409,02-1409,02-0458,02-0003,0,rabbani,"2024-09-22 10:52:32",Yes,5,NULL,0,1,1,01-0001,NULL,NULL
911,02-1016,02-1182,02-1182,02-1409,02-0458,02-0003,0,rabbani,"2024-09-22 10:52:33",Yes,0,NULL,0,1,1,01-0001,NULL,NULL
912,02-1285,02-0968,02-1037,02-1037,02-0458,02-0003,0,rasif,"2024-09-26 00:00:00",Yes,0,NULL,0,0,1,01-0001,NULL,NULL
913,02-1287,02-0822,02-0822,02-0174,02-0458,02-0003,0,rabbani,"2024-09-24 00:00:00",Yes,0,NULL,0,0,1,01-0001,NULL,NULL
914,02-1289,02-0822,02-0822,02-0174,02-0458,02-0003,0,rabbani,"2024-09-24 00:00:00",Yes,0,NULL,0,0,1,01-0001,NULL,NULL
915,02-1290,02-0609,02-1409,02-1409,02-0458,02-0003,0,rabbani,"2024-09-22 10:52:34",Yes,0,NULL,0,0,1,01-0001,NULL,NULL
916,02-1848,02-2442,02-1409,02-1409,02-0458,02-0003,0,rabbani,"2024-09-22 10:52:34",Yes,0,NULL,0,1,1,01-0001,NULL,NULL
917,02-2009,02-1626,02-1626,02-1626,02-1454,02-0003,0,rabbani,"2024-09-22 10:52:34",Yes,0,NULL,0,1,1,01-0001,NULL,NULL
918,02-0063,02-1280,02-1037,02-1037,02-0458,02-0003,0,rabbani,"2024-09-24 00:00:00",Yes,0,NULL,0,0,1,01-0001,NULL,NULL
919,02-2281,02-2690,02-1019,02-1876,02-0458,02-0003,0,rabbani,"2024-09-22 10:52:35",Yes,0,NULL,0,1,1,01-0001,NULL,NULL
920,02-0798,02-0218,02-0218,02-0103,02-0458,02-0003,0,rabbani,"2024-09-22 10:52:35",Yes,0,NULL,0,1,1,01-0001,NULL,NULL
921,02-0799,02-0869,02-1876,02-1876,02-0458,02-0003,0,rabbani,"2024-09-22 10:52:35",Yes,0,NULL,0,0,1,01-0001,NULL,NULL
922,02-0738,02-0309,02-0309,02-0309,02-0458,02-0003,0,rabbani,"2024-09-22 10:52:35",Yes,5,NULL,0,1,1,01-0001,NULL,NULL
923,02-0739,02-0378,02-1409,02-1409,02-0458,02-0003,0,rabbani,"2024-09-22 10:52:36",Yes,0,NULL,0,0,1,01-0001,NULL,NULL
924,02-0781,02-0080,02-0094,02-0094,02-0094,02-0003,0,rabbani,"2024-09-22 10:52:36",Yes,0,NULL,0,0,1,01-0001,NULL,NULL
925,02-0782,02-0835,02-0103,02-0103,02-0458,02-0003,0,rabbani,"2024-09-22 10:52:36",Yes,0,NULL,0,0,1,01-0001,NULL,NULL
926,02-0970,02-0996,02-0996,02-1320,02-0458,02-0003,0,rabbani,"2024-09-22 10:52:37",Yes,5,NULL,0,1,1,01-0001,NULL,NULL
927,02-2110,02-1136,02-1136,02-0174,02-0458,02-0003,0,rabbani,"2024-09-24 00:00:00",Yes,0,NULL,0,0,1,01-0001,NULL,NULL
928,02-2203,02-0294,02-0294,02-0174,02-0458,02-0003,0,rabbani,"2024-09-24 00:00:00",Yes,0,NULL,0,0,1,01-0001,NULL,NULL
929,02-2204,02-1463,02-0247,02-0174,02-0458,02-0003,0,rabbani,"2024-09-26 00:00:00",Yes,0,NULL,0,0,1,01-0001,NULL,NULL
930,02-0283,02-0210,02-0757,02-0757,02-0458,02-0003,0,rabbani,"2024-09-22 10:52:38",Yes,5,NULL,0,1,1,01-0001,NULL,NULL
931,02-1037,02-0458,02-0458,02-0458,02-0458,02-0003,0,rabbani,"2024-09-22 10:52:38",Yes,100,NULL,0,1,1,01-0001,NULL,NULL
932,02-1073,02-2597,02-2597,02-1037,02-0458,02-0003,0,rabbani,"2024-09-22 10:52:38",Yes,0,NULL,0,0,1,01-0001,NULL,NULL
933,02-0484,02-0119,02-0119,02-0309,02-0458,02-0003,0,rabbani,"2024-09-22 10:52:38",Yes,0,NULL,0,0,1,01-0001,NULL,NULL
934,02-0948,02-0375,02-1409,02-1409,02-0458,02-0003,0,rabbani,"2024-09-22 10:52:39",Yes,0,NULL,0,0,1,01-0001,NULL,NULL
935,02-2096,02-0095,02-0095,02-1409,02-0458,02-0003,0,rabbani,"2024-09-22 10:52:39",Yes,0,NULL,0,1,1,01-0001,NULL,NULL
936,02-2097,02-2179,02-1019,02-1876,02-0458,02-0003,0,rabbani,"2024-09-22 10:52:39",Yes,0,NULL,0,1,1,01-0001,NULL,NULL
937,02-2098,02-1888,02-1888,02-1888,02-0458,02-0003,0,rabbani,"2024-09-22 10:52:40",Yes,0,NULL,0,1,1,01-0001,NULL,NULL
938,02-1293,02-2488,02-0174,02-0174,02-0458,02-0003,0,rabbani,"2024-09-24 00:00:00",Yes,0,NULL,0,1,1,01-0001,NULL,NULL
939,02-1483,02-0359,02-0359,02-0757,02-0458,02-0003,0,rabbani,"2024-09-22 10:52:40",Yes,0,NULL,0,1,1,01-0001,NULL,NULL
940,02-1488,02-2428,02-0103,02-0103,02-0458,02-0003,0,rabbani,"2024-09-22 10:52:40",Yes,0,NULL,0,0,1,01-0001,NULL,NULL
941,02-1490,02-0810,02-0095,02-0095,02-0458,02-0003,0,rabbani,"2024-09-22 10:52:41",Yes,0,NULL,0,0,1,01-0001,NULL,NULL
942,02-1728,02-0080,02-0094,02-0094,02-0094,02-0003,0,rabbani,"2024-09-22 10:52:41",Yes,0,NULL,0,0,1,01-0001,NULL,NULL
943,02-1729,02-1010,02-0913,02-0103,02-0458,02-0003,0,rabbani,"2024-09-22 10:52:41",Yes,0,NULL,0,0,1,01-0001,NULL,NULL
944,02-0217,02-0309,02-0309,02-0309,02-0458,02-0003,0,rabbani,"2024-09-22 10:52:41",Yes,5,NULL,0,1,1,01-0001,NULL,NULL
945,02-2149,02-1888,02-1888,02-1888,02-0458,02-0003,0,rabbani,"2024-09-22 10:52:42",Yes,0,NULL,0,1,1,01-0001,NULL,NULL
946,02-2150,02-1638,02-1638,02-0174,02-0458,02-0003,0,rabbani,"2024-09-24 00:00:00",Yes,0,NULL,0,0,1,01-0001,NULL,NULL
947,02-0332,02-0416,02-0095,02-0095,02-0458,02-0003,0,rabbani,"2024-09-22 10:52:42",Yes,0,NULL,0,0,1,01-0001,NULL,NULL
948,02-0785,02-2614,02-0095,02-0095,02-0458,02-0003,0,rabbani,"2024-09-22 10:52:43",Yes,0,NULL,0,0,1,01-0001,NULL,NULL
949,02-1058,02-0798,02-0798,02-0103,02-0458,02-0003,0,rabbani,"2024-09-22 10:52:43",Yes,0,NULL,0,0,1,01-0001,NULL,NULL
950,02-0122,02-2653,02-2653,02-1037,02-0458,02-0003,0,rabbani,"2024-09-22 10:52:43",Yes,0,NULL,0,0,1,01-0001,NULL,NULL
951,02-2046,02-0383,02-0757,02-0757,02-0458,02-0003,0,rabbani,"2024-09-22 10:52:43",Yes,0,NULL,0,1,1,01-0001,NULL,NULL
952,02-2380,02-1037,02-1037,02-1037,02-0458,02-0003,0,rabbani,"2024-09-24 00:00:00",Yes,5,NULL,1,1,1,01-0001,NULL,NULL
953,02-1192,02-0693,02-1409,02-1409,02-0458,02-0003,0,rabbani,"2024-09-22 10:52:44",Yes,0,NULL,0,0,1,01-0001,NULL,NULL
954,02-0411,02-0073,02-0073,02-0757,02-0458,02-0003,0,rabbani,"2024-09-22 10:52:44",Yes,5,NULL,0,1,1,01-0001,NULL,NULL
955,02-2012,02-1573,02-0218,02-0103,02-0458,02-0003,0,rabbani,"2024-09-22 10:52:44",Yes,0,NULL,0,0,1,01-0001,NULL,NULL
956,02-1082,02-1950,02-1037,02-1037,02-0458,02-0003,0,rabbani,"2024-09-24 00:00:00",Yes,0,NULL,0,1,1,01-0001,NULL,NULL
957,02-1494,02-1183,02-1183,02-0103,02-0458,02-0003,0,rabbani,"2024-09-22 10:52:45",Yes,0,NULL,0,1,1,01-0001,NULL,NULL
958,02-0405,02-0119,02-0119,02-0309,02-0458,02-0003,0,rabbani,"2024-09-22 10:52:45",Yes,0,NULL,0,0,1,01-0001,NULL,NULL
959,02-1641,02-1556,02-0073,02-0757,02-0458,02-0003,0,rabbani,"2024-09-22 10:52:46",Yes,0,NULL,0,1,1,01-0001,NULL,NULL
960,02-0801,02-1182,02-1182,02-1409,02-0458,02-0003,0,rabbani,"2024-09-22 10:52:46",Yes,0,NULL,0,1,1,01-0001,NULL,NULL
961,02-1632,02-1888,02-1888,02-1888,02-0458,02-0003,0,rabbani,"2024-09-22 10:52:46",Yes,5,NULL,0,1,1,01-0001,NULL,NULL
962,02-1582,02-1638,02-1638,02-0174,02-0458,02-0003,0,rabbani,"2024-09-24 00:00:00",Yes,0,NULL,0,0,1,01-0001,NULL,NULL
963,02-1874,02-0218,02-0218,02-0103,02-0458,02-0003,0,rabbani,"2024-09-22 10:52:47",Yes,0,NULL,0,0,1,01-0001,NULL,NULL
964,02-1875,02-0299,02-0095,02-0095,02-0458,02-0003,0,rabbani,"2024-09-22 10:52:47",Yes,0,NULL,0,0,1,01-0001,NULL,NULL
965,02-1876,02-0458,02-0458,02-0458,02-0458,02-0003,0,rabbani,"2024-09-22 10:52:47",Yes,5,NULL,0,1,1,01-0001,NULL,NULL
966,02-2047,02-1608,02-1409,02-1409,02-0458,02-0003,0,rabbani,"2024-09-22 10:52:47",Yes,0,NULL,0,0,1,01-0001,NULL,NULL
967,02-0349,02-0046,02-0046,02-1480,02-1320,02-0003,0,rabbani,"2024-09-22 10:52:48",Yes,0,NULL,0,1,1,01-0001,NULL,NULL
968,02-1669,02-0693,02-1409,02-1409,02-0458,02-0003,0,rabbani,"2024-09-22 10:52:48",Yes,0,NULL,0,0,1,01-0001,NULL,NULL
969,02-1193,02-0677,02-0174,02-0174,02-0458,02-0003,0,rabbani,"2024-09-24 00:00:00",Yes,0,NULL,0,1,1,01-0001,NULL,NULL
970,02-1652,02-0901,02-0174,02-0174,02-0458,02-0003,0,rabbani,"2024-09-24 00:00:00",Yes,0,NULL,0,0,1,01-0001,NULL,NULL
971,02-1653,02-1160,02-1160,02-0103,02-0458,02-0003,0,rabbani,"2024-09-22 10:52:49",Yes,0,NULL,0,0,1,01-0001,NULL,NULL
972,02-1139,02-0119,02-0119,02-0309,02-0458,02-0003,0,rabbani,"2024-09-22 10:52:49",Yes,0,NULL,0,0,1,01-0001,NULL,NULL
973,02-1140,02-1265,02-1409,02-1409,02-0458,02-0003,0,rabbani,"2024-09-22 10:52:49",Yes,0,NULL,0,0,1,01-0001,NULL,NULL
974,02-1266,02-1037,02-1037,02-1320,02-0458,02-0003,0,rabbani,"2024-09-22 10:52:49",Yes,5,NULL,0,1,1,01-0001,NULL,NULL
975,02-2153,02-0046,02-1019,02-1876,02-0458,02-0003,0,rabbani,"2024-09-22 10:52:50",Yes,0,NULL,0,1,1,01-0001,NULL,NULL
976,02-2154,02-2488,02-0103,02-0103,02-0458,02-0003,0,rabbani,"2024-09-24 00:00:00",Yes,0,NULL,0,1,1,01-0001,NULL,NULL
977,02-2155,02-0095,02-0095,02-0095,02-0458,02-0003,0,rabbani,"2024-09-22 10:52:50",Yes,0,NULL,0,1,1,01-0001,NULL,NULL
978,02-1162,02-0621,02-2052,02-1409,02-0458,02-0003,0,rabbani,"2024-09-22 10:52:51",Yes,0,NULL,0,0,1,01-0001,NULL,NULL
979,02-1163,02-2469,02-1409,02-1409,02-0458,02-0003,0,rabbani,"2024-09-22 10:52:51",Yes,0,NULL,0,0,1,01-0001,NULL,NULL
980,02-1737,02-0300,02-0464,02-0464,02-0458,02-0003,0,rabbani,"2024-09-29 00:00:00",Yes,0,NULL,0,0,1,01-0001,NULL,NULL
981,02-1425,02-0411,02-0411,02-0757,02-0458,02-0003,0,rabbani,"2024-09-22 10:52:51",Yes,0,NULL,0,1,1,01-0001,NULL,NULL
982,02-0426,02-0375,02-1409,02-1409,02-0458,02-0003,0,rabbani,"2024-09-22 10:52:52",Yes,0,NULL,0,1,1,01-0001,NULL,NULL
983,02-0950,02-2179,02-1019,02-1876,02-0458,02-0003,0,rabbani,"2024-09-22 10:52:52",Yes,0,NULL,0,1,1,01-0001,NULL,NULL
984,02-0487,02-1029,02-1160,02-0174,02-0458,02-0003,0,rabbani,"2024-09-22 10:52:52",No,0,NULL,0,0,0,01-0001,NULL,NULL
985,02-1294,02-2469,02-2052,02-1409,02-0458,02-0003,0,rabbani,"2024-09-24 00:00:00",Yes,0,NULL,0,0,1,01-0001,NULL,NULL
986,02-0205,02-0309,02-0309,02-0309,02-0458,02-0003,0,rabbani,"2024-09-22 10:52:53",Yes,5,NULL,0,1,1,01-0001,NULL,NULL
987,02-1495,02-1931,02-2488,02-2488,02-1320,02-0003,0,rabbani,"2024-09-24 00:00:00",Yes,0,NULL,0,0,1,01-0001,NULL,NULL
988,02-0486,02-0258,02-0258,02-1409,02-0458,02-0003,0,rabbani,"2024-09-22 10:52:53",Yes,0,NULL,0,0,1,01-0001,NULL,NULL
989,02-1554,02-2096,02-0095,02-0095,02-0458,02-0003,0,rabbani,"2024-09-22 10:52:53",Yes,0,NULL,0,0,1,01-0001,NULL,NULL
990,02-1555,02-2428,02-2428,02-0103,02-0458,02-0003,0,rabbani,"2024-09-22 10:52:54",Yes,0,NULL,0,0,1,01-0001,NULL,NULL
991,02-2086,02-1456,02-1409,02-1409,02-0458,02-0003,0,rabbani,"2024-09-22 10:52:54",Yes,0,NULL,0,0,1,01-0001,NULL,NULL
992,02-1807,02-0411,02-0757,02-0757,02-0458,02-0003,0,rabbani,"2024-09-22 10:52:54",Yes,0,NULL,0,1,1,01-0001,NULL,NULL
993,02-1989,02-2488,02-0174,02-0174,02-1409,02-0003,0,rabbani,"2024-09-24 00:00:00",Yes,0,NULL,0,0,1,01-0001,NULL,NULL
994,02-2093,02-0208,02-0061,02-1876,02-0458,02-0003,0,rabbani,"2024-09-22 10:52:55",Yes,0,NULL,0,1,1,01-0001,NULL,NULL
995,02-2094,02-2690,02-1019,02-1876,02-0458,02-0003,0,rabbani,"2024-09-22 10:52:55",Yes,0,NULL,0,1,1,01-0001,NULL,NULL
996,02-0499,02-0968,02-1037,02-1037,02-0458,02-0003,0,rabbani,"2024-09-24 00:00:00",Yes,0,NULL,0,0,1,01-0001,NULL,NULL
997,02-1621,02-1182,02-1182,02-1409,02-0458,02-0003,0,rabbani,"2024-09-22 10:52:55",Yes,0,NULL,0,1,1,01-0001,NULL,NULL
998,02-0294,02-0677,02-0174,02-0174,02-0458,02-0003,0,rabbani,"2024-09-24 00:00:00",Yes,0,NULL,0,1,1,01-0001,NULL,NULL
999,02-0573,02-0300,02-0464,02-0464,02-0458,02-0003,0,rabbani,"2024-09-29 00:00:00",Yes,0,NULL,0,0,1,01-0001,NULL,NULL
1000,02-1314,02-2597,02-2597,02-1037,02-0458,02-0003,0,rabbani,"2024-09-22 10:52:56",Yes,0,NULL,0,0,1,01-0001,NULL,NULL
1001,02-0489,02-0693,02-0693,02-1409,02-0458,02-0003,0,rabbani,"2024-09-22 10:52:56",Yes,0,NULL,0,0,1,01-0001,NULL,NULL
1002,02-1531,02-0189,02-1409,02-1409,02-0458,02-0003,0,rabbani,"2024-09-22 10:52:56",Yes,0,NULL,0,0,1,01-0001,NULL,NULL
1003,02-1532,02-0181,02-1409,02-1409,02-0458,02-0003,0,rabbani,"2024-09-22 10:52:57",Yes,0,NULL,0,0,1,01-0001,NULL,NULL
1004,02-1533,02-0801,02-1409,02-1409,02-0458,02-0003,0,rabbani,"2024-09-22 10:52:57",Yes,0,NULL,0,0,1,01-0001,NULL,NULL
1005,02-0409,02-0913,02-0103,02-1409,02-0458,02-0003,0,rabbani,"2024-09-22 10:52:57",Yes,5,NULL,0,1,1,01-0001,NULL,NULL
1006,02-1635,02-1446,02-0913,02-0103,02-0458,02-0003,0,rabbani,"2024-09-22 10:52:57",Yes,0,NULL,0,0,1,01-0001,NULL,NULL
1007,02-1636,02-1456,02-1456,02-1409,02-0458,02-0003,0,rabbani,"2024-09-22 10:52:57",Yes,0,NULL,0,0,1,01-0001,NULL,NULL
1008,02-0747,02-0119,02-0119,02-0309,02-0458,02-0003,0,rabbani,"2024-09-22 10:52:58",Yes,0,NULL,0,0,1,01-0001,NULL,NULL
1009,02-1207,02-0119,02-0119,02-0309,02-0458,02-0003,0,rabbani,"2024-09-22 10:52:58",Yes,0,NULL,0,0,1,01-0001,NULL,NULL
1010,02-1208,02-0119,02-0119,02-0309,02-0458,02-0003,0,rabbani,"2024-09-22 10:52:58",Yes,0,NULL,0,0,1,01-0001,NULL,NULL
1011,02-2313,02-1136,02-1136,02-0174,02-0458,02-0003,0,rabbani,"2024-09-24 00:00:00",Yes,0,NULL,0,0,1,01-0001,NULL,NULL
1012,02-2472,02-0798,02-0218,02-0103,02-0458,02-0003,0,rabbani,"2024-09-22 10:52:58",Yes,0,NULL,0,0,1,01-0001,NULL,NULL
1013,02-2473,02-1160,02-1160,02-0103,02-0458,02-0003,0,rabbani,"2024-09-22 10:52:59",Yes,0,NULL,0,0,1,01-0001,NULL,NULL
1014,02-0046,02-1019,02-1019,02-1876,02-0458,02-0003,0,rabbani,"2024-09-22 10:52:59",Yes,5,NULL,0,1,1,01-0001,NULL,NULL
1015,02-1446,02-0913,02-0913,02-0103,02-0458,02-0003,0,rabbani,"2024-09-22 10:52:59",Yes,0,NULL,0,1,1,01-0001,NULL,NULL
1016,02-0352,02-0232,02-1409,02-1409,02-0458,02-0003,0,rabbani,"2024-09-22 10:52:59",Yes,0,NULL,0,0,1,01-0001,NULL,NULL
1017,02-2048,02-0146,02-0146,02-1409,02-0458,02-0003,0,rabbani,"2024-09-22 10:52:59",Yes,0,NULL,0,1,1,01-0001,NULL,NULL
1018,02-0196,02-0119,02-0119,02-0309,02-0458,02-0003,0,rabbani,"2024-09-22 10:53:00",Yes,0,NULL,0,0,1,01-0001,NULL,NULL
1019,02-0609,02-1182,02-1182,02-1409,02-0458,02-0003,0,rabbani,"2024-09-22 10:53:00",Yes,0,NULL,0,1,1,01-0001,NULL,NULL
1020,02-2174,02-2690,02-1019,02-1876,02-0458,02-0003,0,rabbani,"2024-09-22 10:53:00",Yes,0,NULL,0,1,1,01-0001,NULL,NULL
1021,02-2175,02-1080,02-1080,02-1480,02-0458,02-0003,0,rabbani,"2024-09-22 10:53:00",Yes,0,NULL,0,1,1,01-0001,NULL,NULL
1022,02-2176,02-1080,02-1080,02-1480,02-0458,02-0003,0,rabbani,"2024-09-22 10:53:00",Yes,0,NULL,0,1,1,01-0001,NULL,NULL
1023,02-2015,02-0693,02-1409,02-1409,02-0458,02-0003,0,rasif,"2024-09-26 00:00:00",,0,NULL,0,0,1,01-0001,NULL,NULL
1024,02-1084,02-0300,02-0464,02-0464,02-0458,02-0003,0,rabbani,"2024-09-29 00:00:00",Yes,0,NULL,0,0,1,01-0001,NULL,NULL
1025,02-2220,02-0882,02-0882,02-0174,02-0458,02-0003,0,rabbani,"2024-09-24 00:00:00",Yes,0,NULL,0,0,1,01-0001,NULL,NULL
1026,02-0230,02-0693,02-0146,02-0146,02-0458,02-0003,0,rabbani,"2024-09-22 10:53:01",Yes,0,NULL,0,0,1,01-0001,NULL,NULL
1027,02-1931,02-2488,02-0174,02-0174,02-0458,02-0003,0,rabbani,"2024-09-24 00:00:00",Yes,0,NULL,0,1,1,01-0001,NULL,NULL
1028,02-0218,02-0103,02-0103,02-1409,02-0458,02-0003,0,rabbani,"2024-09-22 10:53:02",Yes,5,NULL,0,1,1,01-0001,NULL,NULL
1029,02-0223,02-1266,02-1266,02-1037,02-0458,02-0003,0,rabbani,"2024-09-22 10:53:02",Yes,0,NULL,0,0,1,01-0001,NULL,NULL
1030,02-1112,02-0119,02-0119,02-0309,02-0458,02-0003,0,rabbani,"2024-09-22 10:53:03",Yes,0,NULL,0,1,1,01-0001,NULL,NULL
1031,02-1113,02-0095,02-0095,02-1409,02-0458,02-0003,0,rabbani,"2024-09-22 10:53:03",Yes,0,NULL,0,0,1,01-0001,NULL,NULL
1032,02-1116,02-0801,02-1409,02-1409,02-0458,02-0003,0,rabbani,"2024-09-29 00:00:00",Yes,0,NULL,0,0,1,01-0001,NULL,NULL
1033,02-2250,02-2488,02-0174,02-0174,02-0458,02-0003,0,rabbani,"2024-09-24 00:00:00",Yes,0,NULL,0,0,1,01-0001,NULL,NULL
1034,02-0809,02-0258,02-1409,02-1409,02-0458,02-0003,0,rabbani,"2024-09-22 10:53:03",Yes,0,NULL,0,0,1,01-0001,NULL,NULL
1035,02-1643,02-0734,02-0174,02-0174,02-0458,02-0003,0,rabbani,"2024-09-24 00:00:00",Yes,0,NULL,0,0,1,01-0001,NULL,NULL
1036,02-0802,02-0218,02-0218,02-0103,02-0458,02-0003,0,rabbani,"2024-09-22 10:53:04",Yes,0,NULL,0,0,1,01-0001,NULL,NULL
1037,02-1166,02-0309,02-0309,02-0309,02-0458,02-0003,0,rabbani,"2024-09-22 10:53:04",Yes,0,NULL,0,1,1,01-0001,NULL,NULL
1038,02-0295,02-0375,02-1409,02-1409,02-0458,02-0003,0,rabbani,"2024-09-22 10:53:04",Yes,0,NULL,0,0,1,01-0001,NULL,NULL
1039,02-0647,02-1160,02-1160,02-0103,02-0458,02-0003,0,rabbani,"2024-09-22 10:53:04",Yes,0,NULL,0,0,1,01-0001,NULL,NULL
1040,02-2026,02-0046,02-1019,02-1876,02-0458,02-0003,0,rabbani,"2024-09-22 10:53:05",Yes,0,NULL,0,1,1,01-0001,NULL,NULL
1041,02-2178,02-0294,02-0174,02-0174,02-0458,02-0003,0,rabbani,"2024-09-24 00:00:00",Yes,0,NULL,0,0,1,01-0001,NULL,NULL
1042,02-0356,02-0119,02-0119,02-0309,02-0458,02-0003,0,rabbani,"2024-09-22 10:53:05",Yes,0,NULL,0,0,1,01-0001,NULL,NULL
1043,02-0827,02-1608,02-1409,02-1409,02-0458,02-0003,0,rabbani,"2024-09-22 10:53:05",Yes,0,NULL,0,0,1,01-0001,NULL,NULL
1044,02-2352,02-0189,02-1409,02-1409,02-0458,02-0003,0,rabbani,"2024-09-22 10:53:05",Yes,0,NULL,0,0,1,01-0001,NULL,NULL
1045,02-2480,02-1573,02-0218,02-0174,02-0458,02-0003,0,rabbani,"2024-09-22 10:53:06",Yes,0,NULL,0,0,1,01-0001,NULL,NULL
1046,02-0749,02-0235,02-0235,02-0174,02-0458,02-0003,0,rabbani,"2024-09-29 00:00:00",Yes,0,NULL,0,0,1,01-0001,NULL,NULL
1047,02-0918,02-0189,02-0189,02-1409,02-0458,02-0003,0,rabbani,"2024-09-22 10:53:06",Yes,0,NULL,0,0,1,01-0001,NULL,NULL
1048,02-1944,02-1460,02-0757,02-0757,02-0458,02-0003,0,rabbani,"2024-09-22 10:53:06",Yes,0,NULL,0,1,1,01-0001,NULL,NULL
1049,02-0677,02-0174,02-0174,02-1409,02-0458,02-0003,0,rabbani,"2024-09-22 10:53:07",Yes,5,NULL,0,1,1,01-0001,NULL,NULL
1050,02-1062,02-0869,02-0095,02-0095,02-1409,02-0003,0,rabbani,"2024-09-22 10:53:07",Yes,0,NULL,0,0,1,01-0001,NULL,NULL
1051,02-1063,02-0693,02-1409,02-1409,02-0458,02-0003,0,rabbani,"2024-09-22 10:53:07",Yes,0,NULL,0,0,1,01-0001,NULL,NULL
1052,02-1449,02-1526,02-0146,02-0146,02-0458,02-0003,0,rabbani,"2024-09-22 10:53:07",Yes,0,NULL,0,0,1,01-0001,NULL,NULL
1053,02-1451,02-2403,02-2403,02-0174,02-0458,02-0003,0,rabbani,"2024-09-24 00:00:00",Yes,0,NULL,0,0,1,01-0001,NULL,NULL
1054,02-1452,02-0080,02-0080,02-0094,02-0094,02-0003,0,rabbani,"2024-09-22 10:53:07",Yes,0,NULL,0,0,1,01-0001,NULL,NULL
1055,02-1039,02-0300,02-0464,02-0464,02-0458,02-0003,0,rabbani,"2024-09-29 00:00:00",Yes,0,NULL,0,0,1,01-0001,NULL,NULL
1056,02-1605,02-0677,02-0174,02-0174,02-0458,02-0003,0,rabbani,"2024-09-24 00:00:00",Yes,0,NULL,0,1,1,01-0001,NULL,NULL
1057,02-0828,02-0095,02-0095,02-1409,02-0458,02-0003,0,rabbani,"2024-09-22 10:53:08",Yes,0,NULL,0,1,1,01-0001,NULL,NULL
1058,02-0829,02-0693,02-1409,02-1409,02-0458,02-0003,0,rabbani,"2024-09-22 10:53:08",Yes,0,NULL,0,0,1,01-0001,NULL,NULL
1059,02-0831,02-0913,02-0913,02-0103,02-0458,02-0003,0,rabbani,"2024-09-24 00:00:00",Yes,0,NULL,0,1,1,01-0001,NULL,NULL
1060,02-2166,02-1136,02-1136,02-0174,02-0458,02-0003,0,rabbani,"2024-09-24 00:00:00",Yes,0,NULL,0,0,1,01-0001,NULL,NULL
1061,02-1504,02-1080,02-1080,02-1480,02-0458,02-0003,0,rabbani,"2024-09-22 10:53:09",Yes,0,NULL,0,1,1,01-0001,NULL,NULL
1062,02-0513,02-0258,02-1409,02-1409,02-0458,02-0003,0,rabbani,"2024-09-22 10:53:09",Yes,0,NULL,0,0,1,01-0001,NULL,NULL
1063,02-1118,02-1183,02-1183,02-0103,02-0458,02-0003,0,rabbani,"2024-09-22 10:53:09",Yes,0,NULL,0,0,1,01-0001,NULL,NULL
1064,02-1119,02-0693,02-1409,02-1409,02-0458,02-0003,0,rabbani,"2024-09-22 10:53:10",Yes,0,NULL,0,0,1,01-0001,NULL,NULL
1065,02-1120,02-0956,02-0956,02-1409,02-0458,02-0003,0,rabbani,"2024-09-29 00:00:00",Yes,0,NULL,0,0,1,01-0001,NULL,NULL
1066,02-1534,02-0631,02-1183,02-0103,02-0458,02-0003,0,rabbani,"2024-09-22 10:53:10",Yes,0,NULL,0,0,1,01-0001,NULL,NULL
1067,02-1749,02-1182,02-1182,02-1409,02-0458,02-0003,0,rabbani,"2024-09-24 00:00:00",Yes,0,NULL,0,1,1,01-0001,NULL,NULL
1068,02-0447,02-0631,02-1183,02-0103,02-0458,02-0003,0,rabbani,"2024-09-22 10:53:11",Yes,0,NULL,0,0,1,01-0001,NULL,NULL
1069,02-1637,02-1749,02-1409,02-1409,02-0458,02-0003,0,rabbani,"2024-09-22 10:53:11",Yes,0,NULL,0,0,1,01-0001,NULL,NULL
1070,02-2050,02-1460,02-0210,02-0757,02-0458,02-0003,0,rabbani,"2024-09-22 10:53:11",Yes,0,NULL,0,1,1,01-0001,NULL,NULL
1071,02-0451,02-0181,02-1409,02-1409,02-0458,02-0003,0,rabbani,"2024-09-22 10:53:11",Yes,0,NULL,0,0,1,01-0001,NULL,NULL
1072,02-1323,02-0869,02-0095,02-0095,02-0458,02-0003,0,rabbani,"2024-09-22 10:53:12",Yes,0,NULL,0,0,1,01-0001,NULL,NULL
1073,02-1327,02-0504,02-1888,02-1888,02-0458,02-0003,0,rabbani,"2024-09-22 10:53:12",Yes,0,NULL,0,1,1,01-0001,NULL,NULL
1074,02-1328,02-0375,02-1409,02-1409,02-0458,02-0003,0,rabbani,"2024-09-22 10:53:12",Yes,0,NULL,0,1,1,01-0001,NULL,NULL
1075,02-2280,02-1266,02-1266,02-1037,02-0458,02-0003,0,rabbani,"2024-09-22 10:53:12",Yes,0,NULL,0,1,1,01-0001,NULL,NULL
1076,02-1331,02-0218,02-0218,02-0103,02-0458,02-0003,0,rabbani,"2024-09-22 10:53:12",Yes,0,NULL,0,0,1,01-0001,NULL,NULL
1077,02-0416,02-0095,02-0095,02-1409,02-0458,02-0003,0,rabbani,"2024-09-22 10:53:13",Yes,0,NULL,0,1,1,01-0001,NULL,NULL
1078,02-0905,02-2739,02-1265,02-1409,02-0458,02-0003,0,rabbani,"2024-09-22 10:53:13",Yes,0,NULL,0,0,1,01-0001,NULL,NULL
1079,02-0906,02-0416,02-0095,02-0095,02-0458,02-0003,0,rabbani,"2024-09-22 10:53:13",Yes,0,NULL,0,0,1,01-0001,NULL,NULL
1080,02-0895,02-1632,02-1632,02-1888,02-0458,02-0003,0,rabbani,"2024-09-22 10:53:13",Yes,0,NULL,0,1,1,01-0001,NULL,NULL
1081,02-1122,02-0693,02-1409,02-1409,02-0458,02-0003,0,rabbani,"2024-09-22 10:53:14",Yes,0,NULL,0,0,1,01-0001,NULL,NULL
1082,02-0258,02-1409,02-1409,02-1409,02-0458,02-0003,0,rabbani,"2024-09-22 10:53:14",Yes,5,NULL,0,1,1,01-0001,NULL,NULL
1083,02-1638,02-0677,02-0174,02-0174,02-0458,02-0003,0,rabbani,"2024-09-24 00:00:00",Yes,0,NULL,0,1,1,01-0001,NULL,NULL
1084,02-0095,02-1409,02-1409,02-1409,02-0458,02-0003,0,rabbani,"2024-09-22 10:53:14",Yes,5,NULL,0,1,1,01-0001,NULL,NULL
1085,02-0285,02-1573,02-0218,02-0103,02-0458,02-0003,0,rabbani,"2024-09-22 10:53:14",Yes,0,NULL,0,0,1,01-0001,NULL,NULL
1086,02-1880,02-2155,02-2155,02-0095,02-0458,02-0003,0,rabbani,"2024-09-22 10:53:15",Yes,0,NULL,0,0,1,01-0001,NULL,NULL
1087,02-0616,02-0693,02-1409,02-1409,02-0458,02-0003,0,rabbani,"2024-09-22 10:53:15",Yes,0,NULL,0,0,1,01-0001,NULL,NULL
1088,02-0618,02-1888,02-1888,02-1888,02-0458,02-0003,0,rabbani,"2024-09-22 10:53:15",Yes,0,NULL,0,1,1,01-0001,NULL,NULL
1089,02-1029,02-1160,02-1160,02-0174,02-0458,02-0003,0,rabbani,"2024-09-22 10:53:15",No,5,NULL,0,1,0,01-0001,NULL,NULL
1090,02-2179,02-1019,02-1019,02-1876,02-0458,02-0003,0,rabbani,"2024-09-22 10:53:16",Yes,5,NULL,0,1,1,01-0001,NULL,NULL
1091,02-2180,02-1460,02-0210,02-0757,02-0458,02-0003,0,rabbani,"2024-09-22 10:53:16",Yes,0,NULL,0,1,1,01-0001,NULL,NULL
1092,02-2183,02-0970,02-0996,02-0996,02-0458,02-0003,0,rabbani,"2024-09-22 10:53:16",Yes,0,NULL,0,1,1,01-0001,NULL,NULL
1093,02-0547,02-0300,02-0464,02-0464,02-0458,02-0003,0,rabbani,"2024-09-29 00:00:00",Yes,0,NULL,0,0,1,01-0001,NULL,NULL
1094,02-1086,02-0080,02-0094,02-0094,02-0094,02-0003,0,rabbani,"2024-09-22 10:53:17",Yes,0,NULL,0,1,1,01-0001,NULL,NULL
1095,02-1087,02-0258,02-0146,02-0146,02-0458,02-0003,0,rabbani,"2024-09-22 10:53:17",Yes,0,NULL,0,0,1,01-0001,NULL,NULL
1096,02-1556,02-0073,02-0073,02-0757,02-0458,02-0003,0,rabbani,"2024-09-22 10:53:17",Yes,0,NULL,0,1,1,01-0001,NULL,NULL
1097,02-0464,02-1409,02-1409,02-1409,02-0458,02-0003,0,rabbani,"2024-09-22 10:53:17",Yes,5,NULL,0,1,1,01-0001,NULL,NULL
1098,02-0260,02-0901,02-0901,02-0174,02-0458,02-0003,0,rabbani,"2024-09-22 10:53:17",Yes,0,NULL,0,0,1,01-0001,NULL,NULL
1099,02-0810,02-0095,02-0095,02-1409,02-0458,02-0003,0,rabbani,"2024-09-22 10:53:18",Yes,0,NULL,0,1,1,01-0001,NULL,NULL
1100,02-0991,02-1931,02-1931,02-0174,02-0458,02-0003,0,rabbani,"2024-09-24 00:00:00",Yes,0,NULL,0,0,1,01-0001,NULL,NULL
1101,02-0992,02-1193,02-1193,02-0174,02-0458,02-0003,0,rabbani,"2024-09-24 00:00:00",Yes,0,NULL,0,0,1,01-0001,NULL,NULL
1102,02-0286,02-2739,02-2739,02-1409,02-0458,02-0003,0,rabbani,"2024-09-22 10:53:19",Yes,0,NULL,0,0,1,01-0001,NULL,NULL
1103,02-0952,02-2501,02-0690,02-1037,02-0458,02-0003,0,rabbani,"2024-09-24 00:00:00",Yes,0,NULL,0,1,1,01-0001,NULL,NULL
1104,02-2363,02-0280,02-0996,02-0996,02-1320,02-0003,0,rabbani,"2024-09-22 10:53:19",Yes,0,NULL,1,1,1,01-0001,NULL,NULL
1105,02-1511,02-0693,02-0146,02-0146,02-0458,02-0003,0,rabbani,"2024-09-22 10:53:19",Yes,0,NULL,0,0,1,01-0001,NULL,NULL
1106,02-0896,02-2179,02-1019,02-1876,02-0458,02-0003,0,rabbani,"2024-09-22 10:53:20",Yes,0,NULL,0,1,1,01-0001,NULL,NULL
1107,02-0920,02-1160,02-0174,02-0174,02-1409,02-0003,0,rabbani,"2024-09-22 10:53:20",Yes,0,NULL,0,1,1,01-0001,NULL,NULL
1108,02-1586,02-1460,02-0757,02-0757,02-0458,02-0003,0,rabbani,"2024-09-22 10:53:20",Yes,0,NULL,0,1,1,01-0001,NULL,NULL
1109,02-1456,02-2052,02-2052,02-1409,02-0458,02-0003,0,rabbani,"2024-09-24 00:00:00",Yes,0,NULL,0,1,1,01-0001,NULL,NULL
1110,02-1457,02-1136,02-1136,02-0174,02-0458,02-0003,0,rabbani,"2024-09-22 10:53:21",Yes,0,NULL,0,1,1,01-0001,NULL,NULL
1111,02-1782,02-0871,02-0871,02-1480,02-0458,02-0003,0,rabbani,"2024-09-22 10:53:21",Yes,0,NULL,0,1,1,01-0001,NULL,NULL
1112,02-1882,02-0383,02-0210,02-0757,02-0458,02-0003,0,rabbani,"2024-09-22 10:53:21",Yes,0,NULL,0,1,1,01-0001,NULL,NULL
1113,02-1865,02-0300,02-0464,02-0464,02-0458,02-0003,0,rabbani,"2024-09-29 00:00:00",Yes,0,NULL,0,0,1,01-0001,NULL,NULL
1114,02-0954,02-2501,02-0690,02-1037,02-0458,02-0003,0,rabbani,"2024-09-24 00:00:00",Yes,0,NULL,0,1,1,01-0001,NULL,NULL
1115,02-1655,02-1136,02-1136,02-0174,02-0458,02-0003,0,rabbani,"2024-09-24 00:00:00",Yes,0,NULL,0,0,1,01-0001,NULL,NULL
1116,02-1147,02-0003,02-0003,02-0003,02-0003,02-0003,0,rabbani,"2024-09-22 10:53:22",Yes,100,NULL,0,1,1,01-0001,NULL,NULL
1117,02-1772,02-1183,02-1183,02-0103,02-0458,02-0003,0,rabbani,"2024-09-22 10:53:22",Yes,0,NULL,0,0,1,01-0001,NULL,NULL
1118,02-1066,02-1632,02-1632,02-1888,02-0458,02-0003,0,rabbani,"2024-09-22 10:53:23",Yes,0,NULL,0,0,1,01-0001,NULL,NULL
1119,02-0812,02-2488,02-0103,02-0103,02-1320,02-0003,0,rabbani,"2024-09-24 00:00:00",Yes,0,NULL,0,0,1,01-0001,NULL,NULL
1120,02-1115,02-2469,02-2469,02-1409,02-0458,02-0003,0,rabbani,"2024-09-22 10:53:23",Yes,0,NULL,0,0,1,01-0001,NULL,NULL
1121,02-1220,02-0871,02-0871,02-1480,02-0458,02-0003,0,rabbani,"2024-09-22 10:53:23",Yes,0,NULL,0,1,1,01-0001,NULL,NULL
1122,02-2118,02-0046,02-1019,02-1876,02-0458,02-0003,0,rabbani,"2024-09-22 10:53:23",Yes,0,NULL,0,1,1,01-0001,NULL,NULL
1123,02-2120,02-0590,02-1183,02-0103,02-0458,02-0003,0,rabbani,"2024-09-22 10:53:24",Yes,0,NULL,0,0,1,01-0001,NULL,NULL
1124,02-1608,02-1265,02-1409,02-1409,02-0458,02-0003,0,rabbani,"2024-09-29 00:00:00",Yes,0,NULL,0,1,1,01-0001,NULL,NULL
1125,02-0261,02-1605,02-0174,02-0174,02-0458,02-0003,0,rabbani,"2024-09-24 00:00:00",Yes,0,NULL,0,0,1,01-0001,NULL,NULL
1126,02-1265,02-1409,02-1409,02-1409,02-0458,02-0003,0,rabbani,"2024-09-29 00:00:00",Yes,0,NULL,0,1,1,01-0001,NULL,NULL
1127,02-1649,02-1266,02-1266,02-1037,02-0458,02-0003,0,rabbani,"2024-09-22 10:53:24",Yes,0,NULL,0,1,1,01-0001,NULL,NULL
1128,02-0580,02-0258,02-1409,02-1409,02-0458,02-0003,0,rabbani,"2024-09-22 10:53:25",Yes,0,NULL,0,1,1,01-0001,NULL,NULL
1129,02-0079,02-1029,02-1160,02-0174,02-0458,02-0003,0,rabbani,"2024-09-22 10:53:25",No,0,NULL,0,0,0,01-0001,NULL,NULL
1130,02-0978,02-2513,02-0146,02-0146,02-1320,02-0003,0,rabbani,"2024-09-22 10:53:25",Yes,0,NULL,0,0,1,01-0001,NULL,NULL
1131,02-1043,02-2501,02-0690,02-1037,02-0458,02-0003,0,rabbani,"2024-09-24 00:00:00",Yes,0,NULL,0,1,1,01-0001,NULL,NULL
1132,02-2122,02-0795,02-0174,02-0174,02-0458,02-0003,0,rabbani,"2024-09-22 10:53:26",Yes,0,NULL,0,0,1,01-0001,NULL,NULL
1133,02-2315,02-0309,02-0309,02-0309,02-0458,02-0003,0,rabbani,"2024-09-22 10:53:26",Yes,0,NULL,1,1,1,01-0001,NULL,NULL
1134,02-2389,02-0181,02-0181,02-1409,02-0458,02-0003,0,rabbani,"2024-09-22 10:53:26",Yes,0,NULL,0,0,1,01-0001,NULL,NULL
1135,02-2386,02-2488,02-0174,02-0174,02-0458,02-0003,0,rabbani,"2024-09-24 00:00:00",Yes,0,NULL,0,0,1,01-0001,NULL,NULL
1136,02-2390,02-0080,02-0094,02-0094,02-0094,02-0003,0,rabbani,"2024-09-22 10:53:26",Yes,0,NULL,0,0,1,01-0001,NULL,NULL
1137,02-2498,02-0189,02-1409,02-1409,02-0458,02-0003,0,rabbani,"2024-09-22 10:53:27",Yes,0,NULL,0,0,1,01-0001,NULL,NULL
1138,02-2401,02-1298,02-0247,02-0174,02-0458,02-0003,0,rabbani,"2024-09-24 00:00:00",Yes,0,NULL,0,0,1,01-0001,NULL,NULL
1139,02-2399,02-0693,02-0146,02-1409,02-0458,02-0003,0,rabbani,"2024-09-22 10:53:27",Yes,0,NULL,1,1,1,01-0001,NULL,NULL
1140,02-2400,02-0359,02-0359,02-0757,02-1409,02-0003,0,rabbani,"2024-09-22 10:53:27",Yes,0,NULL,1,1,1,01-0001,NULL,NULL
1141,02-2403,02-2488,02-0174,02-0174,02-0458,02-0003,0,rabbani,"2024-09-24 00:00:00",Yes,0,NULL,1,1,1,01-0001,NULL,NULL
1142,02-2507,02-0609,02-1409,02-1409,02-0458,02-0003,0,rabbani,"2024-09-22 10:53:27",Yes,0,NULL,0,0,1,01-0001,NULL,NULL
1143,02-2412,02-0590,02-1183,02-0103,02-0458,02-0003,0,rabbani,"2024-09-22 10:53:28",Yes,0,NULL,0,0,1,01-0001,NULL,NULL
1144,02-2413,02-0913,02-0913,02-0103,02-0458,02-0003,0,rabbani,"2024-09-22 10:53:28",Yes,0,NULL,0,0,1,01-0001,NULL,NULL
1145,02-2414,02-2428,02-1160,02-0103,02-0458,02-0003,0,rabbani,"2024-09-22 10:53:28",Yes,0,NULL,0,0,1,01-0001,NULL,NULL
1146,02-2529,02-2428,02-1160,02-0103,02-0458,02-0003,0,rabbani,"2024-09-22 10:53:28",Yes,0,NULL,0,0,1,01-0001,NULL,NULL
1147,02-2420,02-1010,02-0913,02-0103,02-0458,02-0003,0,rabbani,"2024-09-22 10:53:29",Yes,0,NULL,0,0,1,01-0001,NULL,NULL
1148,02-2530,02-0046,02-1019,02-1876,02-0458,02-0003,0,rabbani,"2024-09-22 10:53:29",Yes,0,NULL,1,1,1,01-0001,NULL,NULL
1149,02-2422,02-1950,02-1037,02-1037,02-0458,02-0003,0,rasif,"2024-09-26 00:00:00",,0,NULL,0,0,1,01-0001,NULL,NULL
1150,02-2428,02-1160,02-1160,02-0103,02-0458,02-0003,0,rabbani,"2024-09-22 10:53:29",Yes,0,NULL,1,1,1,01-0001,NULL,NULL
1151,02-2434,02-2690,02-1019,02-1876,02-0458,02-0003,0,rabbani,"2024-09-22 10:53:29",Yes,0,NULL,1,1,1,01-0001,NULL,NULL
1152,02-2431,02-1527,02-1527,02-0146,02-0458,02-0003,0,rabbani,"2024-09-22 10:53:30",No,0,NULL,0,0,0,01-0001,NULL,NULL
1153,02-2432,02-1010,02-1010,02-0174,02-0458,02-0003,0,rabbani,"2024-09-22 10:53:30",No,0,NULL,0,0,0,01-0001,NULL,NULL
1154,02-2433,02-0801,02-1182,02-1409,02-0458,02-0003,0,rabbani,"2024-09-29 00:00:00",Yes,0,NULL,0,0,1,01-0001,NULL,NULL
1155,02-2442,02-1409,02-1409,02-1409,02-0458,02-0003,0,rabbani,"2024-09-22 10:53:30",Yes,5,NULL,1,1,1,01-0001,NULL,NULL
1156,02-2443,02-0871,02-0871,02-1480,02-0458,02-0003,0,rabbani,"2024-09-22 10:53:31",Yes,0,NULL,1,1,1,01-0001,NULL,NULL
1157,02-2445,02-1160,02-1160,02-0103,02-0458,02-0003,0,rabbani,"2024-09-22 10:53:31",Yes,0,NULL,0,0,1,01-0001,NULL,NULL
1158,02-2447,02-1161,02-0218,02-0103,02-1409,02-0003,0,rabbani,"2024-09-24 00:00:00",Yes,0,NULL,0,0,1,01-0001,NULL,NULL
1159,02-2452,02-0756,02-1147,02-1147,02-0458,02-0003,0,rabbani,"2024-09-22 10:53:31",Yes,0,NULL,0,0,1,01-0001,NULL,NULL
1160,02-2453,02-0258,02-0146,02-0146,02-1409,02-0003,0,rabbani,"2024-09-22 10:53:31",Yes,0,NULL,0,0,1,01-0001,NULL,NULL
1161,02-2454,02-0189,02-1409,02-1409,02-0458,02-0003,0,rabbani,"2024-09-22 10:53:32",Yes,0,NULL,0,0,1,01-0001,NULL,NULL
1162,02-2458,02-0235,02-0235,02-0174,02-0458,02-0003,0,rabbani,"2024-09-29 00:00:00",Yes,0,NULL,0,0,1,01-0001,NULL,NULL
1163,02-2460,02-0080,02-0094,02-0094,02-0094,02-0003,0,rabbani,"2024-09-22 10:53:32",Yes,0,NULL,0,0,1,01-0001,NULL,NULL
1164,02-2461,02-0956,02-0677,02-0146,02-0458,02-0003,0,rabbani,"2024-09-22 10:53:32",No,0,NULL,0,0,1,01-0001,NULL,NULL
1165,02-2483,02-2531,02-1461,02-0247,02-1320,02-0003,0,rabbani,"2024-09-24 00:00:00",Yes,0,NULL,0,0,1,01-0001,NULL,NULL
1166,02-2490,02-0080,02-0094,02-0094,02-0094,02-0003,0,rabbani,"2024-09-22 10:53:33",Yes,0,NULL,1,1,1,01-0001,NULL,NULL
1167,02-2488,02-0174,02-0174,02-1409,02-0458,02-0003,0,rabbani,"2024-09-24 00:00:00",Yes,5,NULL,1,1,1,01-0001,NULL,NULL
1168,02-2497,02-0968,02-1037,02-1037,02-0458,02-0003,0,rabbani,"2024-09-24 00:00:00",Yes,0,NULL,1,1,1,01-0001,NULL,NULL
1169,02-2499,02-1792,02-2052,02-0103,02-0458,02-0003,0,rabbani,"2024-09-22 10:53:33",No,0,NULL,0,0,0,01-0001,NULL,NULL
1170,02-2501,02-0690,02-0690,02-1037,02-0458,02-0003,0,rabbani,"2024-09-24 00:00:00",Yes,0,NULL,1,1,1,01-0001,NULL,NULL
1171,02-2503,02-0745,02-0745,02-1876,02-0458,02-0003,0,rabbani,"2024-09-22 10:53:34",Yes,0,NULL,1,1,1,01-0001,NULL,NULL
1172,02-2500,02-2597,02-2597,02-1037,02-0458,02-0003,0,rabbani,"2024-09-22 10:53:34",Yes,0,NULL,0,0,1,01-0001,NULL,NULL
1173,02-2505,02-1080,02-1080,02-1480,02-0458,02-0003,0,rabbani,"2024-09-22 10:53:34",Yes,0,NULL,1,1,1,01-0001,NULL,NULL
1174,02-2508,02-0080,02-0094,02-0094,02-0094,02-0003,0,rabbani,"2024-09-22 10:53:34",Yes,0,NULL,1,1,1,01-0001,NULL,NULL
1175,02-2509,02-0218,02-0218,02-0103,02-0458,02-0003,0,rabbani,"2024-09-22 10:53:34",Yes,0,NULL,0,0,1,01-0001,NULL,NULL
1176,02-2513,02-1265,02-1409,02-1409,02-0458,02-0003,0,rabbani,"2024-09-22 10:53:35",Yes,0,NULL,1,1,1,01-0001,NULL,NULL
1177,02-2506,02-1247,02-1247,02-0996,02-0458,02-0003,0,rabbani,"2024-09-22 10:53:35",Yes,0,NULL,1,1,1,01-0001,NULL,NULL
1178,02-2514,02-1298,02-0103,02-1409,02-0458,02-0003,0,rasif,"2024-09-23 00:00:00",No,0,NULL,0,0,0,01-0001,NULL,NULL
1179,02-2518,02-1080,02-1080,02-1480,02-0458,02-0003,0,rasif,"2024-09-22 00:00:00",Yes,0,NULL,1,1,1,01-0001,NULL,NULL
1180,02-2519,02-2442,02-2442,02-1409,02-0458,02-0003,0,rabbani,"2024-09-22 10:53:35",Yes,0,NULL,0,0,1,01-0001,NULL,NULL
1181,02-2520,02-0609,02-1409,02-1409,02-0458,02-0003,0,rabbani,"2024-09-22 10:53:36",Yes,0,NULL,0,0,1,01-0001,NULL,NULL
1182,02-2521,02-0956,02-1409,02-1409,02-0458,02-0003,0,rabbani,"2024-09-22 10:53:36",Yes,0,NULL,0,0,1,01-0001,NULL,NULL
1183,02-2531,02-0247,02-0247,02-0174,02-0458,02-0003,0,rabbani,"2024-09-24 00:00:00",Yes,0,NULL,1,1,1,01-0001,NULL,NULL
1184,02-2532,02-0208,02-0208,02-1876,02-0458,02-0003,0,rabbani,"2024-09-22 10:53:36",Yes,0,NULL,1,1,1,01-0001,NULL,NULL
1185,02-2510,02-0693,02-0146,02-0146,02-0458,02-0003,0,rabbani,"2024-09-22 10:53:37",Yes,0,NULL,0,0,1,01-0001,NULL,NULL
1186,02-2526,02-0189,02-1409,02-1409,02-0458,02-0003,0,rabbani,"2024-09-22 10:53:37",Yes,0,NULL,0,0,1,01-0001,NULL,NULL
1187,02-2535,02-0181,02-1409,02-1409,02-0458,02-0003,0,rabbani,"2024-09-22 10:53:37",Yes,0,NULL,0,0,1,01-0001,NULL,NULL
1188,02-2536,02-0181,02-1409,02-1409,02-0458,02-0003,0,rabbani,"2024-09-22 10:53:37",Yes,0,NULL,0,0,1,01-0001,NULL,NULL
1189,02-2525,02-2513,02-0146,02-0146,02-1320,02-0003,0,rabbani,"2024-09-22 10:53:37",Yes,0,NULL,0,0,1,01-0001,NULL,NULL
1190,02-2540,02-2597,02-2597,02-1037,02-0458,02-0003,0,rabbani,"2024-09-22 10:53:37",Yes,0,NULL,0,0,1,01-0001,NULL,NULL
1191,02-2541,02-1193,02-0247,02-0247,02-1320,02-0003,0,rabbani,"2024-09-24 00:00:00",Yes,0,NULL,0,0,1,01-0001,NULL,NULL
1192,02-2542,02-0189,02-1409,02-1409,02-0458,02-0003,0,rabbani,"2024-09-22 10:53:38",Yes,0,NULL,0,0,1,01-0001,NULL,NULL
1193,02-2543,02-0189,02-1409,02-1409,02-0458,02-0003,0,rabbani,"2024-09-22 10:53:38",Yes,0,NULL,0,0,1,01-0001,NULL,NULL
1194,02-2544,02-1456,02-2052,02-1409,02-0458,02-0003,0,rabbani,"2024-09-22 10:53:38",Yes,0,NULL,0,0,1,01-0001,NULL,NULL
1195,02-2545,02-2597,02-2597,02-1037,02-0458,02-0003,0,rabbani,"2024-09-22 10:53:39",Yes,0,NULL,0,0,1,01-0001,NULL,NULL
1196,02-2552,02-2442,02-1409,02-1409,02-0458,02-0003,0,rabbani,"2024-09-22 10:53:39",Yes,0,NULL,0,0,1,01-0001,NULL,NULL
1197,02-2553,02-1010,02-0913,02-0103,02-0458,02-0003,0,rabbani,"2024-09-22 10:53:39",Yes,0,NULL,0,0,1,01-0001,NULL,NULL
1198,02-2550,02-0181,02-1409,02-1409,02-0458,02-0003,0,rabbani,"2024-09-22 10:53:39",Yes,0,NULL,0,0,1,01-0001,NULL,NULL
1199,02-2557,02-1266,02-1037,02-1037,02-1320,02-0003,0,rabbani,"2024-09-22 10:53:39",Yes,0,NULL,0,0,1,01-0001,NULL,NULL
1200,02-2571,02-2556,02-2556,02-1801,02-1998,02-0003,0,rabbani,"2024-09-22 10:53:40",Yes,0,NULL,0,0,0,01-0001,NULL,NULL
1201,02-2538,02-1626,02-1626,02-1626,02-1454,02-0003,0,rabbani,"2024-09-22 10:53:40",Yes,0,NULL,1,1,1,01-0001,NULL,NULL
1202,02-2162,02-0047,02-047,02-0047,02-0047,02-0047,0,rabbani,"2024-09-22 10:53:40",No,0,NULL,0,0,0,01-0001,NULL,NULL
1203,02-2564,02-2362,02-1109,02-0094,02-0094,02-0003,0,rabbani,"2024-09-22 10:53:40",No,0,NULL,0,0,1,01-0001,NULL,NULL
1204,02-2562,02-0189,02-0146,02-0146,02-0458,02-0003,0,rabbani,"2024-09-22 10:53:40",Yes,0,NULL,0,0,1,01-0001,NULL,NULL
1205,02-2565,02-1420,02-1420,02-2457,02-0402,02-0003,0,rabbani,"2024-09-22 10:53:41",Yes,0,NULL,0,0,0,01-0001,NULL,NULL
1206,02-2566,02-0003,02-0003,02-0003,02-0003,02-0003,0,rabbani,"2024-09-22 10:53:41",Yes,100,NULL,1,1,1,01-0001,NULL,NULL
1207,02-2568,02-1193,02-0174,02-0174,02-0458,02-0003,0,rabbani,"2024-09-24 00:00:00",Yes,0,NULL,0,0,1,01-0001,NULL,NULL
1208,02-2569,02-0107,02-0107,02-0651,02-0402,02-0003,0,rabbani,"2024-09-22 10:53:41",Yes,0,NULL,0,0,1,01-0001,NULL,NULL
1209,02-2570,02-0046,02-1019,02-1876,02-0458,02-0003,0,rabbani,"2024-09-22 10:53:42",Yes,0,NULL,1,1,1,01-0001,NULL,NULL
1210,02-2573,02-0470,02-0470,02-1071,02-2004,02-0003,0,rabbani,"2024-09-22 10:53:42",Yes,0,NULL,1,1,1,01-0001,NULL,NULL
1211,02-2577,02-2292,02-2292,02-2424,02-2332,02-0003,0,rabbani,"2024-09-22 10:53:42",Yes,0,NULL,1,1,1,01-0001,NULL,NULL
1212,02-2574,02-0407,02-0407,02-0407,02-0407,02-0003,0,rabbani,"2024-09-22 10:53:42",Yes,5,NULL,1,1,1,01-0001,NULL,NULL
1213,02-2575,02-0181,02-1409,02-1409,02-0458,02-0003,0,rabbani,"2024-09-22 10:53:42",Yes,0,NULL,0,0,1,01-0001,NULL,NULL
1214,02-2567,02-2513,02-1265,02-1409,02-0458,02-0003,0,rabbani,"2024-09-22 00:00:00",Yes,0,NULL,0,0,1,01-0001,NULL,NULL
1215,02-2576,02-1461,02-0103,02-0458,02-0458,02-0003,0,rabbani,"2024-09-24 00:00:00",Yes,0,NULL,0,0,1,01-0001,NULL,NULL
1216,02-2561,02-1109,02-0913,02-0094,02-0094,02-0003,0,rabbani,"2024-09-22 10:53:43",Yes,0,NULL,0,0,1,01-0001,NULL,NULL
1217,02-2572,02-1838,02-1838,02-1838,02-2332,02-0003,0,rabbani,"2024-09-22 10:53:43",Yes,5,NULL,1,1,1,01-0001,NULL,NULL
1218,02-2580,02-1109,02-0094,02-0094,02-0094,02-0003,0,rasif,"2024-09-29 00:00:00",Yes,0,NULL,1,1,1,,NULL,NULL
1219,02-2579,02-2488,02-2488,02-0103,02-0458,02-0003,0,rasif,"2024-09-29 00:00:00",Yes,0,NULL,1,1,1,,NULL,NULL
1220,02-2578,02-2229,02-0218,02-0103,02-0458,02-0003,0,rasif,"2024-09-29 00:00:00",Yes,0,NULL,0,0,1,,NULL,NULL
1221,02-2582,02-2365,02-0074,02-0086,02-0458,02-0003,0,rasif,"2024-10-01 00:00:00",Yes,0,,1,1,1,,NULL,NULL
1222,02-2588,02-0003,02-0003,02-0003,02-0003,01-0001,0,rasif,"2024-10-03 00:00:00",Yes,100,,1,1,1,,NULL,NULL
1223,02-2583,02-0166,02-0166,02-0166,02-0458,02-0003,0,rasif,"2024-10-06 00:00:00",Yes,0,,1,1,1,,NULL,NULL
1224,02-2581,02-0693,02-1409,02-1409,02-0458,02-0003,0,rasif,"2024-10-06 00:00:00",Yes,0,,1,1,1,,NULL,NULL
1225,02-2587,02-1109,02-1109,02-0094,02-0094,02-0003,0,rasif,"2024-10-06 00:00:00",Yes,0,,0,0,1,,NULL,NULL
1226,02-2585,02-2597,02-2597,02-1037,02-0458,02-0003,0,rasif,"2024-10-06 00:00:00",Yes,0,,0,0,0,,NULL,NULL
1227,02-2586,02-0693,02-0693,02-1409,02-0458,02-0003,0,rasif,"2024-10-06 00:00:00",Yes,0,,0,0,1,,NULL,NULL
1228,02-2584,02-1160,02-0174,02-1409,02-0458,02-0003,0,saddam,"2024-10-08 00:00:00",Yes,0,,0,0,1,,NULL,NULL
1229,02-2589,02-1080,02-1080,02-1480,02-0458,02-0003,0,rasif,"2024-10-14 00:00:00",Yes,0,,1,1,1,,NULL,NULL
1230,02-2590,02-1080,02-1080,02-1480,02-0458,02-0003,0,saddam,"2024-10-14 00:00:00",Yes,0,,1,1,1,01-0001,NULL,NULL
1232,02-2592,02-0181,02-1409,02-1409,02-0458,02-0003,0,rasif,"2024-10-15 00:00:00",Yes,0,,0,0,1,,NULL,NULL
1233,02-2591,02-2597,02-2597,02-1037,02-0458,02-0003,0,rasif,"2024-10-20 00:00:00",Yes,0,,0,0,1,,NULL,NULL
1234,02-2593,02-0218,02-0218,02-0103,02-0458,02-0003,0,rasif,"2024-10-22 00:00:00",Yes,0,,0,0,1,,NULL,NULL
1235,02-2595,02-2597,02-2597,02-1037,02-0458,02-0003,0,rasif,"2024-10-27 00:00:00",Yes,0,,0,0,1,,NULL,NULL
1236,02-2596,02-2597,02-2597,02-1037,02-0458,02-0003,0,rasif,"2024-10-27 00:00:00",Yes,0,,0,0,1,,NULL,NULL
1237,02-2598,02-0879,02-0879,02-0651,02-0402,02-0003,0,rasif,"2024-10-27 00:00:00",Yes,0,,0,0,1,,NULL,NULL
1238,02-2599,02-1968,02-1968,02-0651,02-0402,02-0003,0,rasif,"2024-10-27 00:00:00",Yes,0,,0,0,1,,NULL,NULL
1239,02-2597,02-1037,02-1037,02-1320,02-0458,02-0003,0,rasif,"2024-11-03 00:00:00",Yes,5,,1,1,1,,NULL,NULL
1240,02-2605,02-1560,02-1560,02-0757,02-0458,02-0003,0,rasif,"2024-11-03 00:00:00",Yes,0,,1,1,1,,NULL,NULL
1241,02-2604,02-2179,02-1019,02-1876,02-0458,02-0003,0,rasif,"2024-11-03 00:00:00",Yes,0,,1,1,1,,NULL,NULL
1242,02-2602,02-1556,02-0073,02-0757,02-0458,02-0003,0,rasif,"2024-11-03 00:00:00",Yes,0,,1,1,1,,NULL,NULL
1243,02-2603,02-2179,02-1019,02-1876,02-0458,02-0003,0,rasif,"2024-11-03 00:00:00",Yes,0,,1,1,1,,NULL,NULL
1244,02-2607,02-1298,02-0247,02-0174,02-0458,02-0003,0,rasif,"2024-11-03 00:00:00",Yes,0,,0,0,1,,NULL,NULL
1245,02-2610,02-1749,02-1409,02-1409,02-0458,02-0003,0,rasif,"2024-11-03 00:00:00",Yes,0,,0,0,1,,NULL,NULL
1246,02-2594,02-2597,02-2597,02-1037,02-0458,02-0003,0,rasif,"2024-11-03 00:00:00",Yes,0,,0,0,1,,NULL,NULL
1247,02-1251,02-0047,02-0047,02-0047,02-0047,02-0003,0,md.shahjada,"2024-11-06 00:00:00",Yes,0,,0,0,0,,NULL,NULL
1248,02-0047,02-0323,02-0323,02-0323,02-0323,02-0003,0,abdul.hamid,"2024-11-07 00:00:00",Yes,0,,0,0,0,,NULL,NULL
1249,02-2609,02-1080,02-1080,02-0082,02-0458,02-0003,0,rasif,"2024-11-10 00:00:00",Yes,0,,1,1,1,,NULL,NULL
1250,02-2606,02-1461,02-1461,02-0103,02-0458,02-0003,0,rasif,"2024-11-10 00:00:00",Yes,0,,0,0,1,,NULL,NULL
1251,02-2600,02-2229,02-0218,02-0103,02-0458,02-0003,0,rasif,"2024-11-10 00:00:00",Yes,0,,0,0,1,,NULL,NULL
1252,02-2611,02-0003,02-0003,02-0003,02-0003,01-0001,0,rasif,"2024-11-19 16:40:37",Yes,0,,0,0,0,,NULL,NULL
1253,02-2608,02-0626,02-2052,02-1409,02-0458,02-0003,0,rasif,"2024-11-24 00:00:00",Yes,0,,0,0,1,,NULL,NULL
2408,01-0003,,,,,01-0001,0,saddam,"2023-03-21 00:00:00",,100,,0,0,0,01-0001,NULL,NULL
2409,01-0002,,,,,01-0001,0,nurjaman.khan,"2017-09-04 00:00:00",Yes,100,,0,0,0,01-0001,NULL,NULL
2410,02-0505,02-0003,02-0003,02-0003,02-0003,02-0003,1,hasanus.safa,"2016-01-25 00:00:00",No,100,,0,0,0,01-0001,NULL,NULL
2411,02-0424,02-0003,02-0003,02-0003,02-0003,02-0003,0,,"0000-00-00 00:00:00",No,0,,0,0,0,01-0001,NULL,NULL
2412,02-0036,02-0003,02-0003,02-0003,02-0003,02-0003,1,nurjaman.khan,"2018-08-30 00:00:00",No,100,,0,0,0,01-0001,NULL,NULL
2413,02-0008,02-0036,02-0003,02-0003,02-0003,02-0003,1,mahmudul.hasan,"2015-05-14 00:00:00",No,0,,0,0,0,01-0001,NULL,NULL
2414,02-0077,02-0282,02-0103,02-0103,02-0458,02-0003,0,jobayer,"2020-08-05 00:00:00",No,5,,0,0,0,01-0001,NULL,NULL
2415,02-0026,02-1626,02-1626,02-1626,02-1626,02-0003,0,jobayer,"2019-05-08 00:00:00",No,5,,0,0,0,01-0001,NULL,NULL
2416,02-0282,02-0103,02-0103,02-0103,02-0458,02-0003,0,asadullah,"2021-08-03 00:00:00",No,5,,0,0,0,01-0001,NULL,NULL
2417,02-0244,02-1763,02-1763,02-0444,02-0444,01-0001,0,jobayer,"2020-08-26 00:00:00",No,5,,0,0,0,01-0001,NULL,NULL
2418,02-0045,02-0146,02-0146,02-0146,02-0458,02-0003,0,asadullah,"2022-01-26 00:00:00",No,5,,0,0,0,01-0001,NULL,NULL
2419,02-0097,02-0036,02-0003,02-0003,02-0003,02-0003,0,,"0000-00-00 00:00:00",No,0,,0,0,0,01-0001,NULL,NULL
2420,02-0135,02-0282,02-0036,02-0003,02-0003,02-0003,0,,"0000-00-00 00:00:00",No,0,,0,0,0,01-0001,NULL,NULL
2421,02-0264,02-0036,02-0003,02-0003,02-0003,02-0003,0,,"0000-00-00 00:00:00",No,0,,0,0,0,01-0001,NULL,NULL
2422,02-0078,02-1950,02-0690,02-1409,02-0458,02-0003,0,rasif,"2024-04-04 00:00:00",No,0,,0,0,0,01-0001,NULL,NULL
2423,02-0396,02-0181,02-0103,02-0103,02-0458,02-0003,0,nurjaman.khan,"2016-06-14 00:00:00",No,0,,0,0,0,01-0001,NULL,NULL
2424,02-0159,02-0103,02-0458,02-0458,02-0458,02-0003,0,mahmudul.hasan,"2015-09-02 00:00:00",No,0,,0,0,0,01-0001,NULL,NULL
2425,02-0220,02-0297,02-0036,02-0003,02-0003,02-0003,0,mahmudul.hasan,"2015-06-23 00:00:00",No,0,,0,0,0,01-0001,NULL,NULL
2426,02-0422,02-0693,02-0693,02-1409,02-0458,02-0003,0,abu.hashem,"2023-10-08 00:00:00",No,0,,0,0,0,01-0001,NULL,NULL
2427,02-0241,02-0323,02-0323,02-0323,02-0323,02-0003,0,rasif,"2024-03-03 00:00:00",No,0,,0,0,0,01-0001,NULL,NULL
2428,02-0157,02-0416,02-0174,02-1626,02-0003,02-0003,0,nurjaman.khan,"2018-09-03 00:00:00",No,0,,0,0,0,01-0001,NULL,NULL
2429,02-0156,02-0258,02-0103,02-0103,02-0458,02-0003,0,nurjaman.khan,"2017-09-28 00:00:00",No,0,,0,0,0,01-0001,NULL,NULL
2430,02-0182,02-0103,02-0478,02-0458,02-0458,02-0003,0,nurjaman.khan,"2018-08-29 00:00:00",No,0,,0,0,0,01-0001,NULL,NULL
2431,02-0203,02-0095,02-0478,02-0458,02-0458,02-0003,0,afruza.khanam,"2014-07-08 00:00:00",No,0,,0,0,0,01-0001,NULL,NULL
2432,02-0229,02-0375,02-0103,02-0103,02-0458,02-0003,0,nurjaman.khan,"2016-06-29 00:00:00",No,0,,0,0,0,01-0001,NULL,NULL
2433,02-0290,02-0220,02-0394,02-1626,02-0003,02-0003,0,nurjaman.khan,"2018-09-03 00:00:00",No,0,,0,0,0,01-0001,NULL,NULL
2434,02-0363,02-0077,02-0036,02-0003,02-0003,02-0003,0,afruza.khanam,"2014-08-14 00:00:00",No,0,,0,0,0,01-0001,NULL,NULL
2435,02-0322,02-0181,02-0103,02-0103,02-0458,02-0003,0,nurjaman.khan,"2016-11-03 00:00:00",No,0,,0,0,0,01-0001,NULL,NULL
2436,02-0404,02-0119,02-0297,02-1626,02-0003,02-0003,0,nurjaman.khan,"2018-09-03 00:00:00",No,0,,0,0,0,01-0001,NULL,NULL
2437,02-0321,02-0119,02-0045,02-0036,02-0003,02-0003,0,nurjaman.khan,"2017-06-04 00:00:00",No,0,,0,0,0,01-0001,NULL,NULL
2438,02-0377,02-0375,02-0375,02-1409,02-0458,02-0003,0,abu.hashem,"2023-09-03 00:00:00",No,0,,0,0,0,01-0001,NULL,NULL
2439,04-0069,02-0077,02-0478,02-0478,02-0478,02-0003,0,nurjaman.khan,"2018-08-29 00:00:00",No,0,,0,0,0,01-0001,NULL,NULL
2440,04-0076,02-0119,02-0036,02-0003,02-0003,02-0003,0,,"0000-00-00 00:00:00",No,0,,0,0,0,01-0001,NULL,NULL
2441,02-0485,02-0119,02-0045,02-0036,02-0003,02-0003,0,nurjaman.khan,"2017-08-16 00:00:00",No,0,,0,0,0,01-0001,NULL,NULL
2442,04-0081,02-0119,02-0036,02-0003,02-0003,02-0003,0,nurjaman.khan,"2018-08-29 00:00:00",No,0,,0,0,0,01-0001,NULL,NULL
2443,04-0082,02-0119,02-0036,02-0003,02-0003,02-0003,0,nurjaman.khan,"2018-08-29 00:00:00",No,0,,0,0,0,01-0001,NULL,NULL
2444,04-0086,02-0264,02-0036,02-0003,02-0003,02-0003,0,nurjaman.khan,"2018-08-29 00:00:00",No,0,,0,0,0,01-0001,NULL,NULL
2445,04-0087,02-0153,02-0478,02-0458,02-0458,02-0003,0,tanvir,"2014-04-29 00:00:00",No,0,,0,0,0,01-0001,NULL,NULL
2446,04-0088,02-0264,02-0036,02-0003,02-0003,02-0003,0,nurjaman.khan,"2018-08-29 00:00:00",No,0,,0,0,0,01-0001,NULL,NULL
2447,02-0483,02-0375,02-0103,02-0103,02-0458,02-0003,0,nurjaman.khan,"2016-10-30 00:00:00",No,0,,0,0,0,01-0001,NULL,NULL
2448,02-0233,02-0264,02-0297,02-0036,02-0003,02-0003,0,sabrina.akter,"2014-05-08 00:00:00",No,0,,0,0,0,01-0001,NULL,NULL
2449,02-0491,02-0103,02-0103,02-0103,02-0458,02-0003,0,nurjaman.khan,"2018-08-29 00:00:00",No,0,,0,0,0,01-0001,NULL,NULL
2450,04-0092,02-0264,02-0036,02-0003,02-0003,02-0003,0,nurjaman.khan,"2018-08-29 00:00:00",No,0,,0,0,0,01-0001,NULL,NULL
2451,04-0093,02-0264,02-0036,02-0003,02-0003,02-0003,0,mahmudul.hasan,"2015-03-02 00:00:00",No,0,,0,0,0,01-0001,NULL,NULL
2452,04-0100,02-0264,02-0036,02-0036,02-0036,02-0003,0,nurjaman.khan,"2018-08-29 00:00:00",No,0,,0,0,0,01-0001,NULL,NULL
2453,04-0096,02-0264,02-0036,02-0036,02-0036,02-0003,0,,"0000-00-00 00:00:00",No,0,,0,0,0,01-0001,NULL,NULL
2454,04-0095,02-0264,02-0036,02-0036,02-0036,02-0003,0,nurjaman.khan,"2018-08-29 00:00:00",No,0,,0,0,0,01-0001,NULL,NULL
2455,04-0098,02-0264,02-0036,02-0036,02-0036,02-0003,0,,"0000-00-00 00:00:00",No,0,,0,0,0,01-0001,NULL,NULL
2456,02-0276,02-0003,02-0003,02-0003,02-0003,02-0003,0,,"0000-00-00 00:00:00",No,0,,0,0,0,01-0001,NULL,NULL
2457,02-0417,02-0444,02-0444,02-0444,02-0444,02-0003,1,nurjaman.khan,"2016-07-17 00:00:00",No,100,,0,0,0,01-0001,NULL,NULL
2458,02-0024,02-0444,02-0444,02-0444,02-0444,02-0003,1,mahmudul.hasan,"2015-03-22 00:00:00",No,100,,0,0,0,01-0001,NULL,NULL
2459,02-0088,02-1723,02-1723,02-1723,02-1723,02-0003,1,nurjaman.khan,"2018-10-18 00:00:00",No,5,,0,0,0,01-0001,NULL,NULL
2460,02-0023,02-0393,02-0393,02-0994,02-1454,02-0003,1,asadullah,"2022-02-06 00:00:00",No,5,,0,0,0,01-0001,NULL,NULL
2461,02-0387,02-0088,02-0417,02-0003,02-0003,02-0003,0,,"0000-00-00 00:00:00",No,0,,0,0,0,01-0001,NULL,NULL
2462,02-0084,02-0417,02-0417,02-0417,02-0444,02-0003,0,nurjaman.khan,"2018-08-29 00:00:00",No,100,,0,0,0,01-0001,NULL,NULL
2463,02-0085,02-0417,02-0003,02-0003,02-0003,02-0003,0,afruza.khanam,"2014-03-05 00:00:00",No,0,,0,0,0,01-0001,NULL,NULL
2464,02-0314,02-1454,02-1454,02-1454,02-1454,02-0003,0,saddam,"2023-03-05 00:00:00",No,5,,0,0,0,01-0001,NULL,NULL
2465,02-0243,02-0876,02-0444,02-0444,02-0444,02-0003,0,nurjaman.khan,"2016-08-01 00:00:00",No,0,,0,0,0,01-0001,NULL,NULL
2466,02-0049,02-1454,02-1454,02-1454,02-1454,02-0003,0,jobayer,"2019-07-09 00:00:00",No,0,,0,0,0,01-0001,NULL,NULL
2467,02-0379,02-0023,02-0994,02-0994,02-1454,02-0003,0,dobibul,"2020-05-17 00:00:00",No,5,,0,0,0,01-0001,NULL,NULL
2468,02-0089,02-1838,02-1838,02-0994,02-1454,02-0003,0,asadullah,"2021-03-25 00:00:00",No,0,,0,0,0,01-0001,NULL,NULL
2469,02-0137,02-0023,02-0994,02-0994,02-1454,02-0003,0,nurjaman.khan,"2018-06-21 00:00:00",No,0,,0,0,0,01-0001,NULL,NULL
2470,02-0015,02-1382,02-1382,02-1382,02-0323,02-0003,1,jobayer,"2019-07-17 00:00:00",No,100,,0,0,0,01-0001,NULL,NULL
2471,02-0326,02-0009,02-0009,02-0009,02-0473,02-0003,0,nurjaman.khan,"2017-09-04 00:00:00",No,100,,0,0,0,01-0001,NULL,NULL
2472,02-0011,02-0341,02-0503,02-0503,02-0323,02-0003,0,jobayer,"2020-08-24 00:00:00",No,5,,0,0,0,01-0001,NULL,NULL
2473,02-0425,02-1893,02-1893,02-1893,02-2004,02-0003,0,abu.hashem,"2023-08-20 00:00:00",No,5,,0,0,0,01-0001,NULL,NULL
2474,02-0048,02-0425,02-0425,02-0503,02-0503,02-0003,0,lutful.kabir,"2021-08-09 00:00:00",No,0,,0,0,0,01-0001,NULL,NULL
2475,02-0427,02-0333,02-0009,02-0015,02-0015,02-0003,0,,"0000-00-00 00:00:00",No,0,,0,0,0,01-0001,NULL,NULL
2476,02-0357,02-0333,02-0009,02-0015,02-0015,02-0003,0,,"0000-00-00 00:00:00",No,0,,0,0,0,01-0001,NULL,NULL
2477,02-0418,02-0333,02-0009,02-0015,02-0015,02-0003,0,,"0000-00-00 00:00:00",No,0,,0,0,0,01-0001,NULL,NULL
2478,02-0284,02-0333,02-0402,02-0402,02-0402,02-0003,0,afruza.khanam,"2014-01-06 00:00:00",No,0,,0,0,0,01-0001,NULL,NULL
2479,02-0345,02-1723,02-1723,02-1723,02-1723,02-0003,0,nurjaman.khan,"2018-06-02 00:00:00",No,0,,0,0,0,01-0001,NULL,NULL
2480,02-0506,02-0402,02-0402,02-0402,02-0473,02-0003,0,nurjaman.khan,"2018-02-13 00:00:00",No,0,,0,0,0,01-0001,NULL,NULL
2481,02-0386,02-0402,02-0473,02-0473,02-0473,02-0003,0,afruza.khanam,"2014-10-21 00:00:00",No,0,,0,0,0,01-0001,NULL,NULL
2482,02-0096,02-0402,02-0473,02-0473,02-0473,02-0003,0,afruza.khanam,"2014-10-21 00:00:00",No,0,,0,0,0,01-0001,NULL,NULL
2483,02-0033,02-0846,02-0846,02-0846,02-1606,02-0003,0,saddam,"2023-07-16 00:00:00",No,5,,0,0,0,01-0001,NULL,NULL
2484,02-0354,02-0800,02-0846,02-0846,02-0473,02-0003,0,nurjaman.khan,"2016-09-25 00:00:00",No,0,,0,0,0,01-0001,NULL,NULL
2485,02-0274,02-0889,02-0889,02-0103,02-0458,02-0003,0,jobayer,"2020-08-20 00:00:00",No,0,,0,0,0,01-0001,NULL,NULL
2486,04-0053,02-0300,02-0402,02-0402,02-0402,02-0003,0,,"0000-00-00 00:00:00",No,0,,0,0,0,01-0001,NULL,NULL
2487,04-0031,02-0300,02-0402,02-0402,02-0402,02-0003,0,,"0000-00-00 00:00:00",No,0,,0,0,0,01-0001,NULL,NULL
2488,04-0070,02-0274,02-0402,02-0402,02-0402,02-0003,0,,"0000-00-00 00:00:00",No,0,,0,0,0,01-0001,NULL,NULL
2489,02-0549,02-0300,02-0402,02-0402,02-0402,02-0003,0,,"0000-00-00 00:00:00",No,0,,0,0,0,01-0001,NULL,NULL
2490,02-0562,02-0274,02-0402,02-0402,02-0402,02-0003,0,nurjaman.khan,"2017-08-17 00:00:00",No,0,,0,0,0,01-0001,NULL,NULL
2491,02-0553,02-0300,02-0402,02-0402,02-0402,02-0003,0,,"0000-00-00 00:00:00",No,0,,0,0,0,01-0001,NULL,NULL
2492,04-0073,02-0300,02-0402,02-0402,02-0402,02-0003,0,,"0000-00-00 00:00:00",No,0,,0,0,0,01-0001,NULL,NULL
2493,02-0566,02-0889,02-0889,02-0103,02-0458,02-0003,0,dobibul,"2020-06-28 00:00:00",No,0,,0,0,0,01-0001,NULL,NULL
2494,04-0043,02-0300,02-0402,02-0402,02-0402,02-0003,0,,"0000-00-00 00:00:00",No,0,,0,0,0,01-0001,NULL,NULL
2495,02-0556,02-0889,02-0889,02-0103,02-0458,02-0003,0,asadullah,"2021-11-23 00:00:00",No,0,,0,0,1,01-0001,NULL,NULL
2496,02-0557,02-0300,02-0402,02-0402,02-0402,02-0003,0,,"0000-00-00 00:00:00",No,0,,0,0,0,01-0001,NULL,NULL
2497,04-0091,02-0274,02-0402,02-0402,02-0402,02-0003,0,nurjaman.khan,"2018-08-29 00:00:00",No,0,,0,0,0,01-0001,NULL,NULL
2498,02-0559,02-0274,02-0889,02-1409,02-0458,02-0003,0,lutful.kabir,"2019-01-01 00:00:00",No,0,,0,0,0,01-0001,NULL,NULL
2499,04-0074,02-0274,02-0402,02-0402,02-0402,02-0003,0,,"0000-00-00 00:00:00",No,0,,0,0,0,01-0001,NULL,NULL
2500,02-0561,02-0274,02-0889,02-1409,02-0458,02-0003,0,lutful.kabir,"2019-01-01 00:00:00",No,0,,0,0,0,01-0001,NULL,NULL
2501,04-0064,02-0274,02-0402,02-0402,02-0402,02-0003,0,,"0000-00-00 00:00:00",No,0,,0,0,0,01-0001,NULL,NULL
2502,04-0066,02-0300,02-0402,02-0402,02-0402,02-0003,0,,"0000-00-00 00:00:00",No,0,,0,0,0,01-0001,NULL,NULL
2503,04-0084,02-0300,02-0402,02-0402,02-0402,02-0003,0,,"0000-00-00 00:00:00",No,0,,0,0,0,01-0001,NULL,NULL
2504,04-0094,02-0274,02-0402,02-0402,02-0402,02-0003,0,,"0000-00-00 00:00:00",No,0,,0,0,0,01-0001,NULL,NULL
2505,04-0099,02-0274,02-0402,02-0402,02-0402,02-0003,0,,"0000-00-00 00:00:00",No,0,,0,0,0,01-0001,NULL,NULL
2506,02-0528,02-0506,02-0277,02-0402,02-0473,02-0003,0,nurjaman.khan,"2018-08-29 00:00:00",No,0,,0,0,0,01-0001,NULL,NULL
2507,02-0530,02-0506,02-0277,02-0402,02-0473,02-0003,0,nurjaman.khan,"2016-06-08 00:00:00",No,0,,0,0,0,01-0001,NULL,NULL
2508,03-0079,03-0008,02-0277,02-0402,02-0402,02-0003,0,,"0000-00-00 00:00:00",No,0,,0,0,0,01-0001,NULL,NULL
2509,03-0077,03-0004,02-0277,02-0402,02-0402,02-0003,0,afruza.khanam,"2014-04-29 00:00:00",No,0,,0,0,0,01-0001,NULL,NULL
2510,02-0520,02-0506,02-0277,02-0402,02-0473,02-0003,0,nurjaman.khan,"2018-08-29 00:00:00",No,0,,0,0,0,01-0001,NULL,NULL
2511,02-0524,02-0506,02-0277,02-0402,02-0473,02-0003,0,nurjaman.khan,"2018-08-29 00:00:00",No,0,,0,0,0,01-0001,NULL,NULL
2512,02-0515,02-0107,02-0402,02-0402,02-0402,02-0003,0,,"0000-00-00 00:00:00",No,0,,0,0,0,01-0001,NULL,NULL
2513,02-0529,02-0174,02-1060,02-1060,02-0003,02-0003,0,nurjaman.khan,"2018-08-08 00:00:00",No,0,,0,0,0,01-0001,NULL,NULL
2514,02-0511,02-0107,02-0402,02-0402,02-0473,02-0003,0,nurjaman.khan,"2016-06-08 00:00:00",No,0,,0,0,0,01-0001,NULL,NULL
2515,02-0508,02-0358,02-0358,02-1071,02-0003,02-0003,0,asadullah,"2021-07-05 00:00:00",No,0,,0,0,0,01-0001,NULL,NULL
2516,02-0516,02-0218,02-0218,02-0174,02-0458,02-0003,0,saddam,"2024-01-01 00:00:00",No,0,,0,0,0,01-0001,NULL,NULL
2517,02-0509,02-0107,02-1723,02-1723,02-1723,02-0003,0,nurjaman.khan,"2018-09-06 00:00:00",No,0,,0,0,0,01-0001,NULL,NULL
2518,02-0533,02-0651,02-1723,02-1723,02-1723,02-0003,0,jobayer,"2019-02-11 00:00:00",No,0,,0,0,0,01-0001,NULL,NULL
2519,02-0534,02-0002,02-0402,02-0402,02-0473,02-0003,0,nurjaman.khan,"2017-09-10 00:00:00",No,0,,0,0,0,01-0001,NULL,NULL
2520,02-0514,02-1723,02-1723,02-1723,02-0402,02-0003,0,saddam,"2023-08-01 00:00:00",No,0,,0,0,0,01-0001,NULL,NULL
2521,02-0032,02-0925,02-0925,02-0925,02-0925,01-0001,1,asadullah,"2022-11-24 00:00:00",Yes,5,,0,0,1,01-0001,NULL,NULL
2522,02-0365,02-0032,02-0323,02-0323,02-0323,02-0003,0,,"0000-00-00 00:00:00",No,0,,0,0,0,01-0001,NULL,NULL
2523,02-0149,02-0032,02-0925,02-0925,02-0925,01-0001,0,saddam,"2023-09-25 00:00:00",No,5,,0,0,0,01-0001,NULL,NULL
2524,02-0055,02-0996,02-0996,02-1037,02-0323,02-0003,0,saddam,"2023-07-04 00:00:00",No,100,,0,0,0,01-0001,NULL,NULL
2525,02-0169,02-0032,02-0032,02-0925,02-0925,01-0001,0,asadullah,"2022-11-24 00:00:00",Yes,5,,0,0,1,01-0001,NULL,NULL
2526,02-0136,02-0925,02-0925,02-0925,02-0925,02-0003,0,asadullah,"2022-11-24 00:00:00",No,5,,0,0,0,01-0001,NULL,NULL
2527,02-0366,02-0032,02-0925,02-0925,02-0925,01-0001,0,asadullah,"2022-11-24 00:00:00",Yes,0,,0,0,1,01-0001,NULL,NULL
2528,02-0367,02-0032,02-0925,02-0925,02-0925,01-0001,0,asadullah,"2022-11-24 00:00:00",Yes,5,,0,0,1,01-0001,NULL,NULL
2529,02-0329,02-0003,02-0003,02-0003,02-0003,02-0003,1,nurjaman.khan,"2018-08-29 00:00:00",No,100,,0,0,0,01-0001,NULL,NULL
2530,02-0188,02-0323,02-0323,02-0323,02-0323,02-0003,1,saddam,"2023-04-02 00:00:00",No,100,,0,0,0,01-0001,NULL,NULL
2531,02-0035,02-1037,02-1037,02-1037,02-0323,02-0003,1,jobayer,"2019-07-23 00:00:00",No,5,,0,0,0,01-0001,NULL,NULL
2532,02-0380,02-0146,02-0003,02-0003,02-0003,02-0003,0,,"0000-00-00 00:00:00",No,0,,0,0,0,01-0001,NULL,NULL
2533,02-0398,02-0003,02-0003,02-0003,02-0003,02-0003,1,nurjaman.khan,"2018-04-01 00:00:00",No,100,,0,0,0,01-0001,NULL,NULL
2534,02-0130,02-0996,02-0996,02-0996,02-0458,02-0003,0,nurjaman.khan,"2016-09-01 00:00:00",No,100,,0,0,0,01-0001,NULL,NULL
2535,02-0134,02-0767,02-0767,02-0767,02-0458,02-0003,0,nurjaman.khan,"2018-08-29 00:00:00",No,100,,0,0,0,01-0001,NULL,NULL
2536,02-0275,02-0458,02-0458,02-0458,02-0458,02-0003,0,mahmudul.hasan,"2014-08-24 00:00:00",No,0,,0,0,0,01-0001,NULL,NULL
2537,02-0253,02-0047,02-0323,02-0323,02-0323,02-0003,0,,"0000-00-00 00:00:00",No,0,,0,0,0,01-0001,NULL,NULL
2538,02-0060,02-0082,02-0188,02-0458,02-0458,02-0003,0,afruza.khanam,"2014-08-12 00:00:00",No,0,,0,0,0,01-0001,NULL,NULL
2539,02-0031,02-1037,02-1037,02-1037,02-0323,02-0003,0,dobibul,"2020-01-29 00:00:00",No,5,,0,0,0,01-0001,NULL,NULL
2540,02-0066,02-0082,02-0188,02-0188,02-0458,02-0003,0,nurjaman.khan,"2016-06-15 00:00:00",No,0,,0,0,0,01-0001,NULL,NULL
2541,02-0153,02-0130,02-0130,02-0130,02-0458,02-0003,0,nurjaman.khan,"2018-08-29 00:00:00",No,0,,0,0,0,01-0001,NULL,NULL
2542,02-0154,02-0082,02-0188,02-0188,02-0323,02-0003,0,dobibul,"2020-01-29 00:00:00",No,5,,0,0,0,01-0001,NULL,NULL
2543,02-0059,02-0082,02-0082,02-0082,02-0323,02-0003,0,asadullah,"2022-08-22 00:00:00",No,5,,0,0,0,01-0001,NULL,NULL
2544,02-0075,02-0188,02-0188,02-0188,02-0323,02-0003,0,asadullah,"2021-03-25 00:00:00",No,5,,0,0,0,01-0001,NULL,NULL
2545,02-0058,02-0297,02-0036,02-0036,02-0003,02-0003,0,nurjaman.khan,"2018-03-18 00:00:00",No,5,,0,0,0,01-0001,NULL,NULL
2546,02-0403,02-0047,02-0047,02-0047,02-0323,02-0003,0,nurjaman.khan,"2016-08-10 00:00:00",No,0,,0,0,0,01-0001,NULL,NULL
2547,02-0412,02-0188,02-0323,02-0323,02-0323,02-0003,0,,"0000-00-00 00:00:00",No,0,,0,0,0,01-0001,NULL,NULL
2548,02-0413,02-0188,02-0323,02-0323,02-0323,02-0003,0,,"0000-00-00 00:00:00",No,0,,0,0,0,01-0001,NULL,NULL
2549,02-0415,02-0074,02-0188,02-0458,02-0458,02-0003,0,afruza.khanam,"2014-08-14 00:00:00",No,0,,0,0,0,01-0001,NULL,NULL
2550,02-0361,02-0757,02-0973,02-0973,02-0323,02-0003,0,nurjaman.khan,"2017-05-08 00:00:00",No,0,,0,0,0,01-0001,NULL,NULL
2551,02-0310,02-0278,02-1480,02-1480,02-0323,02-0003,0,dobibul,"2020-01-29 00:00:00",No,0,,0,0,0,01-0001,NULL,NULL
2552,02-0347,02-1037,02-1037,02-1037,02-0323,02-0003,0,noorsat.alam,"2020-04-26 00:00:00",No,0,,0,0,0,01-0001,NULL,NULL
2553,02-0353,02-0166,02-0323,02-0323,02-0323,02-0003,0,,"0000-00-00 00:00:00",No,0,,0,0,0,01-0001,NULL,NULL
2554,02-0071,02-0767,02-0767,02-0767,02-0767,02-0003,0,asadullah,"2022-01-03 00:00:00",No,5,,0,0,0,01-0001,NULL,NULL
2555,02-0348,02-0166,02-0323,02-0323,02-0323,02-0003,0,,"0000-00-00 00:00:00",No,0,,0,0,0,01-0001,NULL,NULL
2556,02-0237,02-0693,02-0693,02-1409,02-0458,02-0003,0,abu.hashem,"2023-10-26 00:00:00",No,0,,0,0,0,01-0001,NULL,NULL
2557,02-0215,02-0232,02-0146,02-0146,02-0003,02-0003,0,nurjaman.khan,"2018-10-03 00:00:00",No,0,,0,0,0,01-0001,NULL,NULL
2558,02-0254,02-0380,02-0329,02-0323,02-0323,02-0003,0,,"0000-00-00 00:00:00",No,0,,0,0,0,01-0001,NULL,NULL
2559,02-0069,02-0052,02-0329,02-0323,02-0323,02-0003,0,,"0000-00-00 00:00:00",No,0,,0,0,0,01-0001,NULL,NULL
2560,02-0384,02-0996,02-0996,02-0996,02-0323,02-0003,0,saddam,"2022-07-13 00:00:00",No,0,,0,0,0,01-0001,NULL,NULL
2561,02-0370,02-0095,02-0478,02-0458,02-0458,02-0003,0,afruza.khanam,"2014-07-08 00:00:00",No,0,,0,0,0,01-0001,NULL,NULL
2562,02-0374,02-0134,02-0478,02-0458,02-0458,02-0003,0,tanvir,"2014-04-29 00:00:00",No,0,,0,0,0,01-0001,NULL,NULL
2563,02-0376,02-0134,02-0478,02-0458,02-0458,02-0003,0,afruza.khanam,"2014-09-11 00:00:00",No,0,,0,0,0,01-0001,NULL,NULL
2564,02-0385,02-0086,02-0438,02-0458,02-0458,02-0003,0,afruza.khanam,"2014-02-27 00:00:00",No,0,,0,0,0,01-0001,NULL,NULL
2565,02-0408,02-0055,02-0996,02-0996,02-0323,02-0003,0,robiul,"2022-12-18 00:00:00",No,0,,0,0,0,01-0001,NULL,NULL
2566,02-0420,02-0086,02-0438,02-0458,02-0458,02-0003,0,afruza.khanam,"2014-02-27 00:00:00",No,0,,0,0,0,01-0001,NULL,NULL
2567,02-0431,02-0061,02-0082,02-0082,02-0323,02-0003,0,saddam,"2023-01-26 00:00:00",No,0,,0,0,0,01-0001,NULL,NULL
2568,02-0394,02-0845,02-1060,02-1060,02-0003,02-0003,0,nurjaman.khan,"2018-11-05 00:00:00",No,0,,0,0,0,01-0001,NULL,NULL
2569,02-0231,02-0247,02-0036,02-0003,02-0003,02-0003,0,sabrina.akter,"2014-04-29 00:00:00",No,0,,0,0,0,01-0001,NULL,NULL
2570,02-0267,02-0218,02-0218,02-1060,02-0458,02-0003,0,jobayer,"2020-11-29 00:00:00",No,0,,0,0,0,01-0001,NULL,NULL
2571,02-0104,02-0407,02-0407,02-0407,02-0407,02-0003,0,nurjaman.khan,"2017-04-25 00:00:00",No,0,,0,0,0,01-0001,NULL,NULL
2572,02-0246,02-0407,02-0407,02-0407,02-0407,02-0003,0,,"0000-00-00 00:00:00",No,0,,0,0,0,01-0001,NULL,NULL
2573,02-0324,02-0407,02-0407,02-0407,02-0407,02-0003,0,,"0000-00-00 00:00:00",No,0,,0,0,0,01-0001,NULL,NULL
2574,02-0456,02-1642,02-1642,02-0407,02-0407,02-0003,0,jobayer,"2021-03-02 00:00:00",No,0,,0,0,0,01-0001,NULL,NULL
2575,02-0454,02-0897,02-0897,02-0897,02-0897,02-0003,1,mahmudul.hasan,"2016-07-17 00:00:00",No,100,,0,0,0,01-0001,NULL,NULL
2576,02-0455,02-0407,02-0407,02-0407,02-0407,02-0003,0,nurjaman.khan,"2018-07-17 00:00:00",No,0,,0,0,0,01-0001,NULL,NULL
2577,02-0441,02-1723,02-1723,02-1723,02-1723,02-0003,0,jobayer,"2019-07-08 00:00:00",No,0,,0,0,0,01-0001,NULL,NULL
2578,02-0430,02-0854,02-0854,02-1480,02-0323,02-0003,0,rasif,"2024-07-01 00:00:00",No,5,,0,0,0,01-0001,NULL,NULL
2579,02-0448,02-0095,02-0095,02-1409,02-0458,02-0003,0,lutful.kabir,"2019-01-01 00:00:00",No,0,,0,0,0,01-0001,NULL,NULL
2580,02-0446,02-0103,02-0103,02-0103,02-0458,02-0003,0,nurjaman.khan,"2018-01-01 00:00:00",No,0,,0,0,0,01-0001,NULL,NULL
2581,02-0450,02-0464,02-0464,02-0767,02-0458,02-0003,0,nurjaman.khan,"2016-02-07 00:00:00",No,0,,0,0,0,01-0001,NULL,NULL
2582,02-0467,02-0007,02-0007,02-0007,02-0323,02-0003,0,asadullah,"2022-11-29 00:00:00",No,0,,0,0,0,01-0001,NULL,NULL
2583,02-0434,02-0458,02-0458,02-0458,02-0458,02-0003,0,afruza.khanam,"2014-04-29 00:00:00",No,0,,0,0,0,01-0001,NULL,NULL
2584,02-0438,02-0003,02-0003,02-0003,02-0003,02-0003,0,rasif,"2024-04-01 00:00:00",No,100,,0,0,0,01-0001,NULL,NULL
2585,02-0465,02-0003,02-0003,02-0003,02-0003,02-0003,0,afruza.khanam,"2014-04-29 00:00:00",No,0,,0,0,0,01-0001,NULL,NULL
2586,02-0468,02-0407,02-0407,02-0407,02-0407,02-0003,0,afruza.khanam,"2014-04-29 00:00:00",No,0,,0,0,0,01-0001,NULL,NULL
2587,02-0428,02-0086,02-0438,02-0458,02-0458,02-0003,0,tanvir,"2014-04-29 00:00:00",No,0,,0,0,0,01-0001,NULL,NULL
2588,02-0444,01-0001,01-0001,01-0001,01-0001,01-0001,0,asadullah,"2021-09-13 00:00:00",No,100,,0,0,0,01-0001,NULL,NULL
2589,02-0469,02-0047,02-0323,02-0323,02-0323,02-0003,0,afruza.khanam,"2014-03-02 00:00:00",No,0,,0,0,0,01-0001,NULL,NULL
2590,02-0472,02-0407,02-0407,02-0407,02-0407,02-0003,0,nurjaman.khan,"2018-01-14 00:00:00",No,0,,0,0,0,01-0001,NULL,NULL
2591,02-0473,02-0003,02-0003,02-0003,02-0003,02-0003,0,jobayer,"2019-05-02 00:00:00",No,100,,0,0,0,01-0001,NULL,NULL
2592,02-0474,02-1642,02-0407,02-0407,02-0407,02-0003,0,jobayer,"2019-02-19 00:00:00",No,0,,0,0,0,01-0001,NULL,NULL
2593,02-0475,02-0003,02-0003,02-0003,02-0003,02-0003,0,afruza.khanam,"2014-03-09 00:00:00",No,0,,0,0,0,01-0001,NULL,NULL
2594,02-0477,02-0458,02-0458,02-0458,02-0458,02-0003,0,afruza.khanam,"2014-03-09 00:00:00",No,0,,0,0,0,01-0001,NULL,NULL
2595,02-0478,02-0458,02-0458,02-0458,02-0458,02-0003,0,afruza.khanam,"2014-03-09 00:00:00",No,0,,0,0,0,01-0001,NULL,NULL
2596,02-0480,02-0278,02-0086,02-0438,02-0458,02-0003,0,afruza.khanam,"2014-03-31 00:00:00",No,0,,0,0,0,01-0001,NULL,NULL
2597,02-0459,02-0082,02-0188,02-0458,02-0458,02-0003,0,mahmudul.hasan,"2015-03-30 00:00:00",No,0,,0,0,0,01-0001,NULL,NULL
2598,02-0543,02-0107,02-0402,02-0402,02-0402,02-0003,0,afruza.khanam,"2014-03-18 00:00:00",No,0,,0,0,0,01-0001,NULL,NULL
2599,04-0439,02-0278,02-0086,02-0438,02-0458,02-0003,0,nurjaman.khan,"2018-08-29 00:00:00",No,0,,0,0,0,01-0001,NULL,NULL
2600,02-0462,02-1480,02-1480,02-1480,02-0323,02-0003,0,saddam,"2023-02-09 00:00:00",No,5,,0,0,0,01-0001,NULL,NULL
2601,04-0106,02-0119,02-0036,02-0003,02-0003,02-0003,0,afruza.khanam,"2014-04-01 00:00:00",No,0,,0,0,0,01-0001,NULL,NULL
2602,02-0500,02-0159,02-0103,02-0458,02-0458,02-0003,0,mahmudul.hasan,"2015-09-02 00:00:00",No,0,,0,0,0,01-0001,NULL,NULL
2603,0026,02-0153,02-0478,02-0478,02-0478,02-0003,0,afruza.khanam,"2014-08-14 00:00:00",No,0,,0,0,0,01-0001,NULL,NULL
2604,02-0488,02-0153,02-0478,02-0478,02-0478,02-0003,0,nurjaman.khan,"2018-08-29 00:00:00",No,0,,0,0,0,01-0001,NULL,NULL
2605,02-0452,02-0375,02-0103,02-0103,02-0458,02-0003,0,nurjaman.khan,"2016-10-30 00:00:00",No,0,,0,0,0,01-0001,NULL,NULL
2606,02-0494,02-0823,02-0994,02-0994,02-0444,02-0003,0,nurjaman.khan,"2016-11-30 00:00:00",No,0,,0,0,0,01-0001,NULL,NULL
2607,02-0482,02-0085,02-0417,02-0003,02-0003,02-0003,0,afruza.khanam,"2014-04-29 00:00:00",No,0,,0,0,0,01-0001,NULL,NULL
2608,02-0439,02-0278,02-0086,02-0438,02-0458,02-0003,0,mahmudul.hasan,"2014-04-29 00:00:00",No,0,,0,0,0,01-0001,NULL,NULL
2609,02-0492,02-0247,02-0297,02-0036,02-0003,02-0003,0,nurjaman.khan,"2016-07-18 00:00:00",No,0,,0,0,0,01-0001,NULL,NULL
2610,02-0493,02-0676,02-0297,02-0036,02-0003,02-0003,0,nurjaman.khan,"2018-08-29 00:00:00",No,0,,0,0,0,01-0001,NULL,NULL
2611,02-0496,02-0026,02-0036,02-0003,02-0003,02-0003,0,afruza.khanam,"2014-06-08 00:00:00",No,0,,0,0,0,01-0001,NULL,NULL
2612,02-0297,02-1409,02-1409,02-1409,02-0458,02-0003,0,abu.hashem,"2023-07-11 00:00:00",No,5,,0,0,0,01-0001,NULL,NULL
2613,02-0546,02-0506,02-0277,02-0402,02-0473,02-0003,0,nurjaman.khan,"2016-03-10 00:00:00",No,0,,0,0,0,01-0001,NULL,NULL
2614,02-0539,02-0506,02-0277,02-0402,02-0473,02-0003,0,afruza.khanam,"2014-11-19 00:00:00",No,0,,0,0,0,01-0001,NULL,NULL
2615,02-0540,02-1420,02-0820,02-0820,02-0402,02-0003,0,saddam,"2023-02-01 00:00:00",No,0,,0,0,0,01-0001,NULL,NULL
2616,02-0541,02-1420,02-0820,02-0820,02-0402,02-0003,0,saddam,"2023-02-01 00:00:00",No,0,,0,0,0,01-0001,NULL,NULL
2617,02-0545,02-0506,02-0277,02-0402,02-0473,02-0003,0,nurjaman.khan,"2017-09-04 00:00:00",No,0,,0,0,0,01-0001,NULL,NULL
2618,02-0501,02-0047,02-0047,02-0047,02-0047,01-0001,0,asadullah,"2024-08-27 00:00:00",Yes,0,,0,1,1,01-0001,NULL,NULL
2619,02-0503,02-2291,02-2291,02-2291,02-2291,01-0001,0,saddam,"2023-11-01 00:00:00",Yes,5,,0,1,1,01-0001,NULL,NULL
2620,"02-0501(For Testing)",,,,,02-0003,0,asadullah,"2021-08-23 00:00:00",No,0,,0,0,0,01-0001,NULL,NULL
2621,02-0583,02-0086,02-0438,02-0458,02-0458,02-0003,0,afruza.khanam,"2014-07-08 00:00:00",No,0,,0,0,0,01-0001,NULL,NULL
2622,02-0584,02-0086,02-0438,02-0458,02-0458,02-0003,0,hasanus.safa,"2014-09-02 00:00:00",No,0,,0,0,0,01-0001,NULL,NULL
2623,02-0581,02-0506,02-0277,02-0402,02-0402,02-0003,0,afruza.khanam,"2014-07-23 00:00:00",No,0,,0,0,0,01-0001,NULL,NULL
2624,02-0586,02-0086,02-0438,02-0458,02-0458,02-0003,0,afruza.khanam,"2014-09-24 00:00:00",No,0,,0,0,0,01-0001,NULL,NULL
2625,02-0589,02-0375,02-0103,02-0103,02-0458,02-0003,0,nurjaman.khan,"2016-04-19 00:00:00",No,0,,0,0,0,01-0001,NULL,NULL
2626,02-0595,02-0951,02-0951,02-0651,02-0402,02-0003,0,asadullah,"2022-04-26 00:00:00",No,0,,0,0,0,01-0001,NULL,NULL
2627,02-0593,02-0336,02-0336,02-0503,02-0323,02-0003,0,jobayer,"2020-11-01 00:00:00",No,0,,0,0,0,01-0001,NULL,NULL
2628,02-0598,02-0130,02-0458,02-0458,02-0458,02-0003,0,afruza.khanam,"2014-09-08 00:00:00",No,0,,0,0,0,01-0001,NULL,NULL
2629,02-0604,02-0003,02-0003,02-0003,02-0003,02-0003,0,afruza.khanam,"2014-09-15 00:00:00",No,0,,0,0,0,01-0001,NULL,NULL
2630,02-0605,02-0677,02-0845,02-0036,02-0003,02-0003,0,nurjaman.khan,"2016-03-10 00:00:00",No,0,,0,0,0,01-0001,NULL,NULL
2631,02-0645,02-1233,02-1233,02-1233,02-1233,02-0003,0,nurjaman.khan,"2017-11-16 00:00:00",No,100,,0,0,0,01-0001,NULL,NULL
2632,02-0646,02-0757,02-0757,02-0757,02-0323,02-0003,0,nurjaman.khan,"2017-11-30 00:00:00",No,0,,0,0,0,01-0001,NULL,NULL
2633,02-0644,02-0757,02-0973,02-0973,02-0458,02-0003,0,nurjaman.khan,"2016-07-10 00:00:00",No,0,,0,0,0,01-0001,NULL,NULL
2634,02-0629,02-0047,02-0047,02-0047,02-0458,02-0003,0,nurjaman.khan,"2018-07-01 00:00:00",No,0,,0,0,0,01-0001,NULL,NULL
2635,02-0628,02-0086,02-0458,02-0458,02-0458,02-0003,0,afruza.khanam,"2014-10-20 00:00:00",No,0,,0,0,0,01-0001,NULL,NULL
2636,02-0655,02-0407,02-0407,02-0407,02-0407,02-0003,0,afruza.khanam,"2014-11-02 00:00:00",No,0,,0,0,0,01-0001,NULL,NULL
2637,02-0652,02-0297,02-0297,02-0036,02-0003,02-0003,0,mahmudul.hasan,"2017-04-23 00:00:00",No,0,,0,0,0,01-0001,NULL,NULL
2638,02-0613,02-0086,02-0458,02-0458,02-0458,02-0003,0,mahmudul.hasan,"2014-11-06 00:00:00",No,0,,0,0,0,01-0001,NULL,NULL
2639,02-0620,02-0086,02-0458,02-0458,02-0458,02-0003,0,mahmudul.hasan,"2014-11-06 00:00:00",No,0,,0,0,0,01-0001,NULL,NULL
2640,02-0658,02-0086,02-0458,02-0458,02-0458,02-0003,0,mahmudul.hasan,"2014-11-11 00:00:00",No,0,,0,0,0,01-0001,NULL,NULL
2641,02-0659,02-0086,02-0458,02-0458,02-0458,02-0003,0,mahmudul.hasan,"2014-11-12 00:00:00",No,0,,0,0,0,01-0001,NULL,NULL
2642,02-0660,02-0086,02-0086,02-0086,02-0458,02-0003,0,nurjaman.khan,"2018-08-29 00:00:00",No,0,,0,0,0,01-0001,NULL,NULL
2643,02-0661,02-0086,02-0458,02-0458,02-0458,02-0003,0,mahmudul.hasan,"2014-11-12 00:00:00",No,0,,0,0,0,01-0001,NULL,NULL
2644,02-0667,02-0757,02-0973,02-0973,02-0458,02-0003,0,nurjaman.khan,"2016-07-18 00:00:00",No,0,,0,0,0,01-0001,NULL,NULL
2645,02-0668,02-0506,02-0277,02-0402,02-0473,02-0003,0,mahmudul.hasan,"2014-11-13 00:00:00",No,0,,0,0,0,01-0001,NULL,NULL
2646,02-0608,02-0181,02-0103,02-0103,02-0458,02-0003,0,nurjaman.khan,"2017-08-02 00:00:00",No,0,,0,0,0,01-0001,NULL,NULL
2647,02-0666,02-0181,02-0103,02-0103,02-0458,02-0003,0,nurjaman.khan,"2017-08-02 00:00:00",No,0,,0,0,0,01-0001,NULL,NULL
2648,02-0619,02-0375,02-0103,02-0103,02-0458,02-0003,0,nurjaman.khan,"2016-10-30 00:00:00",No,0,,0,0,0,01-0001,NULL,NULL
2649,02-0640,02-0103,02-0478,02-0458,02-0458,02-0003,0,afruza.khanam,"2014-11-19 00:00:00",No,0,,0,0,0,01-0001,NULL,NULL
2650,02-0638,02-0103,02-0103,02-0103,02-0458,02-0003,0,nurjaman.khan,"2016-03-10 00:00:00",No,0,,0,0,0,01-0001,NULL,NULL
2651,02-0614,02-0103,02-0103,02-0103,02-0458,02-0003,0,nurjaman.khan,"2016-02-16 00:00:00",No,0,,0,0,0,01-0001,NULL,NULL
2652,02-0637,02-0218,02-0103,02-0103,02-0458,02-0003,0,nurjaman.khan,"2017-12-21 00:00:00",No,0,,0,0,0,01-0001,NULL,NULL
2653,02-0674,02-0506,02-0277,02-0402,02-0473,02-0003,0,mahmudul.hasan,"2014-11-19 00:00:00",No,0,,0,0,0,01-0001,NULL,NULL
2654,02-0670,02-0506,02-0277,02-0402,02-0473,02-0003,0,nurjaman.khan,"2017-12-12 00:00:00",No,0,,0,0,0,01-0001,NULL,NULL
2655,02-0675,02-0506,02-0277,02-0402,02-0473,02-0003,0,mahmudul.hasan,"2014-11-19 00:00:00",No,0,,0,0,0,01-0001,NULL,NULL
2656,02-0642,02-0036,02-0003,02-0003,02-0003,02-0003,0,afruza.khanam,"2014-11-20 00:00:00",No,0,,0,0,0,01-0001,NULL,NULL
2657,02-0643,02-0036,02-0003,02-0003,02-0003,02-0003,0,afruza.khanam,"2014-11-20 00:00:00",No,0,,0,0,0,01-0001,NULL,NULL
2658,02-0654,02-0181,02-0103,02-0103,02-0458,02-0003,0,nurjaman.khan,"2016-06-15 00:00:00",No,0,,0,0,0,01-0001,NULL,NULL
2659,02-0601,02-0181,02-0103,02-0103,02-0458,02-0003,0,nurjaman.khan,"2018-08-29 00:00:00",No,0,,0,0,0,01-0001,NULL,NULL
2660,02-0607,02-0677,02-0845,02-0036,02-0003,02-0003,0,nurjaman.khan,"2016-03-10 00:00:00",No,0,,0,0,0,01-0001,NULL,NULL
2661,02-0623,02-0036,02-0003,02-0003,02-0003,02-0003,0,afruza.khanam,"2014-11-23 00:00:00",No,0,,0,0,0,01-0001,NULL,NULL
2662,02-0630,02-0036,02-0003,02-0003,02-0003,02-0003,0,afruza.khanam,"2014-11-23 00:00:00",No,0,,0,0,0,01-0001,NULL,NULL
2663,02-0678,02-0407,02-0407,02-0407,02-0407,02-0003,0,mahmudul.hasan,"2016-03-02 00:00:00",No,0,,0,0,0,01-0001,NULL,NULL
2664,02-0144,02-0458,02-0458,02-0458,02-0458,02-0003,0,afruza.khanam,"2014-12-04 00:00:00",No,0,,0,0,0,01-0001,NULL,NULL
2665,02-0689,02-0444,02-0444,02-0444,02-0444,01-0001,0,jobayer,"2020-08-26 00:00:00",No,5,,0,0,0,01-0001,NULL,NULL
2666,02-0676,02-0297,02-0036,02-0036,02-0003,02-0003,0,mahmudul.hasan,"2016-05-03 00:00:00",No,100,,0,0,0,01-0001,NULL,NULL
2667,02-0680,02-0103,02-0458,02-0458,02-0458,02-0003,0,mahmudul.hasan,"2015-02-02 00:00:00",No,0,,0,0,0,01-0001,NULL,NULL
2668,02-0679,02-0036,02-0036,02-0036,02-0003,02-0003,0,nurjaman.khan,"2018-02-01 00:00:00",No,0,,0,0,0,01-0001,NULL,NULL
2669,02-0656,02-0181,02-0103,02-0103,02-0458,02-0003,0,nurjaman.khan,"2016-10-30 00:00:00",No,0,,0,0,0,01-0001,NULL,NULL
2670,02-0708,02-0708,02-0708,02-0708,02-0708,02-0003,0,nurjaman.khan,"2017-10-08 00:00:00",No,100,,0,0,0,01-0001,NULL,NULL
2671,02-0709,02-0074,02-0188,02-0188,02-0458,02-0003,0,nurjaman.khan,"2016-03-02 00:00:00",No,0,,0,0,0,01-0001,NULL,NULL
2672,02-0710,02-0677,02-0282,02-0036,02-0003,02-0003,0,nurjaman.khan,"2017-12-04 00:00:00",No,0,,0,0,0,01-0001,NULL,NULL
2673,02-0694,02-0003,02-0003,02-0003,02-0003,02-0003,0,jobayer,"2020-11-01 00:00:00",No,100,,0,0,0,01-0001,NULL,NULL
2674,02-0697,02-0107,02-0402,02-0402,02-0473,02-0003,0,nurjaman.khan,"2017-09-26 00:00:00",No,0,,0,0,0,01-0001,NULL,NULL
2675,02-0698,02-0879,02-0879,02-0651,02-0402,02-0003,0,asadullah,"2021-12-06 00:00:00",No,0,,0,0,0,01-0001,NULL,NULL
2676,02-0702,02-0082,02-0188,02-0188,02-0323,02-0003,0,asadullah,"2021-03-25 00:00:00",No,0,,0,0,0,01-0001,NULL,NULL
2677,02-0714,02-0036,02-0003,02-0003,02-0003,02-0003,0,nurjaman.khan,"2017-09-05 00:00:00",No,0,,0,0,0,01-0001,NULL,NULL
2678,02-0704,02-0458,02-0458,02-0458,02-0458,02-0003,0,mahmudul.hasan,"2015-03-04 00:00:00",No,0,,0,0,0,01-0001,NULL,NULL
2679,02-0724,02-0766,02-0036,02-0036,02-0003,02-0003,0,nurjaman.khan,"2018-08-29 00:00:00",No,0,,0,0,0,01-0001,NULL,NULL
2680,02-0726,02-0738,02-0036,02-0036,02-0003,02-0003,0,nurjaman.khan,"2018-08-29 00:00:00",No,0,,0,0,0,01-0001,NULL,NULL
2681,02-0719,02-0036,02-0003,02-0003,02-0003,02-0003,0,nurjaman.khan,"2015-03-05 00:00:00",No,0,,0,0,0,01-0001,NULL,NULL
2682,02-0699,02-0326,02-0009,02-0473,02-0473,02-0003,0,mahmudul.hasan,"2015-03-24 00:00:00",No,0,,0,0,0,01-0001,NULL,NULL
2683,02-0729,02-0036,02-0003,02-0003,02-0003,02-0003,0,nurjaman.khan,"2015-03-08 00:00:00",No,0,,0,0,0,01-0001,NULL,NULL
2684,02-0730,02-0080,02-1626,02-1626,02-0003,02-0003,0,nurjaman.khan,"2018-11-15 00:00:00",No,0,,0,0,0,01-0001,NULL,NULL
2685,02-0688,02-0506,02-0277,02-0402,02-0473,02-0003,0,nurjaman.khan,"2017-11-01 00:00:00",No,0,,0,0,0,01-0001,NULL,NULL
2686,02-0732,02-0036,02-0003,02-0003,02-0003,02-0003,0,nurjaman.khan,"2015-03-10 00:00:00",No,0,,0,0,0,01-0001,NULL,NULL
2687,02-0733,02-0398,02-0003,02-0003,02-0003,02-0003,0,nurjaman.khan,"2015-03-11 00:00:00",No,0,,0,0,0,01-0001,NULL,NULL
2688,02-0735,02-1010,02-0174,02-0174,02-0458,02-0003,0,saddam,"2023-10-15 00:00:00",No,0,,0,0,0,01-0001,NULL,NULL
2689,02-0737,02-0825,02-0174,02-0174,02-0458,02-0003,0,saddam,"2023-03-09 00:00:00",No,0,,0,0,0,01-0001,NULL,NULL
2690,02-0740,02-0036,02-0003,02-0003,02-0003,02-0003,0,nurjaman.khan,"2015-03-18 00:00:00",No,0,,0,0,0,01-0001,NULL,NULL
2691,02-0741,02-1010,02-0174,02-1060,02-1060,02-0003,0,jobayer,"2019-04-28 00:00:00",No,0,,0,0,0,01-0001,NULL,NULL
2692,02-0743,02-0757,02-0973,02-0973,02-0323,02-0003,0,nurjaman.khan,"2017-07-27 00:00:00",No,0,,0,0,0,01-0001,NULL,NULL
2693,02-0744,02-0757,02-0973,02-0973,02-0458,02-0003,0,nurjaman.khan,"2016-08-14 00:00:00",No,0,,0,0,0,01-0001,NULL,NULL
2694,02-0746,02-0210,02-0082,02-0082,02-0323,02-0003,0,saddam,"2022-11-03 00:00:00",No,0,,0,0,0,01-0001,NULL,NULL
2695,02-0748,02-0297,02-0297,02-0036,02-0003,02-0003,0,nurjaman.khan,"2017-04-17 00:00:00",No,0,,0,0,0,01-0001,NULL,NULL
2696,02-0750,02-0767,02-0767,02-0767,02-0767,02-0003,0,asadullah,"2021-09-26 00:00:00",No,5,,0,0,0,01-0001,NULL,NULL
2697,02-0751,02-0398,02-0003,02-0003,02-0003,02-0003,0,nurjaman.khan,"2015-03-29 00:00:00",No,0,,0,0,0,01-0001,NULL,NULL
2698,02-0752,02-0205,02-0146,02-0003,02-0003,02-0003,0,mahmudul.hasan,"2015-05-14 00:00:00",No,0,,0,0,0,01-0001,NULL,NULL
2699,02-0754,02-0103,02-0458,02-0458,02-0458,02-0003,0,hasanus.safa,"2015-04-23 00:00:00",No,0,,0,0,0,01-0001,NULL,NULL
2700,02-0755,02-1037,02-1037,02-1037,02-0323,02-0003,0,jobayer,"2019-08-19 00:00:00",No,0,,0,0,0,01-0001,NULL,NULL
2701,02-0758,02-0690,02-0036,02-0036,02-0003,02-0003,0,nurjaman.khan,"2018-08-29 00:00:00",No,0,,0,0,0,01-0001,NULL,NULL
2702,02-0760,02-0247,02-0297,02-0036,02-0003,02-0003,0,nurjaman.khan,"2016-07-10 00:00:00",No,0,,0,0,0,01-0001,NULL,NULL
2703,02-0664,02-0375,02-0103,02-1409,02-0458,02-0003,0,lutful.kabir,"2019-01-01 00:00:00",No,0,,0,0,0,01-0001,NULL,NULL
2704,02-0691,02-0232,02-0095,02-0103,02-0458,02-0003,0,jobayer,"2020-08-19 00:00:00",No,0,,0,0,0,01-0001,NULL,NULL
2705,02-0721,02-1109,02-1626,02-1626,02-0458,02-0003,0,asadullah,"2021-04-20 00:00:00",No,0,,0,0,0,01-0001,NULL,NULL
2706,02-0722,02-0738,02-0036,02-0003,02-0003,02-0003,0,nurjaman.khan,"2015-08-31 00:00:00",No,0,,0,0,0,01-0001,NULL,NULL
2707,02-0706,02-0913,02-0174,02-1060,02-0003,02-0003,0,nurjaman.khan,"2018-01-09 00:00:00",No,0,,0,0,0,01-0001,NULL,NULL
2708,02-0705,02-0232,02-0282,02-0103,02-0458,02-0003,0,jobayer,"2020-11-01 00:00:00",No,0,,0,0,0,01-0001,NULL,NULL
2709,02-0687,02-0738,02-0738,02-0036,02-0003,02-0003,0,nurjaman.khan,"2018-08-28 00:00:00",No,0,,0,0,0,01-0001,NULL,NULL
2710,02-0695,02-0026,02-0036,02-0036,02-0003,02-0003,0,nurjaman.khan,"2017-12-27 00:00:00",No,0,,0,0,0,01-0001,NULL,NULL
2711,02-0763,02-0174,02-0174,02-0174,02-0458,02-0003,0,saddam,"2023-11-01 00:00:00",No,5,,0,0,0,01-0001,NULL,NULL
2712,02-0764,02-0244,02-0036,02-0036,02-0003,02-0003,0,nurjaman.khan,"2016-04-10 00:00:00",No,0,,0,0,0,01-0001,NULL,NULL
2713,02-0766,02-0174,02-0174,02-1060,02-0003,02-0003,0,nurjaman.khan,"2018-11-05 00:00:00",No,0,,0,0,0,01-0001,NULL,NULL
2714,02-0768,02-0407,02-0407,02-0407,02-0407,02-0003,0,nurjaman.khan,"2016-05-08 00:00:00",No,0,,0,0,0,01-0001,NULL,NULL
2715,02-0771,02-0086,02-0086,02-0086,02-0458,02-0003,0,nurjaman.khan,"2018-08-29 00:00:00",No,0,,0,0,0,01-0001,NULL,NULL
2716,02-0772,02-0130,02-0130,02-0130,02-0458,02-0003,0,nurjaman.khan,"2018-08-29 00:00:00",No,0,,0,0,0,01-0001,NULL,NULL
2717,02-0773,02-0462,02-1480,02-1480,02-0323,02-0003,0,asadullah,"2021-11-03 00:00:00",No,0,,0,0,0,01-0001,NULL,NULL
2718,02-0774,02-0086,02-0458,02-0458,02-0458,02-0003,0,nurjaman.khan,"2015-05-07 00:00:00",No,0,,0,0,0,01-0001,NULL,NULL
2719,02-0775,02-0407,02-0407,02-0407,02-0407,02-0003,0,nurjaman.khan,"2018-08-29 00:00:00",No,0,,0,0,0,01-0001,NULL,NULL
2720,02-0776,02-1627,02-0393,02-0994,02-1454,02-0003,0,noorsat.alam,"2020-03-16 00:00:00",No,0,,0,0,0,01-0001,NULL,NULL
2721,02-0777,02-0146,02-0003,02-0003,02-0003,02-0003,0,mahmudul.hasan,"2015-08-20 00:00:00",No,0,,0,0,0,01-0001,NULL,NULL
2722,02-0778,02-1031,02-0297,02-0036,02-0003,02-0003,0,nurjaman.khan,"2016-11-30 00:00:00",No,0,,0,0,0,01-0001,NULL,NULL
2723,02-0779,02-0080,02-0282,02-0036,02-0003,02-0003,0,nurjaman.khan,"2018-02-11 00:00:00",No,0,,0,0,0,01-0001,NULL,NULL
2724,02-0780,02-0007,02-0007,02-0007,02-0323,02-0003,0,nurjaman.khan,"2018-08-29 00:00:00",No,0,,0,0,0,01-0001,NULL,NULL
2725,02-0783,02-0835,02-0080,02-0036,02-0003,02-0003,0,nurjaman.khan,"2016-07-10 00:00:00",No,0,,0,0,0,01-0001,NULL,NULL
2726,02-0786,02-0738,02-0738,02-1626,02-0458,02-0003,0,lutful.kabir,"2020-05-14 00:00:00",No,0,,0,0,0,01-0001,NULL,NULL
2727,02-0789,02-1060,02-1060,02-1060,02-0458,02-0003,0,asadullah,"2021-12-06 00:00:00",No,5,,0,0,0,01-0001,NULL,NULL
2728,02-0790,02-0232,02-0146,02-0003,02-0003,02-0003,0,nurjaman.khan,"2015-06-08 00:00:00",No,0,,0,0,0,01-0001,NULL,NULL
2729,02-0791,02-0398,02-0003,02-0003,02-0003,02-0003,0,mahmudul.hasan,"2015-08-03 00:00:00",No,0,,0,0,0,01-0001,NULL,NULL
2730,02-0792,02-0047,02-0047,02-0047,02-0458,02-0003,0,nurjaman.khan,"2017-12-18 00:00:00",No,0,,0,0,0,01-0001,NULL,NULL
2731,02-0793,02-0047,02-0047,02-0047,02-0458,02-0003,0,nurjaman.khan,"2017-01-10 00:00:00",No,0,,0,0,0,01-0001,NULL,NULL
2732,02-0707,02-0506,02-0402,02-0402,02-0473,02-0003,0,nurjaman.khan,"2018-08-29 00:00:00",No,0,,0,0,0,01-0001,NULL,NULL
2733,02-0803,02-1723,02-1723,02-1723,02-1723,02-0003,0,jobayer,"2019-05-21 00:00:00",No,0,,0,0,0,01-0001,NULL,NULL
2734,02-0806,02-0846,02-1606,02-1606,02-1606,02-0003,0,dobibul,"2020-01-29 00:00:00",No,0,,0,0,0,01-0001,NULL,NULL
2735,02-0811,02-1148,02-0036,02-0036,02-0003,02-0003,0,nurjaman.khan,"2017-12-17 00:00:00",No,0,,0,0,0,01-0001,NULL,NULL
2736,02-0813,02-0444,02-0444,02-0444,02-0444,02-0003,0,nurjaman.khan,"2018-08-29 00:00:00",No,100,,0,0,0,01-0001,NULL,NULL
2737,02-0814,02-0074,02-0188,02-0188,02-0458,02-0003,0,nurjaman.khan,"2018-08-29 00:00:00",No,0,,0,0,0,01-0001,NULL,NULL
2738,02-0815,02-1713,02-1713,02-1060,02-0458,02-0003,0,dobibul,"2020-07-08 00:00:00",No,0,,0,0,0,01-0001,NULL,NULL
2739,02-0818,02-1183,02-1060,02-1060,02-0458,02-0003,0,asadullah,"2022-05-31 00:00:00",No,0,,0,0,0,01-0001,NULL,NULL
2740,02-0823,02-1030,02-0994,02-0994,02-1454,02-0003,0,jobayer,"2019-07-10 00:00:00",No,5,,0,0,0,01-0001,NULL,NULL
2741,02-0826,02-0082,02-0188,02-0188,02-0323,02-0003,0,nurjaman.khan,"2017-10-19 00:00:00",No,0,,0,0,0,01-0001,NULL,NULL
2742,02-0834,02-0956,02-0677,02-1409,02-0458,02-0003,0,asadullah,"2021-12-26 00:00:00",No,0,,0,0,0,01-0001,NULL,NULL
2743,02-0591,02-0103,02-0103,02-0103,02-0458,02-0003,0,nurjaman.khan,"2017-09-28 00:00:00",No,0,,0,0,0,01-0001,NULL,NULL
2744,02-0836,02-0913,02-0913,02-1060,02-0458,02-0003,0,jobayer,"2020-09-03 00:00:00",No,0,,0,0,0,01-0001,NULL,NULL
2745,02-0837,02-0757,02-0082,02-0082,02-0323,02-0003,0,asadullah,"2022-09-18 00:00:00",No,0,,0,0,0,01-0001,NULL,NULL
2746,02-0838,02-0738,02-1626,02-1626,02-0458,02-0003,0,asadullah,"2021-07-18 00:00:00",No,0,,0,0,0,01-0001,NULL,NULL
2747,02-0839,02-0913,02-0174,02-1060,02-0003,02-0003,0,nurjaman.khan,"2018-07-29 00:00:00",No,0,,0,0,0,01-0001,NULL,NULL
2748,02-0841,02-0897,02-0897,02-0897,02-0897,02-0003,0,nurjaman.khan,"2016-06-12 00:00:00",No,0,,0,0,0,01-0001,NULL,NULL
2749,02-0842,02-0103,02-0103,02-0103,02-0458,02-0003,0,abu.hashem,"2023-10-08 00:00:00",No,5,,0,0,0,01-0001,NULL,NULL
2750,02-0843,02-0393,02-0417,02-0444,02-0444,02-0003,0,mahmudul.hasan,"2016-05-03 00:00:00",No,0,,0,0,0,01-0001,NULL,NULL
2751,02-0845,02-1060,02-1060,02-1060,02-0458,02-0003,0,dobibul,"2019-09-11 00:00:00",No,5,,0,0,0,01-0001,NULL,NULL
2752,02-0703,02-0506,02-0277,02-0402,02-0473,02-0003,0,nurjaman.khan,"2016-01-31 00:00:00",No,0,,0,0,0,01-0001,NULL,NULL
2753,02-0848,02-0047,02-0047,02-0047,02-0323,02-0003,0,asadullah,"2021-12-06 00:00:00",No,0,,0,0,0,01-0001,NULL,NULL
2754,02-0850,02-0763,02-0763,02-0036,02-0003,02-0003,0,nurjaman.khan,"2018-08-29 00:00:00",No,0,,0,0,0,01-0001,NULL,NULL
2755,02-0851,01-0001,01-0001,01-0001,01-0001,01-0001,0,jobayer,"2020-09-08 00:00:00",No,100,,0,0,0,01-0001,NULL,NULL
2756,02-0852,02-0086,02-0086,02-0086,02-0458,02-0003,0,noorsat.alam,"2019-05-21 00:00:00",No,0,,0,0,0,01-0001,NULL,NULL
2757,02-0853,02-0208,02-0996,02-0996,02-0323,02-0003,0,nurjaman.khan,"2017-04-05 00:00:00",No,0,,0,0,0,01-0001,NULL,NULL
2758,02-0856,02-0838,02-0247,02-0036,02-0003,02-0003,0,nurjaman.khan,"2016-10-05 00:00:00",No,0,,0,0,0,01-0001,NULL,NULL
2759,02-0857,"02-1493 ",02-0189,02-1626,02-0458,02-0003,0,asadullah,"2021-11-15 00:00:00",No,0,,0,0,0,01-0001,NULL,NULL
2760,02-0858,02-1080,02-0146,02-0146,02-0458,02-0003,0,jobayer,"2019-08-19 00:00:00",No,0,,0,0,0,01-0001,NULL,NULL
2761,02-0860,02-0181,02-0181,02-1409,02-0458,02-0003,0,jobayer,"2020-11-01 00:00:00",No,0,,0,0,0,01-0001,NULL,NULL
2762,02-0861,02-1183,02-1183,02-0174,02-0458,02-0003,0,abu.hashem,"2023-10-10 00:00:00",No,0,,0,0,0,01-0001,NULL,NULL
2763,02-0862,02-0713,02-1409,02-1409,02-0458,02-0003,0,asadullah,"2022-02-24 00:00:00",No,0,,0,0,0,01-0001,NULL,NULL
2764,02-0865,02-0398,02-0398,02-0398,02-0003,02-0003,0,nurjaman.khan,"2016-03-02 00:00:00",No,0,,0,0,0,01-0001,NULL,NULL
2765,02-0866,02-0757,02-0757,02-0757,02-0323,02-0003,0,nurjaman.khan,"2017-08-27 00:00:00",No,0,,0,0,0,01-0001,NULL,NULL
2766,02-0867,02-0996,02-0996,02-0996,02-0323,02-0003,0,dobibul,"2019-03-27 00:00:00",No,5,,0,0,0,01-0001,NULL,NULL
2767,02-0872,02-1037,02-1037,02-1037,02-0323,02-0003,0,dobibul,"2020-01-29 00:00:00",No,0,,0,0,0,01-0001,NULL,NULL
2768,02-0873,02-0035,02-1037,02-1037,02-0323,02-0003,0,nurjaman.khan,"2016-11-07 00:00:00",No,0,,0,0,0,01-0001,NULL,NULL
2769,02-0874,02-0800,02-0875,02-0875,02-0473,02-0003,0,nurjaman.khan,"2016-03-10 00:00:00",No,0,,0,0,0,01-0001,NULL,NULL
2770,02-0875,02-0473,02-0473,02-0473,02-0473,02-0003,0,mahmudul.hasan,"2016-05-03 00:00:00",No,0,,0,0,0,01-0001,NULL,NULL
2771,02-0876,02-1627,02-1627,02-0994,02-0994,02-0003,0,saddam,"2023-05-01 00:00:00",No,5,,0,0,0,01-0001,NULL,NULL
2772,02-0877,02-0103,02-0103,02-0103,02-0458,02-0003,0,nurjaman.khan,"2017-11-29 00:00:00",No,0,,0,0,0,01-0001,NULL,NULL
2773,02-0878,02-0767,02-0767,02-0767,02-0458,02-0003,0,nurjaman.khan,"2016-02-10 00:00:00",No,0,,0,0,0,01-0001,NULL,NULL
2774,02-0880,02-0462,02-1480,02-1480,02-0323,02-0003,0,asadullah,"2021-11-03 00:00:00",No,0,,0,0,0,01-0001,NULL,NULL
2775,02-0881,02-0462,02-1480,02-1480,02-0323,02-0003,0,asadullah,"2021-11-03 00:00:00",No,0,,0,0,0,01-0001,NULL,NULL
2776,02-0883,02-1247,02-0996,02-0996,02-0323,02-0003,0,saddam,"2023-05-01 00:00:00",No,0,,0,0,0,01-0001,NULL,NULL
2777,02-0884,02-0107,02-1723,02-1723,02-1723,02-0003,0,jobayer,"2019-04-07 00:00:00",No,0,,0,0,0,01-0001,NULL,NULL
2778,02-0885,02-0506,02-0506,02-0402,02-0473,02-0003,0,nurjaman.khan,"2016-01-18 00:00:00",No,0,,0,0,0,01-0001,NULL,NULL
2779,02-0886,02-1420,02-0820,02-0820,02-0402,02-0003,0,saddam,"2023-09-08 00:00:00",No,0,,0,0,0,01-0001,NULL,NULL
2780,02-0887,02-0506,02-0506,02-0402,02-0473,02-0003,0,nurjaman.khan,"2016-02-08 00:00:00",No,0,,0,0,0,01-0001,NULL,NULL
2781,02-0889,02-0103,02-0103,02-0103,02-0307,02-0003,0,jobayer,"2024-08-27 00:00:00",Yes,5,,0,1,1,01-0001,NULL,NULL
2782,02-0890,02-0407,02-0407,02-0407,02-0407,02-0003,0,nurjaman.khan,"2016-06-13 00:00:00",No,0,,0,0,0,01-0001,NULL,NULL
2783,02-0891,02-0506,02-0506,02-0402,02-0473,02-0003,0,nurjaman.khan,"2016-03-07 00:00:00",No,0,,0,0,0,01-0001,NULL,NULL
2784,02-0893,02-0082,02-0188,02-0188,02-0323,02-0003,0,mahmudul.hasan,"2017-12-04 00:00:00",No,0,,0,0,0,01-0001,NULL,NULL
2785,02-0894,02-1169,02-0407,02-0407,02-0407,02-0003,0,jobayer,"2019-04-30 00:00:00",No,5,,0,0,0,01-0001,NULL,NULL
2786,02-0897,02-0003,02-0003,02-0003,02-0003,02-0003,0,nurjaman.khan,"2016-12-27 00:00:00",No,100,,0,0,0,01-0001,NULL,NULL
2787,02-0898,02-1999,02-1999,02-1999,02-1999,01-0001,0,rasif,"2024-01-04 00:00:00",No,0,,0,0,0,01-0001,NULL,NULL
2788,02-0899,02-0994,02-0994,02-0994,02-1454,02-0003,0,noorsat.alam,"2020-03-16 00:00:00",No,5,,0,0,0,01-0001,NULL,NULL
2789,02-0900,02-0036,02-0036,02-0036,02-0003,02-0003,0,nurjaman.khan,"2016-04-27 00:00:00",No,0,,0,0,0,01-0001,NULL,NULL
2790,02-0904,02-0326,02-0009,02-0009,02-0473,02-0003,0,mahmudul.hasan,"2016-05-03 00:00:00",No,0,,0,0,0,01-0001,NULL,NULL
2791,02-0908,02-0186,02-0007,02-0007,02-0323,02-0003,0,robiul,"2023-01-31 00:00:00",No,0,,0,0,0,01-0001,NULL,NULL
2792,02-0909,02-0820,02-1542,02-1723,02-1723,02-0003,0,dobibul,"2019-03-27 00:00:00",No,0,,0,0,0,01-0001,NULL,NULL
2793,02-0912,02-0407,02-0407,02-0407,02-0407,02-0003,0,nurjaman.khan,"2016-06-27 00:00:00",No,0,,0,0,0,01-0001,NULL,NULL
2794,02-0919,02-0375,02-0375,02-1409,02-0458,02-0003,0,saddam,"2023-07-02 00:00:00",No,0,,0,0,1,01-0001,NULL,NULL
2795,02-0922,02-0029,02-0009,02-0009,02-0323,02-0003,0,nurjaman.khan,"2018-07-01 00:00:00",No,0,,0,0,0,01-0001,NULL,NULL
2796,02-0923,02-1420,02-0820,02-0402,02-0402,02-0003,0,asadullah,"2021-12-29 00:00:00",No,0,,0,0,0,01-0001,NULL,NULL
2797,02-0924,02-0458,02-0458,02-0458,02-0458,02-0003,0,nurjaman.khan,"2016-06-06 00:00:00",No,0,,0,0,0,01-0001,NULL,NULL
2798,02-0925,02-0481,02-0481,02-0481,02-0481,01-0001,0,asadullah,"2024-05-12 00:00:00",Yes,100,,0,0,1,01-0001,NULL,NULL
2799,02-0926,02-1420,02-0820,02-0820,02-0402,02-0003,0,rasif,"2024-02-01 00:00:00",No,0,,0,0,0,01-0001,NULL,NULL
2800,02-0929,02-0247,02-0247,02-1626,02-0458,02-0003,0,jobayer,"2020-05-03 00:00:00",No,0,,0,0,0,01-0001,NULL,NULL
2801,02-0932,02-0398,02-0398,02-0398,02-0003,02-0003,0,nurjaman.khan,"2017-08-27 00:00:00",No,0,,0,0,0,01-0001,NULL,NULL
2802,02-0934,02-0052,02-0052,02-0052,02-0458,02-0003,0,nurjaman.khan,"2016-12-15 00:00:00",No,0,,0,0,0,01-0001,NULL,NULL
2803,02-0936,02-0506,02-0402,02-0402,02-0473,02-0003,0,nurjaman.khan,"2016-04-20 00:00:00",No,0,,0,0,0,01-0001,NULL,NULL
2804,02-0937,02-0506,02-0402,02-0402,02-0473,02-0003,0,nurjaman.khan,"2016-07-24 00:00:00",No,0,,0,0,0,01-0001,NULL,NULL
2805,02-0938,02-0820,02-1542,02-1723,02-1723,02-0003,0,nurjaman.khan,"2018-05-21 00:00:00",No,0,,0,0,0,01-0001,NULL,NULL
2806,02-0939,01-0001,01-0001,01-0001,01-0001,01-0001,0,asadullah,"2022-09-14 00:00:00",Yes,5,,0,0,1,01-0001,NULL,NULL
2807,02-0941,02-0375,02-0375,02-1409,02-0458,02-0003,0,abu.hashem,"2023-08-20 00:00:00",No,0,,0,0,0,01-0001,NULL,NULL
2808,02-0943,02-0464,02-0103,02-0103,02-0458,02-0003,0,mahmudul.hasan,"2017-04-19 00:00:00",No,0,,0,0,0,01-0001,NULL,NULL
2809,02-0944,02-0994,02-0994,02-0994,02-0444,02-0003,0,nurjaman.khan,"2017-12-26 00:00:00",No,0,,0,0,0,01-0001,NULL,NULL
2810,02-0945,02-0767,02-0767,02-0767,02-0458,02-0003,0,nurjaman.khan,"2016-10-26 00:00:00",No,0,,0,0,0,01-0001,NULL,NULL
2811,02-0947,02-0631,02-0631,02-1626,02-0458,02-0003,0,asadullah,"2022-03-27 00:00:00",No,0,,0,0,0,01-0001,NULL,NULL
2812,02-0953,02-0713,02-0690,02-1409,02-0458,02-0003,0,asadullah,"2022-01-20 00:00:00",No,0,,0,0,0,01-0001,NULL,NULL
2813,02-0957,02-1461,02-1876,02-1060,02-0458,02-0003,0,asadullah,"2021-11-23 00:00:00",No,0,,0,0,0,01-0001,NULL,NULL
2814,02-0960,02-0045,02-0036,02-0036,02-0003,02-0003,0,nurjaman.khan,"2017-04-17 00:00:00",No,0,,0,0,0,01-0001,NULL,NULL
2815,02-0967,02-0174,02-1060,02-1060,02-0003,02-0003,0,nurjaman.khan,"2017-03-28 00:00:00",No,0,,0,0,0,01-0001,NULL,NULL
2816,02-0969,02-0506,02-0402,02-0402,02-0473,02-0003,0,nurjaman.khan,"2016-09-25 00:00:00",No,0,,0,0,0,01-0001,NULL,NULL
2817,02-0973,02-0323,02-0323,02-0323,02-0323,02-0003,0,nurjaman.khan,"2017-07-05 00:00:00",No,100,,0,0,0,01-0001,NULL,NULL
2818,02-0974,02-0996,02-0996,02-0996,02-0323,02-0003,0,nurjaman.khan,"2018-11-19 00:00:00",No,5,,0,0,0,01-0001,NULL,NULL
2819,02-0977,02-0174,02-1060,02-1060,02-0003,02-0003,0,nurjaman.khan,"2018-08-08 00:00:00",No,0,,0,0,0,01-0001,NULL,NULL
2820,02-0979,02-1265,02-0677,02-1409,02-0458,02-0003,0,rasif,"2024-05-28 00:00:00",No,0,,0,0,0,01-0001,NULL,NULL
2821,02-0980,02-0920,02-1160,02-0174,02-1409,02-0003,0,saddam,"2023-12-31 00:00:00",No,0,,0,0,0,01-0001,NULL,NULL
2822,02-0981,02-0247,02-1626,02-1626,02-0458,02-0003,0,asadullah,"2021-12-26 00:00:00",No,0,,0,0,0,01-0001,NULL,NULL
2823,02-0982,02-0294,02-0189,02-1626,02-0458,02-0003,0,asadullah,"2022-10-04 00:00:00",No,0,,0,0,0,01-0001,NULL,NULL
2824,02-0985,02-0585,02-0297,02-0036,02-0003,02-0003,0,nurjaman.khan,"2017-03-05 00:00:00",No,0,,0,0,0,01-0001,NULL,NULL
2825,02-0986,02-0677,02-0845,02-1060,02-0003,02-0003,0,nurjaman.khan,"2017-02-01 00:00:00",No,0,,0,0,0,01-0001,NULL,NULL
2826,02-0987,02-0299,02-1876,02-0174,02-0458,02-0003,0,rasif,"2024-05-28 00:00:00",No,0,,0,0,0,01-0001,NULL,NULL
2827,02-0990,02-0444,02-0444,02-0444,02-0444,02-0003,0,dobibul,"2019-03-27 00:00:00",No,5,,0,0,0,01-0001,NULL,NULL
2828,02-0976,02-0036,02-0036,02-0036,02-0003,02-0003,0,nurjaman.khan,"2016-07-18 00:00:00",No,0,,0,0,0,01-0001,NULL,NULL
2829,02-0995,02-0107,02-0402,02-0402,02-0473,02-0003,0,nurjaman.khan,"2016-07-24 00:00:00",No,0,,0,0,0,01-0001,NULL,NULL
2830,02-0997,02-1461,02-0095,02-0103,02-0458,02-0003,0,asadullah,"2022-08-07 00:00:00",No,0,,0,0,0,01-0001,NULL,NULL
2831,02-0999,02-0506,02-0402,02-0402,02-0473,02-0003,0,nurjaman.khan,"2016-10-13 00:00:00",No,0,,0,0,0,01-0001,NULL,NULL
2832,02-1000,02-0095,02-0103,02-0103,02-0458,02-0003,0,nurjaman.khan,"2016-10-20 00:00:00",No,0,,0,0,0,01-0001,NULL,NULL
2833,02-1001,02-0218,02-0103,02-0103,02-0458,02-0003,0,nurjaman.khan,"2017-11-19 00:00:00",No,0,,0,0,0,01-0001,NULL,NULL
2834,02-1002,02-0232,02-0282,02-0103,02-0458,02-0003,0,jobayer,"2020-11-01 00:00:00",No,0,,0,0,0,01-0001,NULL,NULL
2835,02-1004,02-0247,02-0036,02-0036,02-0003,02-0003,0,nurjaman.khan,"2017-12-20 00:00:00",No,0,,0,0,0,01-0001,NULL,NULL
2836,02-1005,02-0055,02-0996,02-0996,02-0323,02-0003,0,asadullah,"2022-08-01 00:00:00",No,0,,0,0,0,01-0001,NULL,NULL
2837,02-1006,02-0757,02-0973,02-0973,02-0458,02-0003,0,nurjaman.khan,"2016-08-07 00:00:00",No,0,,0,0,0,01-0001,NULL,NULL
2838,02-1008,02-0297,02-0036,02-0036,02-0003,02-0003,0,nurjaman.khan,"2016-12-12 00:00:00",No,5,,0,0,0,01-0001,NULL,NULL
2839,02-1009,02-0994,02-0994,02-0994,02-0444,02-0003,0,nurjaman.khan,"2017-04-02 00:00:00",No,100,,0,0,0,01-0001,NULL,NULL
2840,02-1013,02-0297,02-0297,02-0036,02-0003,02-0003,0,nurjaman.khan,"2017-02-01 00:00:00",No,0,,0,0,0,01-0001,NULL,NULL
2841,02-1015,02-0218,02-0103,02-0103,02-0458,02-0003,0,nurjaman.khan,"2017-06-05 00:00:00",No,0,,0,0,0,01-0001,NULL,NULL
2842,02-1017,02-1169,02-1169,02-1169,02-0407,02-0003,0,asadullah,"2022-10-27 00:00:00",No,5,,0,0,0,01-0001,NULL,NULL
2843,02-1018,02-0407,02-0407,02-0407,02-0407,02-0003,0,jobayer,"2020-12-10 00:00:00",No,0,,0,0,0,01-0001,NULL,NULL
2844,02-1021,02-0055,02-0996,02-0996,02-0323,02-0003,0,robiul,"2022-08-21 00:00:00",No,0,,0,0,0,01-0001,NULL,NULL
2845,02-1025,02-0994,02-0994,02-0994,02-1454,02-0003,0,jobayer,"2021-01-12 00:00:00",No,5,,0,0,0,01-0001,NULL,NULL
2846,02-1026,02-0994,02-0994,02-0994,02-0444,02-0003,0,nurjaman.khan,"2017-11-30 00:00:00",No,5,,0,0,0,01-0001,NULL,NULL
2847,02-1027,02-0994,02-0994,02-0994,02-0444,02-0003,0,nurjaman.khan,"2017-11-30 00:00:00",No,0,,0,0,0,01-0001,NULL,NULL
2848,02-1028,02-0820,02-1542,02-1723,02-1723,02-0003,0,nurjaman.khan,"2018-08-08 00:00:00",No,0,,0,0,0,01-0001,NULL,NULL
2849,02-1030,02-0393,02-0393,02-0994,02-1454,02-0003,0,dobibul,"2020-03-08 00:00:00",No,5,,0,0,0,01-0001,NULL,NULL
2850,02-1031,02-0297,02-0036,02-0036,02-0003,02-0003,0,nurjaman.khan,"2016-12-27 00:00:00",No,5,,0,0,0,01-0001,NULL,NULL
2851,02-1032,02-0047,02-0047,02-0047,02-0458,02-0003,0,nurjaman.khan,"2018-12-10 00:00:00",No,0,,0,0,0,01-0001,NULL,NULL
2852,02-1034,02-0462,02-1480,02-1480,02-0323,02-0003,0,asadullah,"2021-11-07 00:00:00",No,0,,0,0,0,01-0001,NULL,NULL
2853,02-1035,02-0181,02-0103,02-0103,02-0458,02-0003,0,nurjaman.khan,"2017-12-20 00:00:00",No,0,,0,0,0,01-0001,NULL,NULL
2854,02-1044,02-0181,02-0103,02-0103,02-0458,02-0003,0,nurjaman.khan,"2017-09-13 00:00:00",No,0,,0,0,0,01-0001,NULL,NULL
2855,02-1046,02-0462,02-0309,02-1480,02-0323,02-0003,0,asadullah,"2021-11-03 00:00:00",No,0,,0,0,0,01-0001,NULL,NULL
2856,02-1047,02-0506,02-0402,02-0402,02-0473,02-0003,0,nurjaman.khan,"2017-11-30 00:00:00",No,0,,0,0,0,01-0001,NULL,NULL
2857,02-1048,02-0309,02-0309,02-1480,02-0323,02-0003,0,asadullah,"2021-05-25 00:00:00",No,0,,0,0,0,01-0001,NULL,NULL
2858,02-1049,02-0082,02-0188,02-0188,02-0323,02-0003,0,noorsat.alam,"2020-05-11 00:00:00",No,0,,0,0,0,01-0001,NULL,NULL
2859,02-1051,02-0334,02-0334,02-1627,02-0994,02-0003,0,saddam,"2023-12-17 00:00:00",No,0,,0,0,0,01-0001,NULL,NULL
2860,02-1052,02-1480,02-1480,02-1480,02-0323,02-0003,0,jobayer,"2019-08-19 00:00:00",No,0,,0,0,0,01-0001,NULL,NULL
2861,02-1053,02-0149,02-0032,02-0925,02-0925,02-0003,0,asadullah,"2022-11-24 00:00:00",No,0,,0,0,0,01-0001,NULL,NULL
2862,02-1054,02-0149,02-0032,02-0925,02-0481,01-0001,0,asadullah,"2024-05-12 00:00:00",Yes,0,,0,0,1,01-0001,NULL,NULL
2863,02-1055,02-0149,02-0032,02-0925,02-0925,02-0003,0,asadullah,"2022-11-24 00:00:00",No,0,,0,0,0,01-0001,NULL,NULL
2864,02-1056,02-0149,02-0032,02-0925,02-0925,01-0001,0,asadullah,"2022-11-24 00:00:00",Yes,0,,0,0,1,01-0001,NULL,NULL
2865,02-1057,02-0080,02-0282,02-0036,02-0003,02-0003,0,nurjaman.khan,"2018-04-22 00:00:00",No,0,,0,0,0,01-0001,NULL,NULL
2866,02-1059,02-0036,02-0036,02-0036,02-0003,02-0003,0,nurjaman.khan,"2017-01-24 00:00:00",No,0,,0,0,0,01-0001,NULL,NULL
2867,02-1060,02-0458,02-0458,02-0458,02-0458,02-0003,0,asadullah,"2022-10-20 00:00:00",No,100,,0,0,0,01-0001,NULL,NULL
2868,02-1061,02-0282,02-1626,02-1626,02-0003,02-0003,0,nurjaman.khan,"2018-12-04 00:00:00",No,0,,0,0,0,01-0001,NULL,NULL
2869,02-1065,02-0462,02-0309,02-1480,02-0323,02-0003,0,asadullah,"2021-11-03 00:00:00",No,0,,0,0,0,01-0001,NULL,NULL
2870,02-1067,02-0506,02-0402,02-0402,02-0473,02-0003,0,nurjaman.khan,"2017-10-26 00:00:00",No,0,,0,0,0,01-0001,NULL,NULL
2871,02-1079,02-0309,02-0309,02-0146,02-0458,02-0003,0,asadullah,"2022-10-26 00:00:00",No,0,,0,0,0,01-0001,NULL,NULL
2872,02-1081,02-0351,02-0174,02-1060,02-0458,02-0003,0,jobayer,"2019-10-02 00:00:00",No,0,,0,0,0,01-0001,NULL,NULL
2873,02-1083,02-1605,02-1605,02-1626,02-0458,02-0003,0,asadullah,"2022-02-24 00:00:00",No,0,,0,0,0,01-0001,NULL,NULL
2874,02-1089,02-0036,02-0036,02-0036,02-0003,02-0003,0,mahmudul.hasan,"2017-02-05 00:00:00",No,0,,0,0,0,01-0001,NULL,NULL
2875,02-1090,02-0585,02-1626,02-1626,02-1626,02-0003,0,jobayer,"2019-07-10 00:00:00",No,0,,0,0,0,01-0001,NULL,NULL
2876,02-1092,02-1160,02-1060,02-1060,02-0003,02-0003,0,nurjaman.khan,"2017-09-13 00:00:00",No,0,,0,0,0,01-0001,NULL,NULL
2877,02-1093,02-0052,02-0082,02-0082,02-0323,02-0003,0,nurjaman.khan,"2017-01-02 00:00:00",No,0,,0,0,0,01-0001,NULL,NULL
2878,02-1094,02-0181,02-0103,02-0103,02-0458,02-0003,0,nurjaman.khan,"2017-02-15 00:00:00",No,0,,0,0,0,01-0001,NULL,NULL
2879,02-1095,02-1109,02-0297,02-0036,02-0003,02-0003,0,nurjaman.khan,"2017-05-14 00:00:00",No,0,,0,0,0,01-0001,NULL,NULL
2880,02-1098,02-0464,02-0095,02-0103,02-0458,02-0003,0,jobayer,"2021-01-31 00:00:00",No,0,,0,0,0,01-0001,NULL,NULL
2881,02-1099,02-0384,02-0996,02-0996,02-0323,02-0003,0,noorsat.alam,"2020-04-26 00:00:00",No,0,,0,0,0,01-0001,NULL,NULL
2882,02-1100,02-0757,02-0188,02-0188,02-0323,02-0003,0,jobayer,"2020-12-10 00:00:00",No,0,,0,0,0,01-0001,NULL,NULL
2883,02-1101,02-0149,02-0032,02-0925,02-0925,01-0001,0,asadullah,"2022-11-24 00:00:00",Yes,0,,0,0,1,01-0001,NULL,NULL
2884,02-1103,02-1109,02-0297,02-0036,02-0003,02-0003,0,nurjaman.khan,"2017-11-29 00:00:00",No,0,,0,0,0,01-0001,NULL,NULL
2885,02-1104,02-1464,02-0218,02-1060,02-0458,02-0003,0,asadullah,"2021-08-01 00:00:00",No,0,,0,0,0,01-0001,NULL,NULL
2886,02-1107,02-1461,02-0095,02-0103,02-0458,02-0003,0,asadullah,"2022-09-27 00:00:00",No,0,,0,0,0,01-0001,NULL,NULL
2887,02-1110,02-0763,02-0036,02-0036,02-0003,02-0003,0,jobayer,"2019-05-21 00:00:00",No,0,,0,0,0,01-0001,NULL,NULL
2888,02-1114,02-1010,02-0174,02-1060,02-0003,02-0003,0,nurjaman.khan,"2018-12-10 00:00:00",No,0,,0,0,0,01-0001,NULL,NULL
2889,02-1117,02-0464,02-0095,02-0103,02-0458,02-0003,0,asadullah,"2022-07-25 00:00:00",No,0,,0,0,0,01-0001,NULL,NULL
2890,02-1121,02-1461,02-0095,02-0103,02-0458,02-0003,0,asadullah,"2022-02-24 00:00:00",No,0,,0,0,0,01-0001,NULL,NULL
2891,02-0578,02-0800,02-1606,02-1606,02-1606,02-0003,0,nurjaman.khan,"2018-07-24 00:00:00",No,0,,0,0,0,01-0001,NULL,NULL
2892,02-1124,02-0029,02-0029,02-0029,02-0323,02-0003,0,asadullah,"2021-03-25 00:00:00",No,5,,0,0,0,01-0001,NULL,NULL
2893,02-1125,02-1454,02-1454,02-1454,02-1454,02-0003,0,dobibul,"2019-03-27 00:00:00",No,5,,0,0,0,01-0001,NULL,NULL
2894,02-1130,02-1148,02-0036,02-0036,02-0003,02-0003,0,nurjaman.khan,"2017-11-23 00:00:00",No,0,,0,0,0,01-0001,NULL,NULL
2895,02-1131,02-0506,02-0402,02-0402,02-0473,02-0003,0,nurjaman.khan,"2017-02-19 00:00:00",No,0,,0,0,0,01-0001,NULL,NULL
2896,02-1132,02-0036,02-0036,02-0036,02-0003,02-0003,0,nurjaman.khan,"2017-09-26 00:00:00",No,0,,0,0,0,01-0001,NULL,NULL
2897,02-0242,02-0763,02-0036,02-0036,02-0003,02-0003,0,nurjaman.khan,"2017-09-20 00:00:00",No,0,,0,0,0,01-0001,NULL,NULL
2898,02-1137,02-0036,02-0036,02-0036,02-0003,02-0003,0,nurjaman.khan,"2017-07-24 00:00:00",No,0,,0,0,0,01-0001,NULL,NULL
2899,02-1138,02-0036,02-0036,02-0036,02-0003,02-0003,0,nurjaman.khan,"2017-05-17 00:00:00",No,0,,0,0,0,01-0001,NULL,NULL
2900,02-1142,02-0845,02-1060,02-1060,02-1060,02-0003,0,jobayer,"2019-05-12 00:00:00",No,0,,0,0,1,01-0001,NULL,NULL
2901,02-1143,02-1079,02-1079,02-0146,02-0458,02-0003,0,asadullah,"2021-06-01 00:00:00",No,0,,0,0,0,01-0001,NULL,NULL
2902,02-1146,02-0003,02-0003,02-0003,02-0003,02-0003,0,nurjaman.khan,"2017-08-02 00:00:00",No,100,,0,0,0,01-0001,NULL,NULL
2903,02-1148,02-1626,02-1626,02-1626,02-0458,02-0003,0,asadullah,"2021-07-01 00:00:00",No,5,,0,0,0,01-0001,NULL,NULL
2904,02-1153,02-1542,02-1723,02-1723,02-0407,02-0003,0,jobayer,"2019-11-13 00:00:00",No,0,,0,0,0,01-0001,NULL,NULL
2905,02-1155,02-0119,02-0045,02-0036,02-0003,02-0003,0,nurjaman.khan,"2017-08-02 00:00:00",No,0,,0,0,0,01-0001,NULL,NULL
2906,02-1156,02-0763,02-1626,02-1626,02-0003,02-0003,0,nurjaman.khan,"2018-10-29 00:00:00",No,0,,0,0,0,01-0001,NULL,NULL
2907,02-1157,02-1642,02-1642,02-0407,02-0407,02-0003,0,asadullah,"2021-03-11 00:00:00",No,0,,0,0,0,01-0001,NULL,NULL
2908,02-1158,02-0407,02-0407,02-0407,02-0407,02-0003,0,noorsat.alam,"2020-02-06 00:00:00",No,0,,0,0,0,01-0001,NULL,NULL
2909,02-1164,02-0036,02-0036,02-0036,02-0003,02-0003,0,nurjaman.khan,"2017-03-28 00:00:00",No,0,,0,0,0,01-0001,NULL,NULL
2910,02-1165,02-1461,02-0095,02-0103,02-0458,02-0003,0,asadullah,"2022-02-01 00:00:00",No,0,,0,0,0,01-0001,NULL,NULL
2911,02-1168,02-0119,02-0045,02-0036,02-0003,02-0003,0,nurjaman.khan,"2017-09-19 00:00:00",No,0,,0,0,0,01-0001,NULL,NULL
2912,02-1169,02-0407,02-0407,02-0407,02-0407,02-0003,0,asadullah,"2022-11-13 00:00:00",No,100,,0,0,0,01-0001,NULL,NULL
2913,02-1170,02-1146,02-1146,02-1146,02-1146,02-0003,0,nurjaman.khan,"2017-12-31 00:00:00",No,100,,0,0,0,01-0001,NULL,NULL
2914,02-1171,02-0506,02-0402,02-0402,02-0473,02-0003,0,jobayer,"2017-05-02 00:00:00",No,0,,0,0,0,01-0001,NULL,NULL
2915,02-1173,02-0047,02-0047,02-0047,02-0458,02-0003,0,nurjaman.khan,"2017-12-10 00:00:00",No,0,,0,0,0,01-0001,NULL,NULL
2916,02-1176,02-0585,02-1626,02-1626,02-0458,02-0003,0,jobayer,"2019-10-16 00:00:00",No,0,,0,0,0,01-0001,NULL,NULL
2917,02-1180,02-1749,02-1182,02-1749,02-0693,02-0003,0,asadullah,"2024-08-27 00:00:00",Yes,0,,0,0,1,01-0001,NULL,NULL
2918,02-1184,02-1461,02-0095,02-0103,02-0458,02-0003,0,asadullah,"2022-04-19 00:00:00",No,0,,0,0,0,01-0001,NULL,NULL
2919,02-1188,02-1657,02-1723,02-1723,02-0407,02-0003,0,noorsat.alam,"2019-11-26 00:00:00",No,0,,0,0,0,01-0001,NULL,NULL
2920,02-1190,02-0036,02-0036,02-0036,02-0003,02-0003,0,nurjaman.khan,"2018-07-02 00:00:00",No,5,,0,0,0,01-0001,NULL,NULL
2921,02-1194,02-0247,02-0247,02-1626,02-0458,02-0003,0,saddam,"2023-09-26 00:00:00",No,0,,0,0,0,01-0001,NULL,NULL
2922,02-1195,02-0166,02-0166,02-0166,02-0458,02-0003,0,nurjaman.khan,"2017-10-29 00:00:00",No,0,,0,0,0,01-0001,NULL,NULL
2923,02-1196,02-0166,02-0166,02-0166,02-0458,02-0003,0,nurjaman.khan,"2017-09-28 00:00:00",No,0,,0,0,0,01-0001,NULL,NULL
2924,02-1197,02-0278,02-1480,02-1480,02-0323,02-0003,0,rasif,"2024-07-09 00:00:00",No,0,,0,0,0,01-0001,NULL,NULL
2925,02-1199,02-0506,02-0402,02-0402,02-0473,02-0003,0,nurjaman.khan,"2017-12-12 00:00:00",No,0,,0,0,0,01-0001,NULL,NULL
2926,02-1201,02-0669,02-0036,02-0036,02-0003,02-0003,0,nurjaman.khan,"2017-06-05 00:00:00",No,0,,0,0,0,01-0001,NULL,NULL
2927,02-1204,02-0506,02-0402,02-0402,02-0473,02-0003,0,nurjaman.khan,"2017-07-03 00:00:00",No,0,,0,0,0,01-0001,NULL,NULL
2928,02-1211,02-0095,02-0103,02-0103,02-0458,02-0003,0,nurjaman.khan,"2017-07-17 00:00:00",No,0,,0,0,0,01-0001,NULL,NULL
2929,02-1212,02-0036,02-0036,02-0036,02-0003,02-0003,0,nurjaman.khan,"2018-05-27 00:00:00",No,0,,0,0,0,01-0001,NULL,NULL
2930,02-1216,02-0473,02-0473,02-0473,02-0473,02-0003,0,nurjaman.khan,"2017-09-20 00:00:00",No,100,,0,0,0,01-0001,NULL,NULL
2931,02-1217,02-0624,02-0846,02-1606,02-1606,02-0003,0,jobayer,"2019-10-30 00:00:00",No,0,,0,0,0,01-0001,NULL,NULL
2932,02-1218,02-1627,02-0393,02-0994,02-1454,02-0003,0,noorsat.alam,"2020-03-01 00:00:00",No,0,,0,0,0,01-0001,NULL,NULL
2933,02-1219,02-0393,02-0994,02-0994,02-1454,02-0003,0,nurjaman.khan,"2018-06-21 00:00:00",No,0,,0,0,0,01-0001,NULL,NULL
2934,02-1221,02-0082,02-0188,02-0188,02-0323,02-0003,0,asadullah,"2021-05-03 00:00:00",No,0,,0,0,0,01-0001,NULL,NULL
2935,02-1223,02-0082,02-0188,02-0188,02-0323,02-0003,0,dobibul,"2020-02-02 00:00:00",No,0,,0,0,0,01-0001,NULL,NULL
2936,02-1224,02-1160,02-1060,02-1060,02-0003,02-0003,0,nurjaman.khan,"2017-12-20 00:00:00",No,0,,0,0,0,01-0001,NULL,NULL
2937,02-1225,02-0996,02-0996,02-0996,02-0323,02-0003,0,nurjaman.khan,"2018-11-15 00:00:00",No,0,,0,0,0,01-0001,NULL,NULL
2938,02-1226,02-1543,02-1606,02-1606,02-1606,02-0003,0,nurjaman.khan,"2018-09-06 00:00:00",No,0,,0,0,0,01-0001,NULL,NULL
2939,02-1227,02-0757,02-0188,02-0188,02-0323,02-0003,0,dobibul,"2020-02-02 00:00:00",No,0,,0,0,0,01-0001,NULL,NULL
2940,02-1228,02-1147,02-1147,02-1147,02-0323,02-0003,0,nurjaman.khan,"2017-11-15 00:00:00",No,5,,0,0,0,01-0001,NULL,NULL
2941,02-1229,02-0462,02-1480,02-1480,02-0323,02-0003,0,asadullah,"2021-11-03 00:00:00",No,0,,0,0,0,01-0001,NULL,NULL
2942,02-1230,02-0444,02-0444,02-0444,02-0444,02-0003,0,nurjaman.khan,"2017-12-07 00:00:00",No,100,,0,0,0,01-0001,NULL,NULL
2943,02-1231,02-0462,02-1480,02-1480,02-0323,02-0003,0,asadullah,"2021-11-03 00:00:00",No,0,,0,0,0,01-0001,NULL,NULL
2944,02-1233,02-0003,02-0003,02-0003,02-0003,02-0003,0,nurjaman.khan,"2018-12-31 00:00:00",No,100,,0,0,0,01-0001,NULL,NULL
2945,02-1234,02-1763,02-1763,02-0444,02-0444,01-0001,0,noorsat.alam,"2020-09-14 00:00:00",No,0,,0,0,0,01-0001,NULL,NULL
2946,02-1235,,,,,01-0001,0,lutful.kabir,"2023-03-02 00:00:00",Yes,5,,0,1,1,01-0001,NULL,NULL
2947,02-1236,02-1233,02-1233,02-1233,02-1233,02-0003,0,nurjaman.khan,"2017-07-20 00:00:00",No,0,,0,0,0,01-0001,NULL,NULL
2948,02-1237," "," "," "," ",01-0001,0,abu.hashem,"2023-03-02 00:00:00",Yes,0,,0,1,1,01-0001,NULL,NULL
2949,02-1238,02-1233,02-1233,02-1233,02-1233,02-0003,0,nurjaman.khan,"2017-10-17 00:00:00",No,5,,0,0,0,01-0001,NULL,NULL
2950,02-1239,02-1233,02-1233,02-1233,02-1233,02-0003,0,nurjaman.khan,"2018-10-01 00:00:00",No,100,,0,0,0,01-0001,NULL,NULL
2951,02-1240,02-0939,02-0939,02-0939,02-0444,01-0001,0,noorsat.alam,"2020-09-28 00:00:00",No,0,,0,0,0,01-0001,NULL,NULL
2952,02-1246,02-1461,02-0095,02-0103,02-0458,02-0003,0,asadullah,"2021-11-03 00:00:00",No,0,,0,0,0,01-0001,NULL,NULL
2953,02-1248,02-0080,02-1626,02-1626,02-0003,02-0003,0,nurjaman.khan,"2018-09-27 00:00:00",No,0,,0,0,0,01-0001,NULL,NULL
2954,02-1249,02-0047,02-0047,02-0047,02-0481,01-0001,0,asadullah,"2024-05-12 00:00:00",Yes,0,,0,1,1,01-0001,NULL,NULL
2955,02-1250,02-0047,02-0047,02-0047,02-0458,02-0003,0,nurjaman.khan,"2018-08-05 00:00:00",No,0,,0,0,0,01-0001,NULL,NULL
2956,02-1252,02-0757,02-0188,02-0188,02-0323,02-0003,0,asadullah,"2021-03-21 00:00:00",No,0,,0,0,0,01-0001,NULL,NULL
2957,02-1254,02-1888,02-1888,02-0103,02-0458,02-0003,0,asadullah,"2021-03-21 00:00:00",No,0,,0,0,0,01-0001,NULL,NULL
2958,02-1255,02-0375,02-0103,02-0103,02-0458,02-0003,0,nurjaman.khan,"2017-08-21 00:00:00",No,0,,0,0,0,01-0001,NULL,NULL
2959,02-1256,02-0462,02-1480,02-1480,02-0323,02-0003,0,asadullah,"2021-11-03 00:00:00",No,0,,0,0,0,01-0001,NULL,NULL
2960,02-1260,02-0334,02-0876,02-0994,02-1454,02-0003,0,jobayer,"2020-08-05 00:00:00",No,0,,0,0,0,01-0001,NULL,NULL
2961,02-1261,02-1566,02-1566,02-1566,02-0481,01-0001,0,asadullah,"2024-05-12 00:00:00",Yes,0,,0,0,0,01-0001,NULL,NULL
2962,02-1263,02-1147,02-1147,02-1147,02-0458,02-0003,0,jobayer,"2019-12-29 00:00:00",No,5,,0,0,0,01-0001,NULL,NULL
2963,02-1264,02-1147,02-1147,02-1147,02-0458,02-0003,0,asadullah,"2022-01-23 00:00:00",No,0,,0,0,0,01-0001,NULL,NULL
2964,02-1267,02-0003,02-0003,02-0003,02-0003,02-0003,0,nurjaman.khan,"2018-07-31 00:00:00",No,100,,0,0,0,01-0001,NULL,NULL
2965,02-1268,02-1147,02-1147,02-1147,02-0323,02-0003,0,nurjaman.khan,"2018-08-26 00:00:00",No,0,,0,0,0,01-0001,NULL,NULL
2966,02-1271,02-1109,02-1626,02-1626,02-0458,02-0003,0,jobayer,"2020-08-17 00:00:00",No,0,,0,0,0,01-0001,NULL,NULL
2967,02-1274,02-0052,02-1147,02-1147,02-0323,02-0003,0,nurjaman.khan,"2017-10-18 00:00:00",No,0,,0,0,0,01-0001,NULL,NULL
2968,02-1275,02-0052,02-1147,02-1147,02-0323,02-0003,0,nurjaman.khan,"2018-05-03 00:00:00",No,0,,0,0,0,01-0001,NULL,NULL
2969,02-1276,02-0052,02-1147,02-1147,02-0323,02-0003,0,nurjaman.khan,"2017-10-29 00:00:00",No,0,,0,0,0,01-0001,NULL,NULL
2970,02-1277,02-1109,02-0036,02-0036,02-0003,02-0003,0,nurjaman.khan,"2018-07-01 00:00:00",No,0,,0,0,0,01-0001,NULL,NULL
2971,02-1278,02-0181,02-0103,02-0103,02-0458,02-0003,0,nurjaman.khan,"2017-10-22 00:00:00",No,0,,0,0,0,01-0001,NULL,NULL
2972,02-1279,02-0181,02-0103,02-0103,02-0458,02-0003,0,nurjaman.khan,"2017-12-13 00:00:00",No,0,,0,0,0,01-0001,NULL,NULL
2973,02-1282,02-0036,02-0036,02-0036,02-0003,02-0003,0,nurjaman.khan,"2018-05-03 00:00:00",No,0,,0,0,0,01-0001,NULL,NULL
2974,02-1283,02-0845,02-1060,02-1060,02-0003,02-0003,0,nurjaman.khan,"2017-09-04 00:00:00",No,0,,0,0,0,01-0001,NULL,NULL
2975,02-1286,02-1626,02-1626,02-1626,02-1626,02-0003,0,jobayer,"2019-06-09 00:00:00",No,0,,0,0,1,01-0001,NULL,NULL
2976,02-1288,02-2052,02-2052,02-0103,02-0458,02-0003,0,rasif,"2024-02-01 00:00:00",No,0,,0,0,0,01-0001,NULL,NULL
2977,02-1284,02-1626,02-1626,02-1626,02-1626,02-0003,0,jobayer,"2019-04-07 00:00:00",No,0,,0,0,1,01-0001,NULL,NULL
2978,02-1292,02-0232,02-0095,02-0103,02-0458,02-0003,0,jobayer,"2020-11-29 00:00:00",No,0,,0,0,0,01-0001,NULL,NULL
2979,02-1295,02-0464,02-0103,02-0103,02-0458,02-0003,0,dobibul,"2020-07-08 00:00:00",No,0,,0,0,0,01-0001,NULL,NULL
2980,02-1297,02-0046,02-1037,02-1037,02-0323,02-0003,0,jobayer,"2019-07-31 00:00:00",No,0,,0,0,0,01-0001,NULL,NULL
2981,02-1296,02-0247,02-0036,02-0036,02-0003,02-0003,0,nurjaman.khan,"2017-11-07 00:00:00",No,0,,0,0,0,01-0001,NULL,NULL
2982,02-1299,02-0036,02-0036,02-0036,02-0003,02-0003,0,nurjaman.khan,"2017-09-26 00:00:00",No,0,,0,0,0,01-0001,NULL,NULL
2983,02-1300,02-0035,02-1037,02-1037,02-0323,02-0003,0,nurjaman.khan,"2017-11-09 00:00:00",No,0,,0,0,0,01-0001,NULL,NULL
2984,02-1302,02-0073,02-0188,02-0188,02-0323,02-0003,0,dobibul,"2020-02-02 00:00:00",No,0,,0,0,0,01-0001,NULL,NULL
2985,02-1308,02-1147,02-1147,02-1147,02-0323,02-0003,0,nurjaman.khan,"2017-10-29 00:00:00",No,0,,0,0,0,01-0001,NULL,NULL
2986,02-1309,02-1147,02-1147,02-1147,02-0323,02-0003,0,nurjaman.khan,"2018-05-03 00:00:00",No,0,,0,0,0,01-0001,NULL,NULL
2987,02-1310,02-0800,02-1606,02-1606,02-1606,02-0003,0,jobayer,"2019-02-11 00:00:00",No,0,,0,0,0,01-0001,NULL,NULL
2988,02-1313,02-0375,02-0375,02-1409,02-0458,02-0003,0,saddam,"2023-11-02 00:00:00",No,0,,0,0,0,01-0001,NULL,NULL
2989,02-1317,02-0016,02-0016,02-0016,02-0016,02-0003,0,nurjaman.khan,"2018-09-12 00:00:00",No,0,,0,0,0,01-0001,NULL,NULL
2990,02-1318,02-0323,02-0323,02-0323,02-0323,02-0003,0,nurjaman.khan,"2017-11-02 00:00:00",No,0,,0,0,0,01-0001,NULL,NULL
2991,02-1319,02-1264,02-1264,02-1147,02-0458,02-0003,0,jobayer,"2019-12-23 00:00:00",No,0,,0,0,0,01-0001,NULL,NULL
2992,02-1321,02-0506,02-0402,02-0402,02-0473,02-0003,0,nurjaman.khan,"2017-10-12 00:00:00",No,0,,0,0,0,01-0001,NULL,NULL
2993,02-1324,02-0052,02-1147,02-1147,02-0323,02-0003,0,nurjaman.khan,"2017-10-18 00:00:00",No,0,,0,0,0,01-0001,NULL,NULL
2994,02-1325,02-0052,02-1147,02-1147,02-0323,02-0003,0,jobayer,"2019-07-23 00:00:00",No,0,,0,0,0,01-0001,NULL,NULL
2995,02-1326,02-0970,02-0996,02-0996,02-0323,02-0003,0,jobayer,"2019-07-10 00:00:00",No,0,,0,0,0,01-0001,NULL,NULL
2996,02-1329,02-0889,02-0103,02-0103,02-0458,02-0003,0,nurjaman.khan,"2018-01-09 00:00:00",No,0,,0,0,0,01-0001,NULL,NULL
2997,02-1332,02-0003,02-0003,02-0003,02-0003,02-0003,0,nurjaman.khan,"2017-11-05 00:00:00",No,0,,0,0,0,01-0001,NULL,NULL
2998,02-1333,02-0166,02-0166,02-0166,02-0458,02-0003,0,nurjaman.khan,"2018-01-29 00:00:00",No,0,,0,0,0,01-0001,NULL,NULL
2999,02-1334,02-0166,02-0166,02-1037,02-0323,02-0003,0,jobayer,"2019-02-11 00:00:00",No,0,,0,0,0,01-0001,NULL,NULL
3000,02-1335,02-0166,02-0166,02-1037,02-0323,02-0003,0,jobayer,"2019-02-24 00:00:00",No,0,,0,0,0,01-0001,NULL,NULL
3001,02-1337,02-0036,02-0036,02-0036,02-0003,02-0003,0,nurjaman.khan,"2018-06-05 00:00:00",No,5,,0,0,0,01-0001,NULL,NULL
3002,02-1339,02-0506,02-0402,02-0402,02-0473,02-0003,0,nurjaman.khan,"2017-12-11 00:00:00",No,0,,0,0,0,01-0001,NULL,NULL
3003,02-1342,02-1147,02-1147,02-1147,02-0323,02-0003,0,nurjaman.khan,"2018-01-21 00:00:00",No,0,,0,0,0,01-0001,NULL,NULL
3004,02-1343,02-1147,02-1147,02-1147,02-0323,02-0003,0,nurjaman.khan,"2018-05-16 00:00:00",No,0,,0,0,0,01-0001,NULL,NULL
3005,02-1344,02-1147,02-1147,02-1147,02-0323,02-0003,0,nurjaman.khan,"2018-10-10 00:00:00",No,0,,0,0,0,01-0001,NULL,NULL
3006,02-1352,02-1876,02-1876,02-1060,02-0458,02-0003,0,asadullah,"2022-07-03 00:00:00",No,0,,0,0,0,01-0001,NULL,NULL
3007,02-1353,02-0181,02-0103,02-0103,02-0458,02-0003,0,nurjaman.khan,"2017-11-08 00:00:00",No,0,,0,0,0,01-0001,NULL,NULL
3008,02-1355,02-1147,02-1147,02-1147,02-0323,02-0003,0,nurjaman.khan,"2019-01-15 00:00:00",No,0,,0,0,0,01-0001,NULL,NULL
3009,02-1356,02-1147,02-1147,02-1147,02-0323,02-0003,0,nurjaman.khan,"2018-05-03 00:00:00",No,0,,0,0,0,01-0001,NULL,NULL
3010,02-1357,02-1147,02-1147,02-1147,02-0323,02-0003,0,nurjaman.khan,"2017-10-29 00:00:00",No,0,,0,0,0,01-0001,NULL,NULL
3011,02-1358,02-1147,02-1147,02-1147,02-0323,02-0003,0,nurjaman.khan,"2018-01-21 00:00:00",No,0,,0,0,0,01-0001,NULL,NULL
3012,02-1360,02-1147,02-1147,02-1147,02-0323,02-0003,0,nurjaman.khan,"2018-05-03 00:00:00",No,0,,0,0,0,01-0001,NULL,NULL
3013,02-1361,02-1147,02-1147,02-1147,02-0323,02-0003,0,nurjaman.khan,"2018-05-03 00:00:00",No,0,,0,0,0,01-0001,NULL,NULL
3014,02-1363,02-1147,02-1147,02-1147,02-0323,02-0003,0,nurjaman.khan,"2019-01-10 00:00:00",No,0,,0,0,0,01-0001,NULL,NULL
3015,02-1364,02-1147,02-1147,02-1147,02-0323,02-0003,0,nurjaman.khan,"2019-01-17 00:00:00",No,0,,0,0,0,01-0001,NULL,NULL
3016,02-1366,02-0820,02-1542,02-1723,02-1723,02-0003,0,nurjaman.khan,"2018-07-26 00:00:00",No,0,,0,0,0,01-0001,NULL,NULL
3017,02-1367,02-0506,02-0402,02-0402,02-0473,02-0003,0,nurjaman.khan,"2017-11-08 00:00:00",No,0,,0,0,0,01-0001,NULL,NULL
3018,02-1368,02-0820,02-1542,02-1723,02-1723,02-0003,0,nurjaman.khan,"2018-09-13 00:00:00",No,0,,0,0,0,01-0001,NULL,NULL
3019,02-1369,02-0506,02-0402,02-0402,02-0473,02-0003,0,nurjaman.khan,"2017-10-31 00:00:00",No,0,,0,0,0,01-0001,NULL,NULL
3020,02-1372,02-0149,02-0032,02-0925,02-0925,01-0001,0,asadullah,"2022-11-24 00:00:00",Yes,0,,0,0,1,01-0001,NULL,NULL
3021,02-1373,02-0149,02-0032,02-0925,02-0925,01-0001,0,asadullah,"2022-11-24 00:00:00",Yes,0,,0,0,1,01-0001,NULL,NULL
3022,02-1374,02-0149,02-0032,02-0925,02-0925,01-0001,0,asadullah,"2022-11-24 00:00:00",Yes,0,,0,0,1,01-0001,NULL,NULL
3023,02-1375,02-0149,02-0032,02-0925,02-0925,02-0003,0,asadullah,"2022-11-24 00:00:00",No,0,,0,0,0,01-0001,NULL,NULL
3024,02-1376,02-1626,02-1626,02-1626,02-0003,02-0003,0,nurjaman.khan,"2018-12-26 00:00:00",No,0,,0,0,0,01-0001,NULL,NULL
3025,02-1378,02-1147,02-1147,02-1147,02-0458,02-0003,0,asadullah,"2021-04-18 00:00:00",No,0,,0,0,0,01-0001,NULL,NULL
3026,02-1379,02-0847,02-0767,02-0767,02-0003,02-0003,0,nurjaman.khan,"2018-12-31 00:00:00",No,0,,0,0,0,01-0001,NULL,NULL
3027,02-1382,02-0003,02-0003,02-0003,02-0003,02-0003,0,asadullah,"2021-05-09 00:00:00",No,100,,0,0,0,01-0001,NULL,NULL
3028,02-1383,02-1147,02-1147,02-1147,02-0323,02-0003,0,nurjaman.khan,"2018-01-21 00:00:00",No,0,,0,0,0,01-0001,NULL,NULL
3029,02-1386,02-1147,02-1147,02-1147,02-0323,02-0003,0,nurjaman.khan,"2017-12-12 00:00:00",No,0,,0,0,0,01-0001,NULL,NULL
3030,02-1387,02-0052,02-1147,02-1147,02-0323,02-0003,0,lutful.kabir,"2019-03-11 00:00:00",No,0,,0,0,0,01-0001,NULL,NULL
3031,02-1388,02-0052,02-1147,02-1147,02-0323,02-0003,0,nurjaman.khan,"2019-01-30 00:00:00",No,0,,0,0,0,01-0001,NULL,NULL
3032,02-1389,02-1147,02-1147,02-1147,02-0323,02-0003,0,nurjaman.khan,"2019-01-31 00:00:00",No,0,,0,0,0,01-0001,NULL,NULL
3033,02-1390,02-1147,02-1147,02-1147,02-0323,02-0003,0,nurjaman.khan,"2018-09-13 00:00:00",No,0,,0,0,0,01-0001,NULL,NULL
3034,02-1393,02-1147,02-1147,02-1147,02-0323,02-0003,0,nurjaman.khan,"2017-11-28 00:00:00",No,0,,0,0,0,01-0001,NULL,NULL
3035,02-1394,02-0146,02-0146,02-0146,02-0003,02-0003,0,nurjaman.khan,"2018-08-26 00:00:00",No,0,,0,0,0,01-0001,NULL,NULL
3036,02-1397,02-0734,02-0247,02-1626,02-0458,02-0003,0,saddam,"2023-07-02 00:00:00",No,0,,0,0,1,01-0001,NULL,NULL
3037,02-1398,02-0188,02-0188,02-0188,02-0323,02-0003,0,nurjaman.khan,"2017-12-10 00:00:00",No,0,,0,0,0,01-0001,NULL,NULL
3038,02-1400,02-0188,02-0188,02-0188,02-0323,02-0003,0,nurjaman.khan,"2019-01-03 00:00:00",No,0,,0,0,0,01-0001,NULL,NULL
3039,02-1401,02-0188,02-0188,02-0188,02-0323,02-0003,0,nurjaman.khan,"2019-01-03 00:00:00",No,0,,0,0,0,01-0001,NULL,NULL
3040,02-1403,02-0188,02-0188,02-0188,02-0323,02-0003,0,nurjaman.khan,"2019-01-03 00:00:00",No,0,,0,0,0,01-0001,NULL,NULL
3041,02-1405,02-0690,02-1626,02-1626,02-0003,02-0003,0,nurjaman.khan,"2018-09-11 00:00:00",No,0,,0,0,0,01-0001,NULL,NULL
3042,02-1406,02-0690,02-1626,02-1626,02-0003,02-0003,0,nurjaman.khan,"2018-09-11 00:00:00",No,0,,0,0,0,01-0001,NULL,NULL
3043,02-1407,02-0690,02-1626,02-1626,02-1626,02-0003,0,jobayer,"2019-06-17 00:00:00",No,0,,0,0,0,01-0001,NULL,NULL
3044,02-1408,02-0690,02-1626,02-1626,02-0003,02-0003,0,nurjaman.khan,"2018-09-11 00:00:00",No,0,,0,0,0,01-0001,NULL,NULL
3045,02-1410,02-0103,02-0103,02-0103,02-0458,02-0003,0,nurjaman.khan,"2018-01-21 00:00:00",No,0,,0,0,0,01-0001,NULL,NULL
3046,02-1412,02-0188,02-0188,02-0188,02-0323,02-0003,0,dobibul,"2020-02-02 00:00:00",No,0,,0,0,0,01-0001,NULL,NULL
3047,02-1414,02-0188,02-0188,02-0188,02-0323,02-0003,0,nurjaman.khan,"2018-05-06 00:00:00",No,0,,0,0,0,01-0001,NULL,NULL
3048,02-1415,02-0188,02-0188,02-0188,02-0323,02-0003,0,nurjaman.khan,"2018-04-05 00:00:00",No,0,,0,0,0,01-0001,NULL,NULL
3049,02-1416,02-0052,02-1147,02-1147,02-0323,02-0003,0,lutful.kabir,"2019-03-11 00:00:00",No,0,,0,0,0,01-0001,NULL,NULL
3050,02-1417,02-0052,02-1147,02-1147,02-0458,02-0003,0,dobibul,"2020-02-02 00:00:00",No,0,,0,0,0,01-0001,NULL,NULL
3051,02-1421,02-0149,02-0032,02-0925,02-0925,01-0001,0,asadullah,"2022-11-24 00:00:00",Yes,0,,0,0,1,01-0001,NULL,NULL
3052,02-1422,02-0166,02-0166,02-0166,02-0003,02-0003,0,saddam,"2023-12-26 00:00:00",No,0,,0,0,0,01-0001,NULL,NULL
3053,02-1423,02-0188,02-0188,02-0188,02-0323,02-0003,0,nurjaman.khan,"2018-05-03 00:00:00",No,0,,0,0,0,01-0001,NULL,NULL
3054,02-1424,02-0188,02-0188,02-0188,02-0323,02-0003,0,nurjaman.khan,"2018-10-22 00:00:00",No,0,,0,0,0,01-0001,NULL,NULL
3055,02-1426,02-0757,02-0757,02-0082,02-0323,02-0003,0,asadullah,"2022-08-14 00:00:00",No,0,,0,0,0,01-0001,NULL,NULL
3056,02-1427,02-0188,02-0188,02-0188,02-0323,02-0003,0,nurjaman.khan,"2018-08-27 00:00:00",No,0,,0,0,0,01-0001,NULL,NULL
3057,02-1428,02-1147,02-1147,02-1147,02-0323,02-0003,0,nurjaman.khan,"2018-10-18 00:00:00",No,0,,0,0,0,01-0001,NULL,NULL
3058,02-1429,02-1147,02-1147,02-1147,02-0323,02-0003,0,nurjaman.khan,"2019-01-17 00:00:00",No,0,,0,0,0,01-0001,NULL,NULL
3059,02-1430,02-1147,02-1147,02-1147,02-0323,02-0003,0,nurjaman.khan,"2018-08-26 00:00:00",No,0,,0,0,0,01-0001,NULL,NULL
3060,02-1431,02-0820,02-1723,02-1723,02-0402,02-0003,0,dobibul,"2020-06-01 00:00:00",No,0,,0,0,0,01-0001,NULL,NULL
3061,02-1433,02-0820,02-1542,02-1723,02-1723,02-0003,0,nurjaman.khan,"2018-12-04 00:00:00",No,0,,0,0,0,01-0001,NULL,NULL
3062,02-1434,02-1420,02-0820,02-0820,02-0402,02-0003,0,asadullah,"2022-08-10 00:00:00",No,0,,0,0,0,01-0001,NULL,NULL
3063,02-1435,02-0800,02-0846,02-0846,02-0846,02-0003,0,nurjaman.khan,"2017-12-06 00:00:00",No,0,,0,0,0,01-0001,NULL,NULL
3064,02-1436,02-0800,02-1606,02-1606,02-1606,02-0003,0,nurjaman.khan,"2018-08-30 00:00:00",No,0,,0,0,0,01-0001,NULL,NULL
3065,02-1437,02-0800,02-0846,02-0846,02-0846,02-0003,0,nurjaman.khan,"2017-12-11 00:00:00",No,0,,0,0,0,01-0001,NULL,NULL
3066,02-1438,02-0800,02-1606,02-1606,02-1606,02-0003,0,nurjaman.khan,"2018-07-08 00:00:00",No,0,,0,0,0,01-0001,NULL,NULL
3067,02-1439,02-0800,02-1606,02-1606,02-1606,02-0003,0,jobayer,"2019-12-02 00:00:00",No,0,,0,0,0,01-0001,NULL,NULL
3068,02-1440,02-0800,02-1606,02-1606,02-1606,02-0003,0,nurjaman.khan,"2018-08-01 00:00:00",No,0,,0,0,0,01-0001,NULL,NULL
3069,02-1441,02-0763,02-1060,02-1060,02-0458,02-0003,0,asadullah,"2022-06-30 00:00:00",No,0,,0,0,0,01-0001,NULL,NULL
3070,02-1442,02-1763,02-1763,02-1763,02-0444,01-0001,0,jobayer,"2020-08-26 00:00:00",No,0,,0,0,0,01-0001,NULL,NULL
3071,02-1443,02-0847,02-1626,02-1626,02-1626,02-0003,0,jobayer,"2019-04-16 00:00:00",No,0,,0,0,0,01-0001,NULL,NULL
3072,02-1444,02-1264,02-1264,02-1147,02-0458,02-0003,0,dobibul,"2020-02-06 00:00:00",No,0,,0,0,0,01-0001,NULL,NULL
3073,02-1447,02-0800,02-0846,02-0846,02-0846,02-0003,0,nurjaman.khan,"2018-02-11 00:00:00",No,0,,0,0,0,01-0001,NULL,NULL
3074,02-1448,02-0800,02-1606,02-1606,02-1606,02-0003,0,nurjaman.khan,"2018-08-01 00:00:00",No,0,,0,0,0,01-0001,NULL,NULL
3075,02-1450,02-1521,02-1626,02-1626,02-0458,02-0003,0,rasif,"2024-03-18 00:00:00",No,0,,0,0,0,01-0001,NULL,NULL
3076,02-1453,02-1494,02-0247,02-1626,02-0458,02-0003,0,asadullah,"2022-11-01 00:00:00",No,0,,0,0,0,01-0001,NULL,NULL
3077,02-1455,02-0082,02-0188,02-0188,02-0323,02-0003,0,dobibul,"2020-02-02 00:00:00",No,0,,0,0,0,01-0001,NULL,NULL
3078,02-1458,02-1420,02-0820,02-0820,02-0402,02-0003,0,asadullah,"2022-01-05 00:00:00",No,0,,0,0,0,01-0001,NULL,NULL
3079,02-1462,02-1109,02-1109,02-1626,02-0458,02-0003,0,abu.hashem,"2023-10-31 00:00:00",No,0,,0,0,0,01-0001,NULL,NULL
3080,02-1464,02-0218,02-0174,02-0174,02-0458,02-0003,0,saddam,"2024-01-01 00:00:00",No,0,,0,0,0,01-0001,NULL,NULL
3081,02-1465,02-0136,02-0925,02-0925,02-0481,01-0001,0,asadullah,"2024-05-12 00:00:00",Yes,5,,0,0,1,01-0001,NULL,NULL
3082,02-1467,02-0800,02-1606,02-1606,02-1606,02-0003,0,dobibul,"2020-01-30 00:00:00",No,0,,0,0,0,01-0001,NULL,NULL
3083,02-1469,02-0970,02-0996,02-0996,02-0323,02-0003,0,dobibul,"2020-02-02 00:00:00",No,0,,0,0,0,01-0001,NULL,NULL
3084,02-1471,02-0800,02-1606,02-1606,02-1606,02-0003,0,jobayer,"2019-02-11 00:00:00",No,0,,0,0,0,01-0001,NULL,NULL
3085,02-1473,02-0218,02-0218,02-0174,02-0458,02-0003,0,saddam,"2024-01-01 00:00:00",No,0,,0,0,0,01-0001,NULL,NULL
3086,02-1474,02-0146,02-0146,02-0146,02-0003,02-0003,0,nurjaman.khan,"2018-10-01 00:00:00",No,0,,0,0,0,01-0001,NULL,NULL
3087,02-1481,02-0136,02-0925,02-0925,02-0925,01-0001,0,asadullah,"2022-11-24 00:00:00",Yes,0,,0,0,1,01-0001,NULL,NULL
3088,02-1482,02-0082,02-0082,02-0188,02-0323,02-0003,0,nurjaman.khan,"2018-01-07 00:00:00",No,0,,0,0,0,01-0001,NULL,NULL
3089,02-1484,02-0800,02-1606,02-1606,02-1606,02-0003,0,jobayer,"2019-05-21 00:00:00",No,0,,0,0,0,01-0001,NULL,NULL
3090,02-1486,02-0800,02-1606,02-1606,02-1606,02-0003,0,nurjaman.khan,"2018-07-31 00:00:00",No,0,,0,0,0,01-0001,NULL,NULL
3091,02-1489,02-0103,02-1409,02-1409,02-0458,02-0003,0,lutful.kabir,"2019-01-01 00:00:00",No,0,,0,0,0,01-0001,NULL,NULL
3092,02-1491,02-1464,02-0218,02-0174,02-0458,02-0003,0,saddam,"2024-01-01 00:00:00",No,0,,0,0,0,01-0001,NULL,NULL
3093,02-1492,02-0822,02-1160,02-0174,02-0458,02-0003,0,abu.hashem,"2023-07-10 00:00:00",No,0,,0,0,0,01-0001,NULL,NULL
3094,02-1493,02-1109,02-1109,02-1626,02-0458,02-0003,0,saddam,"2023-05-01 00:00:00",No,0,,0,0,0,01-0001,NULL,NULL
3095,02-1496,02-0585,02-1626,02-1626,02-0003,02-0003,0,nurjaman.khan,"2018-10-14 00:00:00",No,0,,0,0,0,01-0001,NULL,NULL
3096,02-0204,02-0046,02-1037,02-1037,02-0323,02-0003,0,jobayer,"2019-02-11 00:00:00",No,0,,0,0,0,01-0001,NULL,NULL
3097,02-1497,02-1626,02-1626,02-1626,02-0003,02-0003,0,nurjaman.khan,"2018-11-08 00:00:00",No,0,,0,0,0,01-0001,NULL,NULL
3098,02-1498,02-0677,02-0677,02-1409,02-0458,02-0003,0,jobayer,"2020-01-05 00:00:00",No,0,,0,0,0,01-0001,NULL,NULL
3099,02-1499,02-0188,02-0188,02-0188,02-0323,02-0003,0,nurjaman.khan,"2018-11-22 00:00:00",No,0,,0,0,0,01-0001,NULL,NULL
3100,02-1501,02-1037,02-1037,02-1037,02-0323,02-0003,0,lutful.kabir,"2018-11-26 00:00:00",No,0,,0,0,0,01-0001,NULL,NULL
3101,02-1502,02-0767,02-1147,02-1147,02-0323,02-0003,0,nurjaman.khan,"2018-01-28 00:00:00",No,0,,0,0,0,01-0001,NULL,NULL
3102,02-1503,02-0071,02-0767,02-0767,02-0767,02-0003,0,nurjaman.khan,"2018-11-22 00:00:00",No,0,,0,0,0,01-0001,NULL,NULL
3103,02-1505,02-1147,02-1147,02-1147,02-0323,02-0003,0,jobayer,"2019-07-23 00:00:00",No,0,,0,0,0,01-0001,NULL,NULL
3104,02-1507,02-0767,02-1147,02-1147,02-0323,02-0003,0,nurjaman.khan,"2018-03-29 00:00:00",No,5,,0,0,0,01-0001,NULL,NULL
3105,02-1508,02-0506,02-0402,02-0402,02-0473,02-0003,0,nurjaman.khan,"2018-01-22 00:00:00",No,0,,0,0,0,01-0001,NULL,NULL
3106,02-1509,02-0506,02-0402,02-0402,02-0473,02-0003,0,nurjaman.khan,"2018-01-03 00:00:00",No,0,,0,0,0,01-0001,NULL,NULL
3107,02-1512,02-0188,02-0188,02-0188,02-0323,02-0003,0,nurjaman.khan,"2018-07-11 00:00:00",No,0,,0,0,0,01-0001,NULL,NULL
3108,02-1513,02-0061,02-0082,02-0082,02-0323,02-0003,0,asadullah,"2022-02-01 00:00:00",No,0,,0,0,0,01-0001,NULL,NULL
3109,02-1514,02-0800,02-1606,02-1606,02-1606,02-0003,0,nurjaman.khan,"2018-05-15 00:00:00",No,0,,0,0,0,01-0001,NULL,NULL
3110,02-1515,02-0425,02-0425,02-0939,02-0323,02-0003,0,nurjaman.khan,"2018-07-01 00:00:00",No,0,,0,0,0,01-0001,NULL,NULL
3111,02-1516,02-0247,02-1626,02-1626,02-0458,02-0003,0,asadullah,"2022-05-29 00:00:00",No,5,,0,0,0,01-0001,NULL,NULL
3112,02-1518,02-1420,02-0820,02-0820,02-0402,02-0003,0,rasif,"2023-12-28 00:00:00",No,0,,0,0,0,01-0001,NULL,NULL
3113,02-1519,02-1109,02-1109,02-1626,02-0458,02-0003,0,jobayer,"2019-12-30 00:00:00",No,0,,0,0,0,01-0001,NULL,NULL
3114,02-1520,02-1888,02-1888,02-0103,02-0458,02-0003,0,saddam,"2023-06-01 00:00:00",No,0,,0,0,0,01-0001,NULL,NULL
3115,02-1522,02-0036,02-0036,02-0036,02-0003,02-0003,0,nurjaman.khan,"2018-01-23 00:00:00",No,0,,0,0,0,01-0001,NULL,NULL
3116,02-1523,02-1147,02-1147,02-1147,02-0323,02-0003,0,nurjaman.khan,"2018-06-10 00:00:00",No,0,,0,0,0,01-0001,NULL,NULL
3117,02-1524,02-0071,02-0767,02-0767,02-0767,02-0003,0,nurjaman.khan,"2018-09-03 00:00:00",No,0,,0,0,0,01-0001,NULL,NULL
3118,02-1525,02-1157,02-1642,02-0407,02-0407,02-0003,1,jobayer,"2021-01-04 00:00:00",No,0,,0,0,0,01-0001,NULL,NULL
3119,02-1528,02-1420,02-0820,02-0820,02-0402,02-0003,0,rasif,"2024-06-09 00:00:00",No,0,,0,0,0,01-0001,NULL,NULL
3120,02-1530,02-0280,02-0996,02-0996,02-0323,02-0003,0,abu.hashem,"2023-04-02 00:00:00",No,0,,0,0,0,01-0001,NULL,NULL
3121,02-1391,02-0052,02-0052,02-1147,02-0458,02-0003,0,dobibul,"2020-02-02 00:00:00",No,0,,0,0,0,01-0001,NULL,NULL
3122,02-1384,02-0052,02-1147,02-1147,02-0323,02-0003,0,nurjaman.khan,"2018-10-02 00:00:00",No,0,,0,0,0,01-0001,NULL,NULL
3123,02-1537,02-0218,02-0103,02-1409,02-0458,02-0003,0,lutful.kabir,"2019-01-01 00:00:00",No,0,,0,0,0,01-0001,NULL,NULL
3124,02-1541,02-0407,02-0407,02-0407,02-0407,02-0003,0,fariba,"2018-02-19 00:00:00",No,5,,0,0,0,01-0001,NULL,NULL
3125,02-1542,02-1723,02-1723,02-1723,02-0407,02-0003,0,jobayer,"2019-11-13 00:00:00",No,5,,0,0,0,01-0001,NULL,NULL
3126,02-1543,02-1606,02-1606,02-1606,02-1606,02-0003,0,nurjaman.khan,"2018-10-10 00:00:00",No,5,,0,0,0,01-0001,NULL,NULL
3127,02-1544,02-0820,02-1542,02-1723,02-1723,02-0003,0,nurjaman.khan,"2018-08-13 00:00:00",No,0,,0,0,0,01-0001,NULL,NULL
3128,02-1545,02-0506,02-0473,02-0473,02-0473,02-0003,0,nurjaman.khan,"2018-02-28 00:00:00",No,0,,0,0,0,01-0001,NULL,NULL
3129,02-1549,02-0232,02-0095,02-0103,02-0458,02-0003,0,jobayer,"2020-09-17 00:00:00",No,0,,0,0,0,01-0001,NULL,NULL
3130,02-1550,02-0247,02-0247,02-1626,02-0458,02-0003,0,jobayer,"2020-09-29 00:00:00",No,0,,0,0,0,01-0001,NULL,NULL
3131,02-1553,02-0188,02-0188,02-0188,02-0323,02-0003,0,jobayer,"2020-01-05 00:00:00",No,0,,0,0,0,01-0001,NULL,NULL
3132,02-1558,02-1626,02-1626,02-1626,02-0003,02-0003,0,lutful.kabir,"2018-11-26 00:00:00",No,0,,0,0,0,01-0001,NULL,NULL
3133,02-1559,02-0003,02-0003,02-0003,02-0003,02-0003,0,jobayer,"2019-06-24 00:00:00",No,100,,0,0,0,01-0001,NULL,NULL
3134,02-1561,02-0188,02-0188,02-0188,02-0323,02-0003,0,nurjaman.khan,"2018-11-29 00:00:00",No,0,,0,0,0,01-0001,NULL,NULL
3135,02-1562,02-0029,02-0029,02-0029,02-2004,02-0003,0,rasif,"2024-05-02 00:00:00",No,5,,0,0,0,01-0001,NULL,NULL
3136,02-1563,02-1521,02-0845,02-1060,02-1060,02-0003,0,jobayer,"2019-04-07 00:00:00",No,0,,0,0,1,01-0001,NULL,NULL
3137,02-1564,02-0071,02-0767,02-0767,02-0767,02-0003,0,asadullah,"2022-02-24 00:00:00",No,0,,0,0,0,01-0001,NULL,NULL
3138,02-1565,02-1233,02-1233,02-1233,02-1233,02-0003,0,nurjaman.khan,"2018-03-20 00:00:00",No,0,,0,0,0,01-0001,NULL,NULL
3139,02-1566,02-1999,02-1999,02-1999,02-1999,01-0001,0,asadullah,"2021-07-26 00:00:00",Yes,5,,0,1,1,01-0001,NULL,NULL
3140,02-1567,02-1763,02-1763," "," ",01-0001,0,abu.hashem,"2023-03-02 00:00:00",Yes,0,,0,0,1,01-0001,NULL,NULL
3141,02-1568,02-1234,02-1234,02-0444,02-0444,01-0001,0,dobibul,"2020-04-08 00:00:00",No,0,,0,0,0,01-0001,NULL,NULL
3142,02-1569,02-1763,02-1763,02-1763,02-0444,01-0001,0,jobayer,"2020-08-05 00:00:00",No,0,,0,0,0,01-0001,NULL,NULL
3143,02-1106,02-0107,02-1723,02-1723,02-1723,02-0003,0,jobayer,"2019-07-17 00:00:00",No,0,,0,0,0,01-0001,NULL,NULL
3144,02-1359,02-0107,02-1723,02-1723,02-1723,02-0003,0,nurjaman.khan,"2018-11-04 00:00:00",No,0,,0,0,0,01-0001,NULL,NULL
3145,02-1579,02-0300,02-0889,02-1409,02-0458,02-0003,0,lutful.kabir,"2019-01-01 00:00:00",No,0,,0,0,0,01-0001,NULL,NULL
3146,02-1371,02-0107,02-1723,02-1723,02-0402,02-0003,0,jobayer,"2019-12-02 00:00:00",No,0,,0,0,0,01-0001,NULL,NULL
3147,02-1108,02-0107,02-1723,02-1723,02-0402,02-0003,0,jobayer,"2019-12-02 00:00:00",No,0,,0,0,0,01-0001,NULL,NULL
3148,02-0753,02-0107,02-1723,02-1723,02-1723,02-0003,0,jobayer,"2019-07-17 00:00:00",No,0,,0,0,0,01-0001,NULL,NULL
3149,02-0571,02-0889,02-0889,02-0103,02-0458,02-0003,0,asadullah,"2022-10-31 00:00:00",No,0,,0,0,0,01-0001,NULL,NULL
3150,02-1209,02-0300,02-0889,02-1409,02-0458,02-0003,0,lutful.kabir,"2019-01-01 00:00:00",No,0,,0,0,0,01-0001,NULL,NULL
3151,02-1304,02-0300,02-0889,02-1409,02-0458,02-0003,0,lutful.kabir,"2019-01-01 00:00:00",No,0,,0,0,0,01-0001,NULL,NULL
3152,02-1466,02-0464,02-0464,02-0103,02-0458,02-0003,0,abu.hashem,"2023-03-15 00:00:00",No,0,,0,0,0,01-0001,NULL,NULL
3153,02-1306,02-0274,02-0889,02-1409,02-0458,02-0003,0,nurjaman.khan,"2019-01-15 00:00:00",No,0,,0,0,0,01-0001,NULL,NULL
3154,02-1040,02-0889,02-0889,02-0103,02-0458,02-0003,0,jobayer,"2019-12-02 00:00:00",No,0,,0,0,1,01-0001,NULL,NULL
3155,02-1570,02-0300,02-0889,02-1409,02-0458,01-0001,0,asadullah,"2022-05-24 00:00:00",No,0,,0,0,1,01-0001,NULL,NULL
3156,02-1571,02-0800,02-0444,02-0444,02-0444,01-0001,0,noorsat.alam,"2020-01-19 00:00:00",No,0,,0,0,1,01-0001,NULL,NULL
3157,02-1241,02-0300,02-0889,02-1409,02-0458,01-0001,0,dobibul,"2020-02-02 00:00:00",No,0,,0,0,0,01-0001,NULL,NULL
3158,02-1242,02-0300,02-0889,02-1409,02-0458,01-0001,0,dobibul,"2020-02-02 00:00:00",No,0,,0,0,0,01-0001,NULL,NULL
3159,02-1581,02-0846,02-1606,02-1606,02-1606,02-0003,0,jobayer,"2019-02-11 00:00:00",No,0,,0,0,0,01-0001,NULL,NULL
3160,02-1584,02-0407,02-0407,02-0407,02-0407,02-0003,0,noorsat.alam,"2020-04-26 00:00:00",No,0,,0,0,0,01-0001,NULL,NULL
3161,02-1585,02-0462,02-1480,02-1480,02-0323,02-0003,0,asadullah,"2021-11-03 00:00:00",No,0,,0,0,0,01-0001,NULL,NULL
3162,02-1587,02-0166,02-0166,02-0166,02-0003,02-0003,0,saddam,"2023-06-01 00:00:00",No,0,,0,0,0,01-0001,NULL,NULL
3163,02-1589,02-1420,02-0820,02-0820,02-0402,02-0003,0,asadullah,"2021-07-05 00:00:00",No,0,,0,0,0,01-0001,NULL,NULL
3164,02-1591,02-0297,02-1626,02-1626,02-1626,02-0003,0,jobayer,"2019-06-09 00:00:00",No,0,,0,0,1,01-0001,NULL,NULL
3165,02-1592,02-0738,02-0738,02-1626,02-0458,02-0003,0,dobibul,"2020-06-28 00:00:00",No,0,,0,0,0,01-0001,NULL,NULL
3166,02-1593,02-1462,02-1109,02-1626,02-0458,02-0003,0,saddam,"2023-08-01 00:00:00",No,0,,0,0,0,01-0001,NULL,NULL
3167,02-1596,02-0036,02-0036,02-0036,02-0003,02-0003,0,nurjaman.khan,"2018-04-19 00:00:00",No,0,,0,0,0,01-0001,NULL,NULL
3168,02-1597,02-0913,02-0913,02-1060,02-1060,02-0003,0,dobibul,"2019-03-27 00:00:00",No,0,,0,0,0,01-0001,NULL,NULL
3169,02-1599,02-0820,02-1542,02-1723,02-1723,02-0003,0,nurjaman.khan,"2018-10-14 00:00:00",No,0,,0,0,0,01-0001,NULL,NULL
3170,02-1600,02-0820,02-1542,02-1723,02-1723,02-0003,0,nurjaman.khan,"2019-01-28 00:00:00",No,0,,0,0,0,01-0001,NULL,NULL
3171,02-1601,02-0820,02-1542,02-1723,02-0407,02-0003,0,jobayer,"2019-10-01 00:00:00",No,0,,0,0,0,01-0001,NULL,NULL
3172,02-1602,02-1420,02-0820,02-0820,02-0402,02-0003,0,saddam,"2024-01-01 00:00:00",No,0,,0,0,0,01-0001,NULL,NULL
3173,02-1604,02-0854,02-0854,02-1480,02-0323,02-0003,0,robiul,"2024-05-06 00:00:00",No,0,,0,0,0,01-0001,NULL,NULL
3174,02-1607,02-0847,02-0847,02-0847,02-0458,02-0003,0,dobibul,"2020-02-02 00:00:00",No,0,,0,0,0,01-0001,NULL,NULL
3175,02-1611,02-1060,02-1060,02-1060,02-0458,02-0003,0,jobayer,"2019-10-01 00:00:00",No,0,,0,0,0,01-0001,NULL,NULL
3176,02-1614,02-1626,02-1626,02-1626,02-0003,02-0003,0,nurjaman.khan,"2018-12-09 00:00:00",No,0,,0,0,0,01-0001,NULL,NULL
3177,02-1616,02-0247,02-0247,02-1626,02-0458,02-0003,0,dobibul,"2020-02-02 00:00:00",No,0,,0,0,0,01-0001,NULL,NULL
3178,02-1618,02-1626,02-1626,02-1626,02-0003,02-0003,0,nurjaman.khan,"2018-11-13 00:00:00",No,0,,0,0,0,01-0001,NULL,NULL
3179,02-1622,02-1626,02-1626,02-1626,02-0003,02-0003,0,nurjaman.khan,"2018-11-20 00:00:00",No,0,,0,0,0,01-0001,NULL,NULL
3180,02-1623,02-1454,02-1454,02-1454,02-1454,02-0003,0,jobayer,"2019-08-27 00:00:00",No,5,,0,0,0,01-0001,NULL,NULL
3181,02-1624," "," "," "," ",01-0001,0,abu.hashem,"2023-03-02 00:00:00",Yes,0,,0,0,1,01-0001,NULL,NULL
3182,02-1629,02-1626,02-1626,02-1626,02-0003,02-0003,0,nurjaman.khan,"2018-12-04 00:00:00",No,0,,0,0,0,01-0001,NULL,NULL
3183,02-1634,02-0763,02-0763,02-1060,02-0458,02-0003,0,asadullah,"2022-06-09 00:00:00",No,0,,0,0,0,01-0001,NULL,NULL
3184,02-1639,02-1723,02-1723,02-1723,02-1723,02-0003,0,nurjaman.khan,"2018-07-19 00:00:00",No,0,,0,0,0,01-0001,NULL,NULL
3185,02-1646,02-0047,02-0047,02-0047,02-0323,02-0003,0,noorsat.alam,"2020-05-11 00:00:00",No,0,,0,0,0,01-0001,NULL,NULL
3186,02-1647,02-0299,02-0299,02-0103,02-0458,02-0003,0,jobayer,"2020-12-28 00:00:00",No,0,,0,0,0,01-0001,NULL,NULL
3187,02-1654,02-1454,02-1454,02-1454,02-1454,02-0003,0,jobayer,"2019-09-23 00:00:00",No,0,,0,0,0,01-0001,NULL,NULL
3188,02-1657,02-0402,02-0402,02-0402,02-0402,02-0003,0,jobayer,"2020-12-20 00:00:00",No,0,,0,0,0,01-0001,NULL,NULL
3189,02-1658,02-0820,02-1723,02-1723,02-0402,02-0003,0,dobibul,"2020-02-11 00:00:00",No,0,,0,0,0,01-0001,NULL,NULL
3190,02-1660,02-1420,02-0820,02-0402,02-0402,02-0003,0,asadullah,"2022-02-24 00:00:00",No,0,,0,0,0,01-0001,NULL,NULL
3191,02-1662,02-1457,02-0247,02-0103,02-0458,02-0003,0,rasif,"2024-06-03 00:00:00",No,0,,0,0,0,01-0001,NULL,NULL
3192,02-1664,02-0994,02-0994,02-0994,02-1454,02-0003,0,nurjaman.khan,"2018-09-11 00:00:00",No,5,,0,0,0,01-0001,NULL,NULL
3193,02-1666,02-0444,02-0444,02-0444,02-0444,02-0003,0,jobayer,"2019-04-11 00:00:00",No,0,,0,0,0,01-0001,NULL,NULL
3194,02-1667,02-0278,02-1480,02-1480,02-0323,02-0003,0,jobayer,"2019-02-19 00:00:00",No,0,,0,0,0,01-0001,NULL,NULL
3195,02-1656,01-0001,01-0001,01-0001,01-0001,01-0001,0,saddam,"2023-04-18 00:00:00",Yes,0,,0,0,0,01-0001,NULL,NULL
3196,02-1668,02-1420,02-0820,02-0402,02-0402,02-0003,0,jobayer,"2020-08-05 00:00:00",No,0,,0,0,0,01-0001,NULL,NULL
3197,02-1670,02-0820,02-1542,02-1723,02-1723,02-0003,0,nurjaman.khan,"2019-01-28 00:00:00",No,0,,0,0,0,01-0001,NULL,NULL
3198,02-1671,02-1420,02-0820,02-0820,02-0402,02-0003,0,abu.hashem,"2023-10-31 00:00:00",No,0,,0,0,0,01-0001,NULL,NULL
3199,02-1672,02-0767,02-0767,02-0767,02-0767,02-0003,0,jobayer,"2020-12-10 00:00:00",No,0,,0,0,0,01-0001,NULL,NULL
3200,02-1674,02-0767,02-0767,02-0767,02-0767,02-0003,0,dobibul,"2019-03-27 00:00:00",No,0,,0,0,0,01-0001,NULL,NULL
3201,02-1677,02-0925,02-0925,02-0925,02-0925,01-0001,0,asadullah,"2022-11-24 00:00:00",Yes,0,,0,0,1,01-0001,NULL,NULL
3202,02-1678,02-0186,02-0007,02-0007,02-0323,02-0003,0,asadullah,"2022-06-19 00:00:00",No,0,,0,0,0,01-0001,NULL,NULL
3203,02-1679,02-0346,02-0247,02-1626,02-0458,02-0003,0,jobayer,"2021-01-25 00:00:00",No,0,,0,0,0,01-0001,NULL,NULL
3204,02-1681,02-0047,02-0047,02-0047,02-0481,01-0001,0,asadullah,"2024-05-12 00:00:00",Yes,0,,0,1,1,01-0001,NULL,NULL
3205,02-1683,02-0300,02-0889,02-1409,02-0458,02-0003,0,lutful.kabir,"2019-01-01 00:00:00",No,0,,0,0,0,01-0001,NULL,NULL
3206,02-1684,02-0300,02-0889,02-1409,02-0458,02-0003,0,lutful.kabir,"2019-01-01 00:00:00",No,0,,0,0,0,01-0001,NULL,NULL
3207,02-1685,02-0300,02-0889,02-1409,02-0458,02-0003,0,lutful.kabir,"2019-01-01 00:00:00",No,0,,0,0,0,01-0001,NULL,NULL
3208,02-1686,02-0846,02-1606,02-1606,02-1606,02-0003,0,jobayer,"2019-11-26 00:00:00",No,0,,0,0,0,01-0001,NULL,NULL
3209,02-1687,02-1627,02-1627,02-0994,02-1454,02-0003,0,jobayer,"2021-02-09 00:00:00",No,5,,0,0,0,01-0001,NULL,NULL
3210,02-1688,02-0047,02-0047,02-0047,02-0323,02-0003,0,dobibul,"2019-03-27 00:00:00",No,0,,0,0,0,01-0001,NULL,NULL
3211,02-1689,02-0892,02-0444,02-0444,02-0444,02-0003,0,noorsat.alam,"2020-05-11 00:00:00",No,0,,0,0,0,01-0001,NULL,NULL
3212,02-1691,02-0846,02-0846,02-0846,02-1606,02-0003,0,asadullah,"2022-03-27 00:00:00",No,0,,0,0,0,01-0001,NULL,NULL
3213,02-1693,02-0444,02-0444,02-0444,02-0444,02-0003,0,jobayer,"2019-10-10 00:00:00",No,0,,0,0,0,01-0001,NULL,NULL
3214,02-1694,02-0444,02-0444,02-0444,02-0444,02-0003,0,jobayer,"2019-04-07 00:00:00",No,0,,0,0,0,01-0001,NULL,NULL
3215,02-1696,02-0444,02-0444,02-0444,02-0444,02-0003,0,jobayer,"2019-04-07 00:00:00",No,0,,0,0,0,01-0001,NULL,NULL
3216,02-1697,02-0334,02-0334,02-0994,02-1454,02-0003,0,dobibul,"2020-02-25 00:00:00",No,0,,0,0,0,01-0001,NULL,NULL
3217,02-1699,02-0892,02-0393,02-0994,02-1454,02-0003,0,jobayer,"2020-11-01 00:00:00",No,0,,0,0,0,01-0001,NULL,NULL
3218,02-1700,02-0444,02-0444,02-0444,02-0444,02-0003,0,jobayer,"2019-04-07 00:00:00",No,0,,0,0,0,01-0001,NULL,NULL
3219,02-1701,02-0444,02-0444,02-0444,02-0444,02-0003,0,jobayer,"2019-04-07 00:00:00",No,0,,0,0,0,01-0001,NULL,NULL
3220,02-1703,02-0462,02-1480,02-1480,02-0323,02-0003,0,asadullah,"2021-11-03 00:00:00",No,0,,0,0,0,01-0001,NULL,NULL
3221,02-1704,02-0300,02-1409,02-1409,02-0458,02-0003,0,jobayer,"2019-06-09 00:00:00",No,0,,0,0,1,01-0001,NULL,NULL
3222,02-1041,02-0274,02-0889,02-1409,02-0458,02-0003,0,lutful.kabir,"2019-01-01 00:00:00",No,0,,0,0,0,01-0001,NULL,NULL
3223,02-1706,02-0444,02-0444,02-0444,02-0444,02-0003,0,jobayer,"2019-07-02 00:00:00",No,0,,0,0,0,01-0001,NULL,NULL
3224,02-1707,02-0651,02-1723,02-1723,02-0402,02-0003,0,jobayer,"2019-12-02 00:00:00",No,0,,0,0,0,01-0001,NULL,NULL
3225,02-1709,02-1676,02-1676,02-0994,02-1454,02-0003,0,jobayer,"2020-08-05 00:00:00",No,0,,0,0,0,01-0001,NULL,NULL
3226,02-1710,02-0444,02-0444,02-0444,02-0444,02-0003,0,lutful.kabir,"2019-03-11 00:00:00",No,0,,0,0,0,01-0001,NULL,NULL
3227,02-1712,02-0444,02-0444,02-0444,02-0444,02-0003,0,jobayer,"2019-07-02 00:00:00",No,0,,0,0,0,01-0001,NULL,NULL
3228,02-1713,02-0103,02-0103,02-0103,02-0458,02-0003,0,jobayer,"2020-11-01 00:00:00",No,5,,0,0,0,01-0001,NULL,NULL
3229,02-1716,02-0462,02-1480,02-1480,02-0323,02-0003,0,asadullah,"2022-08-01 00:00:00",No,0,,0,0,0,01-0001,NULL,NULL
3230,02-1719,02-0444,02-0444,02-0444,02-0444,02-0003,0,jobayer,"2019-02-11 00:00:00",No,0,,0,0,0,01-0001,NULL,NULL
3231,02-1724,02-0464,02-0464,02-0103,02-1409,02-0003,0,abu.hashem,"2023-10-26 00:00:00",No,0,,0,0,0,01-0001,NULL,NULL
3232,02-1725,02-0820,02-1542,02-1723,02-1723,02-0003,0,jobayer,"2019-05-16 00:00:00",No,0,,0,0,0,01-0001,NULL,NULL
3233,02-1727," "," "," "," ",01-0001,0,abu.hashem,"2023-03-02 00:00:00",No,0,,0,0,0,01-0001,NULL,NULL
3234,02-1730,02-0278,02-0309,02-0146,02-0323,02-0003,0,jobayer,"2019-08-07 00:00:00",No,0,,0,0,0,01-0001,NULL,NULL
3235,02-1731,02-0444,02-0444,02-0444,02-0444,02-0003,0,jobayer,"2019-10-10 00:00:00",No,0,,0,0,0,01-0001,NULL,NULL
3236,02-1732,02-0444,02-0444,02-0444,02-0444,02-0003,0,jobayer,"2019-07-02 00:00:00",No,0,,0,0,0,01-0001,NULL,NULL
3237,02-1735,02-1157,02-1642,02-0407,02-0407,02-0003,0,jobayer,"2020-08-24 00:00:00",No,0,,0,0,0,01-0001,NULL,NULL
3238,02-1736,02-0820,02-1542,02-1723,02-1723,02-0003,0,jobayer,"2019-04-11 00:00:00",No,0,,0,0,0,01-0001,NULL,NULL
3239,02-1739,02-0444,02-0444,02-0444,02-0444,02-0003,0,jobayer,"2019-07-02 00:00:00",No,0,,0,0,0,01-0001,NULL,NULL
3240,02-1741,02-0444,02-0444,02-0444,02-0444,02-0003,0,jobayer,"2019-12-30 00:00:00",No,0,,0,0,0,01-0001,NULL,NULL
3241,02-1742,02-1420,02-0820,02-0820,02-0402,02-0003,0,saddam,"2023-04-30 00:00:00",No,0,,0,0,0,01-0001,NULL,NULL
3242,02-1743,02-0925,02-0925,02-0925,02-0925,01-0001,0,saddam,"2023-09-25 00:00:00",No,100,,0,0,0,01-0001,NULL,NULL
3243,02-1744,02-0047,02-0047,02-0047,02-0323,02-0003,0,jobayer,"2020-07-27 00:00:00",No,0,,0,0,0,01-0001,NULL,NULL
3244,02-1745,02-0851,01-0001,01-0001,01-0001,01-0001,0,asadullah,"2021-05-31 00:00:00",No,0,,0,0,0,01-0001,NULL,NULL
3245,02-1746,02-0083,02-0166,02-1037,02-0323,02-0003,0,jobayer,"2020-11-01 00:00:00",No,0,,0,0,0,01-0001,NULL,NULL
3246,02-1747,02-0083,02-0166,02-1037,02-0323,02-0003,0,dobibul,"2020-04-02 00:00:00",No,0,,0,0,0,01-0001,NULL,NULL
3247,02-1748,02-0083,02-0166,02-1037,02-0323,02-0003,0,dobibul,"2020-03-03 00:00:00",No,0,,0,0,0,01-0001,NULL,NULL
3248,02-1750,02-0047,02-0047,02-0047,02-0323,02-0003,0,asadullah,"2022-02-24 00:00:00",No,0,,0,0,0,01-0001,NULL,NULL
3249,02-1752,02-0892,02-0393,02-0994,02-1454,02-0003,0,asadullah,"2022-02-24 00:00:00",No,0,,0,0,0,01-0001,NULL,NULL
3250,02-1753,02-0393,02-0393,02-0994,02-1454,02-0003,0,asadullah,"2021-09-21 00:00:00",No,0,,0,0,0,01-0001,NULL,NULL
3251,02-1754,02-0444,02-0444,02-0444,02-0444,02-0003,0,jobayer,"2019-10-10 00:00:00",No,0,,0,0,0,01-0001,NULL,NULL
3252,02-1755,02-0444,02-0444,02-0444,02-0444,02-0003,0,jobayer,"2019-12-10 00:00:00",No,0,,0,0,0,01-0001,NULL,NULL
3253,02-1758,02-1723,02-1723,02-1723,02-0402,02-0003,0,noorsat.alam,"2020-08-30 00:00:00",No,0,,0,0,0,01-0001,NULL,NULL
3254,02-1757,02-0462,02-1480,02-1480,02-0323,02-0003,0,asadullah,"2021-11-03 00:00:00",No,0,,0,0,0,01-0001,NULL,NULL
3255,02-1756,02-0462,02-1480,02-1480,02-0323,02-0003,0,asadullah,"2021-11-03 00:00:00",No,0,,0,0,0,01-0001,NULL,NULL
3256,02-1759,02-0462,02-1480,02-1480,02-0323,02-0003,0,asadullah,"2021-11-03 00:00:00",No,0,,0,0,0,01-0001,NULL,NULL
3257,02-1760,02-1723,02-1723,02-1723,02-1723,02-0003,0,lutful.kabir,"2021-04-18 00:00:00",No,0,,0,0,0,01-0001,NULL,NULL
3258,02-1761,02-1723,02-1723,02-1723,02-0402,02-0003,0,saddam,"2023-09-20 00:00:00",No,0,,0,0,0,01-0001,NULL,NULL
3259,02-1762,02-1723,02-1723,02-1723,02-0402,02-0003,0,saddam,"2023-09-20 00:00:00",No,0,,0,0,0,01-0001,NULL,NULL
3260,02-1763," "," "," "," ",01-0001,0,abu.hashem,"2023-03-02 00:00:00",Yes,5,,0,1,1,01-0001,NULL,NULL
3261,02-1766,02-1420,02-0820,02-0402,02-0402,02-0003,0,jobayer,"2021-01-25 00:00:00",No,0,,0,0,0,01-0001,NULL,NULL
3262,02-1768,02-1676,02-1676,02-0994,02-1454,02-0003,0,jobayer,"2020-08-05 00:00:00",No,0,,0,0,0,01-0001,NULL,NULL
3263,02-1769,02-0089,02-0089,02-0994,02-1454,02-0003,0,jobayer,"2020-08-05 00:00:00",No,0,,0,0,0,01-0001,NULL,NULL
3264,02-1773,02-0073,02-0082,02-0082,02-0323,02-0003,0,saddam,"2023-05-16 00:00:00",No,0,,0,0,0,01-0001,NULL,NULL
3265,02-1776,02-0444,02-0444,02-0444,02-0444,01-0001,0,jobayer,"2021-02-15 00:00:00",No,0,,0,0,0,01-0001,NULL,NULL
3266,02-1777,02-1169,02-1169,02-1169,02-0407,02-0003,0,asadullah,"2021-07-28 00:00:00",No,0,,0,0,0,01-0001,NULL,NULL
3267,02-1778,02-1743,02-0925,02-0925,02-0925,01-0001,0,asadullah,"2022-11-24 00:00:00",Yes,0,,0,0,1,01-0001,NULL,NULL
3268,02-1779,02-1037,02-1037,02-1037,02-0323,02-0003,0,asadullah,"2022-10-02 00:00:00",No,0,,0,0,0,01-0001,NULL,NULL
3269,02-1780,02-1037,02-1037,02-1037,02-0323,02-0003,0,asadullah,"2022-07-12 00:00:00",No,0,,0,0,0,01-0001,NULL,NULL
3270,02-1784,02-0047,02-0047,02-0047,02-0323,02-0003,0,asadullah,"2022-01-16 00:00:00",No,0,,0,0,0,01-0001,NULL,NULL
3271,02-1783,02-0925,02-0925,02-0925,02-0925,01-0001,0,asadullah,"2021-04-26 00:00:00",Yes,0,,0,0,1,01-0001,NULL,NULL
3272,02-1785,02-0925,02-0925,02-0925,02-0925,01-0001,0,asadullah,"2021-04-26 00:00:00",Yes,0,,0,0,1,01-0001,NULL,NULL
3273,02-1786,02-0917,02-0917,02-2228,02-0407,02-0003,0,saddam,"2023-05-14 00:00:00",No,0,,0,0,0,01-0001,NULL,NULL
3274,02-1787,02-0149,02-0925,02-0925,02-0925,01-0001,0,asadullah,"2022-11-24 00:00:00",Yes,0,,0,0,1,01-0001,NULL,NULL
3275,02-1789,02-0462,02-1480,02-1480,02-0323,02-0003,0,asadullah,"2022-01-29 00:00:00",No,0,,0,0,0,01-0001,NULL,NULL
3276,02-1793,02-0462,02-1480,02-1480,02-0323,02-0003,0,asadullah,"2021-11-03 00:00:00",No,0,,0,0,0,01-0001,NULL,NULL
3277,02-1795,02-0892,02-0393,02-0994,02-1454,02-0003,0,asadullah,"2021-11-28 00:00:00",No,0,,0,0,0,01-0001,NULL,NULL
3278,02-1798,02-0462,02-0309,02-1480,02-0323,02-0003,0,asadullah,"2021-11-03 00:00:00",No,0,,0,0,0,01-0001,NULL,NULL
3279,02-1799,02-1838,02-1838,02-0994,02-0994,02-0003,0,asadullah,"2022-11-01 00:00:00",No,5,,0,0,0,01-0001,NULL,NULL
3280,02-1790,02-0149,02-0149,02-0925,02-0925,01-0001,0,asadullah,"2021-04-26 00:00:00",Yes,0,,0,0,1,01-0001,NULL,NULL
3281,02-1791,02-0149,02-0149,02-0925,02-0925,01-0001,0,asadullah,"2021-04-26 00:00:00",Yes,0,,0,0,1,01-0001,NULL,NULL
3282,02-1800,02-0757,02-0757,02-0188,02-0323,02-0003,0,jobayer,"2021-01-06 00:00:00",No,0,,0,0,0,01-0001,NULL,NULL
3283,02-1803,02-0278,02-0278,02-1480,02-0323,02-0003,0,jobayer,"2020-08-26 00:00:00",No,0,,0,0,0,01-0001,NULL,NULL
3284,02-1805,02-0854,02-0854,02-1480,02-0323,02-0003,0,abu.hashem,"2023-10-29 00:00:00",No,0,,0,0,0,01-0001,NULL,NULL
3285,02-1806,02-0073,02-0082,02-0082,02-0323,02-0003,0,asadullah,"2022-03-07 00:00:00",No,0,,0,0,0,01-0001,NULL,NULL
3286,02-1808,02-0892,02-0393,02-0994,02-1454,02-0003,0,jobayer,"2020-11-01 00:00:00",No,0,,0,0,0,01-0001,NULL,NULL
3287,02-1809,02-1676,02-0023,02-0994,02-1454,02-0003,0,jobayer,"2020-08-05 00:00:00",No,0,,0,0,0,01-0001,NULL,NULL
3288,02-1811,02-0334,02-0876,02-0994,02-1454,02-0003,0,dobibul,"2020-02-25 00:00:00",No,0,,0,0,0,01-0001,NULL,NULL
3289,02-1810,02-0892,02-0393,02-0393,02-0994,02-0003,0,asadullah,"2022-04-11 00:00:00",No,0,,0,0,0,01-0001,NULL,NULL
3290,02-1813,02-0033,02-0033,02-0846,02-1606,02-0003,0,asadullah,"2021-10-12 00:00:00",No,0,,0,0,0,01-0001,NULL,NULL
3291,02-1814,02-0082,02-0188,02-0188,02-0323,02-0003,0,asadullah,"2021-07-27 00:00:00",No,0,,0,0,0,01-0001,NULL,NULL
3292,02-1815,02-0854,02-0854,02-1480,02-0323,02-0003,0,saddam,"2023-04-11 00:00:00",No,0,,0,0,0,01-0001,NULL,NULL
3293,02-1817,02-0846,02-0846,02-0846,02-1606,02-0003,0,asadullah,"2022-02-27 00:00:00",No,5,,0,0,0,01-0001,NULL,NULL
3294,02-1818,02-0462,02-1480,02-1480,02-0323,02-0003,0,asadullah,"2021-12-20 00:00:00",No,0,,0,0,0,01-0001,NULL,NULL
3295,02-1822,02-1626,02-1626,02-1626,02-0458,02-0003,0,asadullah,"2021-12-26 00:00:00",No,0,,0,0,0,01-0001,NULL,NULL
3296,02-1820,02-1626,02-1626,02-1626,02-0458,02-0003,0,asadullah,"2021-03-25 00:00:00",No,0,,0,0,0,01-0001,NULL,NULL
3297,02-1802,,,,,01-0001,0,asadullah,"2022-01-26 00:00:00",Yes,0,,0,0,0,01-0001,NULL,NULL
3298,02-1825,02-0892,02-0393,02-0994,02-1454,02-0003,0,jobayer,"2021-01-25 00:00:00",No,0,,0,0,0,01-0001,NULL,NULL
3299,02-1826,02-0892,02-0892,02-0444,02-0444,02-0003,0,jobayer,"2020-08-05 00:00:00",No,0,,0,0,0,01-0001,NULL,NULL
3300,02-1827,02-0047,02-0047,02-0047,02-0481,01-0001,0,asadullah,"2024-05-12 00:00:00",Yes,0,,0,1,1,01-0001,NULL,NULL
3301,02-1819,02-0444,02-0444,02-0444,02-0444,01-0001,0,asadullah,"2021-06-20 00:00:00",No,100,,0,0,0,01-0001,NULL,NULL
3302,02-1828,02-0444,02-0444,02-0444,02-0444,01-0001,0,jobayer,"2020-12-13 00:00:00",No,0,,0,0,0,01-0001,NULL,NULL
3303,02-1829,02-0047,02-0047,02-0047,02-2442,01-0001,0,asadullah,"2024-07-07 00:00:00",Yes,0,,0,1,1,01-0001,NULL,NULL
3304,02-1830,02-0047,02-0047,02-0047,02-0047,01-0001,0,asadullah,"2024-07-07 00:00:00",Yes,0,,0,1,1,01-0001,NULL,NULL
3305,02-1831,02-0047,02-0047,02-0047,02-0481,01-0001,0,asadullah,"2024-05-12 00:00:00",Yes,0,,0,1,1,01-0001,NULL,NULL
3306,02-1832,02-0047,02-0047,02-0047,02-0323,02-0003,0,asadullah,"2021-09-21 00:00:00",No,0,,0,0,0,01-0001,NULL,NULL
3307,02-1833,02-0047,02-0047,02-0047,02-0047,01-0001,0,asadullah,"2024-06-23 00:00:00",Yes,0,,0,1,1,01-0001,NULL,NULL
3308,02-1834,02-1743,02-1743,02-0925,02-0925,01-0001,0,asadullah,"2022-11-24 00:00:00",Yes,0,,0,0,1,01-0001,NULL,NULL
3309,02-1835,02-0925,02-0925,02-0925,02-0925,01-0001,0,asadullah,"2022-11-24 00:00:00",Yes,5,,0,0,1,01-0001,NULL,NULL
3310,02-1837,02-0444,02-0444,02-0444,02-0444,01-0001,0,jobayer,"2021-02-01 00:00:00",No,5,,0,0,0,01-0001,NULL,NULL
3311,02-1842,02-0498,02-0393,02-0393,02-0994,02-0003,0,asadullah,"2022-08-31 00:00:00",No,0,,0,0,0,01-0001,NULL,NULL
3312,02-1843,02-0892,02-0393,02-0994,02-1454,02-0003,0,asadullah,"2021-05-17 00:00:00",No,0,,0,0,0,01-0001,NULL,NULL
3313,02-1844,02-1481,02-0136,02-0925,02-0481,01-0001,0,asadullah,"2024-05-12 00:00:00",Yes,0,,0,0,1,01-0001,NULL,NULL
3314,02-1845,02-1566,02-1566,02-0481,02-0481,01-0001,0,jobayer,"2024-05-12 00:00:00",Yes,5,,0,1,1,01-0001,NULL,NULL
3315,02-1846,02-0898,02-0898,02-0481,02-0481,01-0001,0,jobayer,"2024-05-12 00:00:00",Yes,5,,0,1,1,01-0001,NULL,NULL
3316,02-1847,02-0892,02-0393,02-0994,02-1454,02-0003,0,jobayer,"2021-01-25 00:00:00",No,0,,0,0,0,01-0001,NULL,NULL
3317,02-1849,02-0892,02-0393,02-0994,02-1454,02-0003,0,lutful.kabir,"2021-04-06 00:00:00",No,0,,0,0,0,01-0001,NULL,NULL
3318,02-1850,02-0892,02-0393,02-0393,02-0994,02-0003,0,asadullah,"2022-03-05 00:00:00",No,0,,0,0,0,01-0001,NULL,NULL
3319,02-1851,02-0892,02-0393,02-0994,02-1454,02-0003,0,asadullah,"2022-02-24 00:00:00",No,0,,0,0,0,01-0001,NULL,NULL
3320,02-1852,02-0892,02-0393,02-0393,02-0994,02-0003,0,asadullah,"2022-08-07 00:00:00",No,0,,0,0,0,01-0001,NULL,NULL
3321,02-1853,02-0892,02-0393,02-0994,02-1454,02-0003,0,asadullah,"2022-02-24 00:00:00",No,0,,0,0,0,01-0001,NULL,NULL
3322,02-1856,02-0892,02-0393,02-0994,02-1454,02-0003,0,jobayer,"2021-01-25 00:00:00",No,0,,0,0,0,01-0001,NULL,NULL
3323,02-1860,02-1749,02-1182,02-1749,02-0693,02-0003,0,asadullah,"2024-08-27 00:00:00",Yes,0,,0,0,1,01-0001,NULL,NULL
3324,02-1861,02-1461,02-0103,02-0103,02-0458,02-0003,0,asadullah,"2022-08-23 00:00:00",No,0,,0,0,0,01-0001,NULL,NULL
3325,02-1862,02-0892,02-0393,02-0994,02-1454,02-0003,0,asadullah,"2022-02-24 00:00:00",No,0,,0,0,0,01-0001,NULL,NULL
3326,02-1864,02-0892,02-0393,02-0393,02-0994,02-0003,0,asadullah,"2022-05-16 00:00:00",No,0,,0,0,0,01-0001,NULL,NULL
3327,02-1866,02-0892,02-0393,02-0994,02-1454,02-0003,0,asadullah,"2021-04-20 00:00:00",No,0,,0,0,0,01-0001,NULL,NULL
3328,02-1867,02-0892,02-0393,02-0994,02-1454,02-0003,0,asadullah,"2021-08-01 00:00:00",No,0,,0,0,0,01-0001,NULL,NULL
3329,02-1870,02-0889,02-0889,02-0103,02-0458,02-0003,0,asadullah,"2021-11-23 00:00:00",No,0,,0,0,0,01-0001,NULL,NULL
3330,02-1871,02-0892,02-0393,02-0994,02-1454,02-0003,0,asadullah,"2021-04-20 00:00:00",No,0,,0,0,0,01-0001,NULL,NULL
3331,02-1879," "," "," "," ",01-0001,0,abu.hashem,"2023-03-02 00:00:00",Yes,5,,0,1,1,01-0001,NULL,NULL
3332,02-1873," "," "," "," ",01-0001,0,abu.hashem,"2023-03-02 00:00:00",Yes,5,,0,1,1,01-0001,NULL,NULL
3333,02-1858,02-1727," "," "," ",01-0001,0,abu.hashem,"2023-03-02 00:00:00",Yes,0,,0,1,1,01-0001,NULL,NULL
3334,02-1859,02-1858,02-1727," "," ",01-0001,0,abu.hashem,"2023-03-02 00:00:00",Yes,0,,0,0,0,01-0001,NULL,NULL
3335,02-1884,02-0393,02-0393,02-0393,02-0994,02-0003,0,saddam,"2023-11-01 00:00:00",No,5,,0,0,0,01-0001,NULL,NULL
3336,02-1885,02-0800,02-1606,02-1606,02-1606,02-0003,0,asadullah,"2021-06-21 00:00:00",No,0,,0,0,0,01-0001,NULL,NULL
3337,02-1889,02-1999,02-1999,02-1999,02-1999,01-0001,0,rasif,"2024-03-03 00:00:00",Yes,5,,0,1,1,01-0001,NULL,NULL
3338,02-1891,02-0892,02-0393,02-0994,02-1454,02-0003,0,asadullah,"2022-02-24 00:00:00",No,0,,0,0,0,01-0001,NULL,NULL
3339,02-1892,02-0503,02-0503,02-0503,02-2004,02-0003,0,asadullah,"2021-08-24 00:00:00",No,0,,0,0,0,01-0001,NULL,NULL
3340,02-1894,02-0402,02-0402,02-0402,02-0402,02-0003,0,saddam,"2024-05-23 00:00:00",No,0,,0,0,0,01-0001,NULL,NULL
3341,02-1895,02-0181,02-0181,02-1409,02-0458,02-0003,0,asadullah,"2021-12-06 00:00:00",No,0,,0,0,0,01-0001,NULL,NULL
3342,02-1896,02-0444,02-0444,02-0444,02-0444,02-0003,0,jobayer,"2021-02-10 00:00:00",No,0,,0,0,0,01-0001,NULL,NULL
3343,02-1898,02-0892,02-0393,02-0994,02-1454,02-0003,0,asadullah,"2022-02-24 00:00:00",No,0,,0,0,0,01-0001,NULL,NULL
3344,02-1899,02-0892,02-0393,02-0994,02-1454,02-0003,0,asadullah,"2021-08-01 00:00:00",No,0,,0,0,0,01-0001,NULL,NULL
3345,02-1903,02-0149,02-0032,02-0925,02-0925,01-0001,0,asadullah,"2022-11-24 00:00:00",Yes,0,,0,0,1,01-0001,NULL,NULL
3346,02-1904,02-1017,02-0407,02-0407,02-0407,02-0003,0,lutful.kabir,"2021-01-17 00:00:00",No,0,,0,0,0,01-0001,NULL,NULL
3347,02-1905,02-0892,02-0393,02-0994,02-1454,02-0003,0,asadullah,"2022-02-01 00:00:00",No,0,,0,0,0,01-0001,NULL,NULL
3348,02-1906,02-0898,02-1037,02-1037,02-1037,01-0001,0,asadullah,"2024-05-12 00:00:00",Yes,0,,0,1,1,01-0001,NULL,NULL
3349,02-1907,02-0892,02-0393,02-0994,02-1454,02-0003,0,asadullah,"2021-06-01 00:00:00",No,0,,0,0,0,01-0001,NULL,NULL
3350,02-1908,02-1838,02-1838,02-0994,02-1454,02-0003,0,asadullah,"2021-11-03 00:00:00",No,5,,0,0,0,01-0001,NULL,NULL
3351,02-1909,02-1420,02-0820,02-0402,02-0402,02-0003,0,asadullah,"2022-02-24 00:00:00",No,0,,0,0,0,01-0001,NULL,NULL
3352,02-1912,02-0898,02-0898,02-0323,02-0323,01-0001,0,asadullah,"2021-05-24 00:00:00",No,5,,0,0,0,01-0001,NULL,NULL
3353,02-1914,02-1566,02-1566,02-0481,02-0481,01-0001,0,asadullah,"2024-05-12 00:00:00",Yes,5,,0,1,1,01-0001,NULL,NULL
3354,02-1915,02-1566,02-1566,02-0481,02-0481,01-0001,0,asadullah,"2024-05-12 00:00:00",Yes,5,,0,1,1,01-0001,NULL,NULL
3355,02-1916,02-0898,02-0898,02-1037,02-1037,01-0001,0,jobayer,"2024-05-12 00:00:00",Yes,0,,0,1,1,01-0001,NULL,NULL
3356,02-1917,02-0898,02-0898,02-1037,02-1037,01-0001,0,asadullah,"2024-05-12 00:00:00",Yes,0,,0,0,1,01-0001,NULL,NULL
3357,02-1918,02-0898,02-0898,02-0481,02-0481,01-0001,0,asadullah,"2024-05-12 00:00:00",Yes,0,,0,0,1,01-0001,NULL,NULL
3358,02-1913,02-1845,02-1566,02-1566,02-0481,01-0001,0,asadullah,"2024-05-12 00:00:00",Yes,0,,0,1,1,01-0001,NULL,NULL
3359,02-1919,02-0009,02-0009,02-0009,02-0009,01-0001,0,abu.hashem,"2023-03-02 00:00:00",No,5,,0,0,0,01-0001,NULL,NULL
3360,02-1920,02-0892,02-0393,02-0994,02-1454,02-0003,0,asadullah,"2022-02-24 00:00:00",No,0,,0,0,0,01-0001,NULL,NULL
3361,02-1921,02-0757,02-0082,02-0082,02-0323,02-0003,0,asadullah,"2022-08-16 00:00:00",No,0,,0,0,0,01-0001,NULL,NULL
3362,02-1922,02-0462,02-1480,02-1480,02-0323,02-0003,0,asadullah,"2022-07-12 00:00:00",No,0,,0,0,0,01-0001,NULL,NULL
3363,02-1923,02-1884,02-1884,02-0393,02-0994,02-0003,0,saddam,"2023-09-01 00:00:00",No,0,,0,0,0,01-0001,NULL,NULL
3364,02-1924,02-0898,02-0898,02-0898,02-0481,01-0001,0,asadullah,"2024-05-12 00:00:00",Yes,5,,0,1,1,01-0001,NULL,NULL
3365,02-1925,02-1914,02-1566,02-1566,02-0481,01-0001,0,asadullah,"2024-05-12 00:00:00",Yes,0,,0,1,1,01-0001,NULL,NULL
3366,02-1926,02-1946,02-0407,02-0407,02-0407,02-0003,0,asadullah,"2021-06-16 00:00:00",No,0,,0,0,0,01-0001,NULL,NULL
3367,02-1927,02-2075,02-2075,02-2228,02-0407,02-0003,0,saddam,"2023-12-18 00:00:00",No,0,,0,0,0,01-0001,NULL,NULL
3368,02-1928,02-0892,02-0393,02-0994,02-1454,02-0003,0,asadullah,"2021-06-01 00:00:00",No,0,,0,0,0,01-0001,NULL,NULL
3369,02-1929,02-0898,02-0898,02-0898,02-0323,01-0001,0,asadullah,"2021-05-24 00:00:00",No,0,,0,0,0,01-0001,NULL,NULL
3370,02-1930,02-0047,02-0047,02-0047,02-0481,01-0001,0,asadullah,"2024-05-12 00:00:00",Yes,0,,0,1,1,01-0001,NULL,NULL
3371,02-1932,02-0009,02-0009,02-0009,02-0009,01-0001,0,asadullah,"2022-06-14 00:00:00",No,0,,0,0,0,01-0001,NULL,NULL
3372,02-1933,02-0898,02-0898,02-0898,02-1037,01-0001,0,asadullah,"2024-05-12 00:00:00",Yes,0,,0,1,1,01-0001,NULL,NULL
3373,02-1936,02-0470,02-0470,02-1071,02-2004,02-0003,0,rasif,"2024-07-01 00:00:00",No,0,,0,0,0,01-0001,NULL,NULL
3374,02-1937,02-1838,02-1838,02-0994,02-0994,02-0003,0,saddam,"2023-06-01 00:00:00",No,0,,0,0,0,01-0001,NULL,NULL
3375,02-1939,02-1838,02-1838,02-1838,02-0994,02-0003,0,abu.hashem,"2023-07-11 00:00:00",No,0,,0,0,0,01-0001,NULL,NULL
3376,02-1940,02-1626,02-1626,02-1626,02-0458,02-0003,0,asadullah,"2022-01-03 00:00:00",No,0,,0,0,0,01-0001,NULL,NULL
3377,02-1941,02-0898,02-0898,02-0898,02-0481,01-0001,0,asadullah,"2024-05-12 00:00:00",Yes,0,,0,1,1,01-0001,NULL,NULL
3378,02-1942,02-1420,02-0820,02-0820,02-0402,02-0003,0,asadullah,"2022-01-03 00:00:00",No,0,,0,0,0,01-0001,NULL,NULL
3379,02-1943,02-1420,02-0820,02-0820,02-0402,02-0003,0,rasif,"2024-02-01 00:00:00",No,0,,0,0,0,01-0001,NULL,NULL
3380,02-1945,02-0278,02-1480,02-1480,02-1480,02-0003,0,lutful.kabir,"2021-08-08 00:00:00",No,0,,0,0,0,01-0001,NULL,NULL
3381,02-1946,02-1169,02-1169,02-1169,02-0407,02-0003,0,asadullah,"2021-12-06 00:00:00",No,5,,0,0,0,01-0001,NULL,NULL
3382,02-1949,02-1071,02-1071,02-1071,02-2004,02-0003,0,asadullah,"2022-05-24 00:00:00",No,5,,0,0,0,01-0001,NULL,NULL
3383,02-1951,02-0082,02-0082,02-0188,02-0323,02-0003,0,asadullah,"2021-08-18 00:00:00",No,0,,0,0,0,01-0001,NULL,NULL
3384,02-1953,02-0009,02-0009,02-0009,02-0009,02-0003,0,asadullah,"2021-09-21 00:00:00",No,0,,0,0,0,01-0001,NULL,NULL
3385,02-1954,02-1420,02-0820,02-0820,02-0402,02-0003,0,asadullah,"2022-12-01 00:00:00",No,0,,0,0,0,01-0001,NULL,NULL
3386,02-1956,02-0892,02-0393,02-0994,02-1454,02-0003,0,asadullah,"2022-01-03 00:00:00",No,0,,0,0,0,01-0001,NULL,NULL
3387,02-1952,02-0149,02-0032,02-0925,02-0925,01-0001,0,asadullah,"2022-11-24 00:00:00",Yes,0,,0,0,1,01-0001,NULL,NULL
3388,02-1957,02-0149,02-0032,02-0925,02-0925,01-0001,0,asadullah,"2022-11-24 00:00:00",Yes,0,,0,0,1,01-0001,NULL,NULL
3389,02-1958,02-0149,02-0032,02-0925,02-0925,01-0001,0,asadullah,"2022-11-24 00:00:00",Yes,0,,0,0,1,01-0001,NULL,NULL
3390,02-1959,02-0149,02-0032,02-0925,02-0925,01-0001,0,asadullah,"2022-11-24 00:00:00",Yes,0,,0,0,1,01-0001,NULL,NULL
3391,02-1960,02-1481,02-0136,02-0925,02-0925,01-0001,0,asadullah,"2022-11-24 00:00:00",Yes,0,,0,0,1,01-0001,NULL,NULL
3392,02-1964,02-0462,02-1480,02-1480,02-0323,02-0003,0,asadullah,"2021-11-03 00:00:00",No,0,,0,0,0,01-0001,NULL,NULL
3393,02-1963,02-1147,02-1147,02-1147,02-0458,02-0003,0,saddam,"2023-08-01 00:00:00",No,0,,0,0,0,01-0001,NULL,NULL
3394,02-1961,02-0481,02-0481,02-0481,02-0481,01-0001,0,asadullah,"2024-05-12 00:00:00",Yes,5,,0,1,1,01-0001,NULL,NULL
3395,02-1962,02-1914,02-1914,02-1566,02-0481,01-0001,0,asadullah,"2024-05-12 00:00:00",Yes,0,,0,0,1,01-0001,NULL,NULL
3396,02-1966,02-0149,02-0032,02-0925,02-0925,01-0001,0,asadullah,"2022-11-24 00:00:00",Yes,0,,0,0,1,01-0001,NULL,NULL
3397,02-1967,02-1481,02-0136,02-0925,02-0925,01-0001,0,asadullah,"2022-11-24 00:00:00",Yes,0,,0,0,1,01-0001,NULL,NULL
3398,02-1974,02-0462,02-0309,02-1480,02-0323,02-0003,0,asadullah,"2021-11-03 00:00:00",No,0,,0,0,0,01-0001,NULL,NULL
3399,02-1970,02-0892,02-0393,02-0393,02-0994,02-0003,0,asadullah,"2022-04-17 00:00:00",No,0,,0,0,0,01-0001,NULL,NULL
3400,02-1971,02-0892,02-0393,02-0994,02-1454,02-0003,0,asadullah,"2022-01-03 00:00:00",No,0,,0,0,0,01-0001,NULL,NULL
3401,02-1973,02-0892,02-0393,02-0393,02-0994,02-0003,0,abu.hashem,"2023-07-13 00:00:00",No,0,,0,0,0,01-0001,NULL,NULL
3402,02-1979,02-0247,02-0247,02-1626,02-0458,02-0003,0,saddam,"2023-11-09 00:00:00",No,0,,0,0,0,01-0001,NULL,NULL
3403,02-1980,02-1888,02-1888,02-0103,02-0458,02-0003,0,asadullah,"2022-06-09 00:00:00",No,0,,0,0,0,01-0001,NULL,NULL
3404,02-1981,02-0082,02-0082,02-0188,02-0323,02-0003,0,asadullah,"2021-08-29 00:00:00",No,5,,0,0,0,01-0001,NULL,NULL
3405,02-1982,02-0119,02-0119,02-0205,02-0693,02-0003,0,asadullah,"2024-08-27 00:00:00",Yes,0,,0,0,1,01-0001,NULL,NULL
3406,02-1975,02-1916,02-1916,02-0898,02-0481,01-0001,0,asadullah,"2024-05-12 00:00:00",Yes,0,,0,1,1,01-0001,NULL,NULL
3407,02-1976,02-1924,02-1924,02-0898,02-0481,01-0001,0,asadullah,"2024-05-12 00:00:00",Yes,0,,0,0,0,01-0001,NULL,NULL
3408,02-1977,02-1481,02-1481,02-0925,02-0481,01-0001,0,asadullah,"2024-05-12 00:00:00",Yes,0,,0,0,1,01-0001,NULL,NULL
3409,02-1978,02-1481,02-0136,02-0925,02-0481,01-0001,0,asadullah,"2024-05-12 00:00:00",Yes,0,,0,0,0,01-0001,NULL,NULL
3410,02-1985,02-0854,02-0854,02-1480,02-0323,02-0003,0,rasif,"2024-07-01 00:00:00",No,0,,0,0,0,01-0001,NULL,NULL
3411,02-1988,02-0217,02-0217,02-0146,02-0458,02-0003,0,abu.hashem,"2023-03-13 00:00:00",No,0,,0,0,0,01-0001,NULL,NULL
3412,02-1990,02-1461,02-0095,02-0103,02-0458,02-0003,0,saddam,"2023-02-16 00:00:00",No,0,,0,0,0,01-0001,NULL,NULL
3413,02-1984," "," "," "," ",,0,saddam,"2023-03-22 00:00:00",Yes,0,,0,1,1,01-0001,NULL,NULL
3414,02-1983," "," "," "," ",01-0001,0,abu.hashem,"2023-03-02 00:00:00",Yes,0,,0,1,1,01-0001,NULL,NULL
3415,02-1992,02-1454,02-1454,02-1454,02-1454,02-0003,0,asadullah,"2021-08-31 00:00:00",No,0,,0,0,0,01-0001,NULL,NULL
3416,02-1993,02-1169,02-1169,02-1169,02-0407,02-0003,0,asadullah,"2021-12-05 00:00:00",No,0,,0,0,0,01-0001,NULL,NULL
3417,02-1995,02-1460,02-1460,02-0188,02-0323,02-0003,0,asadullah,"2021-09-13 00:00:00",No,0,,0,0,0,01-0001,NULL,NULL
3418,02-1997,02-0009,02-0009,02-0009,02-0009,02-0003,0,asadullah,"2022-03-05 00:00:00",No,100,,0,0,0,01-0001,NULL,NULL
3419,02-1999,01-0001,01-0001,01-0001,01-0001,01-0001,0,asadullah,"2021-07-26 00:00:00",Yes,100,,0,0,0,01-0001,NULL,NULL
3420,02-2000,02-0278,02-0278,02-1480,02-0323,02-0003,0,saddam,"2023-03-27 00:00:00",No,0,,0,0,0,01-0001,NULL,NULL
3421,02-2001,02-0462,02-0309,02-1480,02-0323,02-0003,0,asadullah,"2021-11-03 00:00:00",No,5,,0,0,0,01-0001,NULL,NULL
3422,02-1869,02-1743,02-1743,02-0925,02-0925,01-0001,0,asadullah,"2021-08-04 00:00:00",Yes,5,,0,0,1,01-0001,NULL,NULL
3423,02-2003,02-0007,02-0007,02-0007,02-0323,02-0003,0,asadullah,"2022-09-11 00:00:00",No,0,,0,0,0,01-0001,NULL,NULL
3424,02-2005,02-0210,02-0082,02-0082,02-0323,02-0003,0,asadullah,"2022-11-22 00:00:00",No,0,,0,0,0,01-0001,NULL,NULL
3425,02-2006,02-1457,02-0247,02-0103,02-0458,02-0003,0,rasif,"2024-03-03 00:00:00",No,0,,0,0,0,01-0001,NULL,NULL
3426,02-2007,02-1627,02-1627,02-0994,02-0994,02-0003,0,abu.hashem,"2023-04-13 00:00:00",No,0,,0,0,0,01-0001,NULL,NULL
3427,02-2010,02-0892  ,02-0393,02-0393,02-0994,02-0003,0,asadullah,"2022-03-27 00:00:00",No,0,,0,0,0,01-0001,NULL,NULL
3428,02-2013,02-1461,02-0095,02-0103,02-0458,02-0003,0,asadullah,"2022-11-28 00:00:00",No,0,,0,0,0,01-0001,NULL,NULL
3429,02-2016,02-0690,02-0690,02-1409,02-0458,02-0003,0,abu.hashem,"2023-08-09 00:00:00",No,0,,0,0,0,01-0001,NULL,NULL
3430,02-2018,02-0892,02-0892,02-0393,02-0994,02-0003,0,rasif,"2023-11-20 00:00:00",No,0,,0,0,0,01-0001,NULL,NULL
3431,02-2019,02-1677,02-1677,02-1677,02-0925,01-0001,0,asadullah,"2021-09-07 00:00:00",Yes,0,,0,0,0,01-0001,NULL,NULL
3432,02-2027,02-0247,02-0247,02-1626,02-0458,02-0003,0,asadullah,"2022-05-30 00:00:00",No,0,,0,0,0,01-0001,NULL,NULL
3433,02-2028,02-1480,02-1480,02-1480,02-0323,02-0003,0,asadullah,"2022-03-01 00:00:00",No,0,,0,0,0,01-0001,NULL,NULL
3434,02-2029,02-2052,02-2052,02-1626,02-0458,02-0003,0,asadullah,"2021-12-22 00:00:00",No,0,,0,0,0,01-0001,NULL,NULL
3435,02-2036,02-0210,02-0082,02-0082,02-0323,02-0003,0,asadullah,"2022-08-07 00:00:00",No,0,,0,0,0,01-0001,NULL,NULL
3436,02-2039,02-2048,02-2048,02-1409,02-1409,02-0003,0,saddam,"2023-10-23 00:00:00",No,0,,0,0,0,01-0001,NULL,NULL
3437,02-2040,02-2048,02-2048,02-1409,02-0458,02-0003,0,asadullah,"2022-06-05 00:00:00",No,0,,0,0,0,01-0001,NULL,NULL
3438,02-2044,02-0462,02-1480,02-1480,02-0323,02-0003,0,asadullah,"2022-06-05 00:00:00",No,0,,0,0,0,01-0001,NULL,NULL
3439,02-2045,02-0462,02-0462,02-1480,02-0323,02-0003,0,asadullah,"2022-11-02 00:00:00",No,0,,0,0,0,01-0001,NULL,NULL
3440,02-2053,02-0651,02-0651,02-0651,02-0402,02-0003,0,asadullah,"2022-08-23 00:00:00",No,0,,0,0,0,01-0001,NULL,NULL
3441,02-2055,02-0462,02-0462,02-1480,02-0323,02-0003,0,asadullah,"2022-07-12 00:00:00",No,0,,0,0,0,01-0001,NULL,NULL
3442,02-2065,02-1560,02-0082,02-0082,02-0323,02-0003,0,saddam,"2023-02-16 00:00:00",No,0,,0,0,0,01-0001,NULL,NULL
3443,02-2067,02-0047,02-0047,02-0047,02-0481,01-0001,0,asadullah,"2024-05-12 00:00:00",Yes,0,,0,1,1,01-0001,NULL,NULL
3444,02-2068,02-0047,02-0047,02-0047,02-0481,01-0001,0,asadullah,"2024-05-12 00:00:00",Yes,0,,0,1,1,01-0001,NULL,NULL
3445,02-2069,02-0003,02-0003,02-0003,02-0003,01-0001,0,asadullah,"2024-07-07 00:00:00",Yes,0,,0,1,1,01-0001,NULL,NULL
3446,02-2071,02-0052,02-0052,02-1147,02-0458,02-0003,0,rasif,"2024-04-29 00:00:00",No,0,,0,0,0,01-0001,NULL,NULL
3447,02-2081,02-0047,02-0047,02-0047,02-0481,01-0001,0,asadullah,"2024-05-12 00:00:00",Yes,0,,0,1,1,01-0001,NULL,NULL
3448,02-2090,02-0407,02-0407,02-0407,02-0407,02-0003,0,asadullah,"2022-11-16 00:00:00",No,0,,0,0,0,01-0001,NULL,NULL
3449,02-2095,02-1461,02-1461,02-0103,02-0458,02-0003,0,asadullah,"2022-04-24 00:00:00",No,0,,0,0,0,01-0001,NULL,NULL
3450,02-2099,02-0854,02-0854,02-1480,02-0323,02-0003,0,rasif,"2024-05-12 00:00:00",No,0,,0,0,0,01-0001,NULL,NULL
3451,02-2100,02-1560,02-1560,02-0082,02-0323,02-0003,0,saddam,"2023-02-01 00:00:00",No,0,,0,0,0,01-0001,NULL,NULL
3452,02-2102,02-1889,02-1889,02-1454,02-1454,02-0003,0,asadullah,"2022-11-09 00:00:00",No,0,,0,0,0,01-0001,NULL,NULL
3453,02-2112,02-1888,02-1888,02-0103,02-0458,02-0003,0,abu.hashem,"2023-03-13 00:00:00",No,0,,0,0,0,01-0001,NULL,NULL
3454,02-2113,02-2052,02-2052,02-1626,02-0458,02-0003,0,asadullah,"2022-07-04 00:00:00",No,0,,0,0,0,01-0001,NULL,NULL
3455,02-2114,02-2166,02-2166,02-0504,02-0693,02-0003,0,asadullah,"2024-08-27 00:00:00",Yes,0,,0,0,1,01-0001,NULL,NULL
3456,02-2116,02-0467,02-0467,02-0007,02-0323,02-0003,0,robiul,"2022-12-18 00:00:00",No,0,,0,0,0,01-0001,NULL,NULL
3457,02-2117,02-1109,02-1109,02-1626,02-0458,02-0003,0,asadullah,"2022-07-21 00:00:00",No,0,,0,0,0,01-0001,NULL,NULL
3458,02-2119,02-1461,02-1461,02-0103,02-0458,02-0003,0,asadullah,"2022-09-13 00:00:00",No,0,,0,0,0,01-0001,NULL,NULL
3459,02-2123,02-1109,02-1109,02-1626,02-0458,02-0003,0,saddam,"2023-02-05 00:00:00",No,0,,0,0,0,01-0001,NULL,NULL
3460,02-2124,02-0892,02-0892,02-0393,02-0393,02-0003,0,robiul,"2023-01-08 00:00:00",No,0,,0,0,0,01-0001,NULL,NULL
3461,02-2125,02-1461,02-1461,02-0103,02-0458,02-0003,0,asadullah,"2022-10-12 00:00:00",No,0,,0,0,0,01-0001,NULL,NULL
3462,02-2133,02-1521,02-0247,02-1626,02-0458,02-0003,0,saddam,"2023-07-30 00:00:00",No,0,,0,0,0,01-0001,NULL,NULL
3463,02-2134,02-0892,02-0892,02-0393,02-0994,02-0003,0,rasif,"2024-01-29 00:00:00",No,0,,0,0,0,01-0001,NULL,NULL
3464,02-2139,02-1947,02-1947,02-1947,02-1947,01-0001,0,asadullah,"2024-08-13 00:00:00",Yes,0,,0,0,0,01-0001,NULL,NULL
3465,02-2143,02-0279,02-0996,02-0996,02-0323,02-0003,0,abu.hashem,"2023-08-20 00:00:00",No,0,,0,0,0,01-0001,NULL,NULL
3466,02-2023,02-1763,02-1763," "," ",01-0001,0,abu.hashem,"2023-03-02 00:00:00",Yes,0,,0,0,1,01-0001,NULL,NULL
3467,02-2022,02-1763,02-1763,02-1763,02-1763,01-0001,0,asadullah,"2022-07-05 00:00:00",Yes,0,,0,0,1,01-0001,NULL,NULL
3468,02-2021,02-1763,02-1763," "," ",01-0001,0,abu.hashem,"2023-03-02 00:00:00",Yes,0,,0,0,1,01-0001,NULL,NULL
3469,02-2020,02-1763,02-1763," "," ",01-0001,0,abu.hashem,"2023-03-02 00:00:00",Yes,0,,0,0,0,01-0001,NULL,NULL
3470,02-2151,02-0854,02-0854,02-1480,02-0323,02-0003,0,rasif,"2024-06-19 00:00:00",No,0,,0,0,0,01-0001,NULL,NULL
3471,02-2152,02-0651,02-0651,02-0651,02-0402,02-0003,0,rasif,"2024-05-08 00:00:00",No,0,,0,0,0,01-0001,NULL,NULL
3472,02-2160,02-0892,02-0892,02-0393,02-0994,02-0003,0,abu.hashem,"2023-04-16 00:00:00",No,0,,0,0,0,01-0001,NULL,NULL
3473,02-2163,02-0047,02-0047,02-0047,02-0481,01-0001,0,asadullah,"2024-05-12 00:00:00",Yes,0,,0,1,1,01-0001,NULL,NULL
3474,02-2164,02-0464,02-0585,02-0103,02-0458,02-0003,0,asadullah,"2022-10-06 00:00:00",No,0,,0,0,0,01-0001,NULL,NULL
3475,02-2167,02-1884,02-1884,02-0393,02-0994,02-0003,0,saddam,"2023-07-04 00:00:00",No,0,,0,0,0,01-0001,NULL,NULL
3476,02-2172,02-0279,02-0996,02-0996,02-0323,02-0003,0,rasif,"2024-04-24 00:00:00",No,0,,0,0,0,01-0001,NULL,NULL
3477,02-2182,02-0800,02-0800,02-0800,02-1606,02-0003,0,saddam,"2023-07-04 00:00:00",No,0,,0,0,0,01-0001,NULL,NULL
3478,02-2190,02-0052,02-0052,02-1147,02-0458,02-0003,0,rasif,"2024-02-01 00:00:00",No,0,,0,0,1,01-0001,NULL,NULL
3479,02-2191,02-0210,02-0210,02-0082,02-0323,02-0003,0,saddam,"2023-03-29 00:00:00",No,0,,0,0,0,01-0001,NULL,NULL
3480,02-2192,02-0407,02-0407,02-0407,02-0407,02-0003,0,robiul,"2022-12-12 00:00:00",No,5,,0,0,0,01-0001,NULL,NULL
3481,02-2193,02-0009,02-0009,02-0009,02-0009,02-0003,0,saddam,"2023-11-15 00:00:00",No,5,,0,0,0,01-0001,NULL,NULL
3482,02-2196,02-1461,02-1461,02-0103,02-0458,02-0003,0,asadullah,"2022-11-16 00:00:00",No,0,,0,0,0,01-0001,NULL,NULL
3483,02-2197,02-1723,02-1723,02-1723,02-0402,02-0003,0,abu.hashem,"2023-03-27 00:00:00",No,0,,0,0,0,01-0001,NULL,NULL
3484,02-2198,02-1723,02-1723,02-1723,02-0402,02-0003,0,saddam,"2023-12-21 00:00:00",No,0,,0,0,0,01-0001,NULL,NULL
3485,02-2200,02-0046,02-0046,02-1037,02-0323,02-0003,0,rasif,"2024-07-09 00:00:00",No,0,,0,0,0,01-0001,NULL,NULL
3486,02-2201,02-2257,02-2257,02-0086,02-0323,02-0003,0,saddam,"2023-04-30 00:00:00",No,0,,0,0,0,01-0001,NULL,NULL
3487,02-2208,02-1884,02-1884,02-0393,02-0994,02-0003,0,saddam,"2023-06-11 00:00:00",No,0,,0,0,0,01-0001,NULL,NULL
3488,02-2215,02-1420,02-1420,02-0820,02-0402,02-0003,0,saddam,"2023-02-19 00:00:00",No,0,,0,0,0,01-0001,NULL,NULL
3489,02-2213,02-2257,02-2257,02-0086,02-0323,02-0003,0,saddam,"2023-05-01 00:00:00",No,0,,0,0,0,01-0001,NULL,NULL
3490,02-2223,02-2257,02-2257,02-0086,02-0323,02-0003,0,saddam,"2023-06-01 00:00:00",No,5,,0,0,0,01-0001,NULL,NULL
3491,02-2228,02-0407,02-0407,02-0407,02-0407,02-0003,0,rasif,"2024-02-04 00:00:00",No,5,,0,0,0,01-0001,NULL,NULL
3492,02-2230,02-1109,02-1109,02-0094,02-0094,02-0003,0,rasif,"2024-03-24 00:00:00",No,0,,0,0,0,01-0001,NULL,NULL
3493,02-2231,02-1109,02-1109,02-0103,02-0458,02-0003,0,saddam,"2024-01-04 00:00:00",No,0,,0,0,0,01-0001,NULL,NULL
3494,02-2232,02-1461,02-1461,02-0103,02-0458,02-0003,0,rasif,"2024-06-03 00:00:00",No,0,,0,0,0,01-0001,NULL,NULL
3495,02-2233,02-1461,02-1461,02-0103,02-0458,02-0003,0,rasif,"2024-03-05 00:00:00",No,0,,0,0,0,01-0001,NULL,NULL
3496,02-2235,02-0662,02-0095,02-1626,02-0458,02-0003,0,rasif,"2024-01-28 00:00:00",No,0,,0,0,0,01-0001,NULL,NULL
3497,02-2245,02-2321,02-2321,02-0407,02-0407,02-0003,0,saddam,"2023-07-30 00:00:00",No,5,,0,0,0,01-0001,NULL,NULL
3498,,,,,,,0,abu.hashem,"2023-01-18 00:00:00",,0,,0,0,0,01-0001,NULL,NULL
3499,01-0001,,,,,01-0001,0,saddam,"2023-03-26 00:00:00",Yes,100,,0,0,0,01-0001,NULL,NULL
3500,02-2249,02-0217,02-0217,02-0146,02-0458,02-0003,0,abu.hashem,"2023-04-03 00:00:00",No,0,,0,0,0,01-0001,NULL,NULL
3501,02-2251,02-1461,02-0095,02-0103,02-0458,02-0003,0,saddam,"2023-07-16 00:00:00",No,0,,0,0,0,01-0001,NULL,NULL
3502,02-2252,02-1109,02-1109,02-1626,02-0458,02-0003,0,saddam,"2023-01-26 00:00:00",No,0,,0,0,0,01-0001,NULL,NULL
3503,02-2255,02-0186,02-0186,02-0007,02-0323,02-0003,0,rasif,"2024-03-05 00:00:00",No,0,,0,0,0,01-0001,NULL,NULL
3504,02-2258,02-2257,02-2257,02-0086,02-0323,02-0003,0,saddam,"2023-08-01 00:00:00",No,5,,0,0,0,01-0001,NULL,NULL
3505,02-2259,02-1521,02-1521,02-0095,02-1409,02-0003,0,saddam,"2023-12-27 00:00:00",No,0,,0,0,0,01-0001,NULL,NULL
3506,02-2266,02-1420,02-1420,02-0820,02-0402,02-0003,0,rasif,"2023-12-28 00:00:00",No,0,,0,0,0,01-0001,NULL,NULL
3507,02-2268,02-2141,02-2141,02-0086,02-0323,02-0003,0,saddam,"2023-12-04 00:00:00",No,0,,0,0,0,01-0001,NULL,NULL
3508,02-2274,02-1461,02-0095,02-0103,02-0458,02-0003,0,saddam,"2023-10-09 00:00:00",No,0,,0,0,0,01-0001,NULL,NULL
3509,02-2277,02-1420,02-1420,02-0820,02-0402,02-0003,0,saddam,"2024-04-01 00:00:00",No,0,,0,0,0,01-0001,NULL,NULL
3510,02-2246,01-0001,01-0001,01-0001,01-0001,01-0001,0,saddam,"2023-08-29 00:00:00",No,0,,0,0,0,01-0001,NULL,NULL
3511,02-2284,02-1792,02-2189,02-0103,02-0458,02-0003,0,saddam,"2024-04-04 00:00:00",No,0,,0,0,0,01-0001,NULL,NULL
3512,02-2287,02-1527,02-1823,02-1409,02-0458,02-0003,0,saddam,"2023-12-03 00:00:00",No,0,,0,0,0,01-0001,NULL,NULL
3513,02-2288,02-1527,02-1823,02-1409,02-0458,02-0003,0,abu.hashem,"2023-10-02 00:00:00",No,0,,0,0,0,01-0001,NULL,NULL
3514,02-2289,02-2305,02-2305,02-1409,02-0458,02-0003,0,rasif,"2024-04-03 00:00:00",No,0,,0,0,0,01-0001,NULL,NULL
3515,02-2290,02-1527,02-1823,02-1409,02-0458,02-0003,0,rasif,"2024-04-03 00:00:00",No,0,,0,0,0,01-0001,NULL,NULL
3516,02-2293,02-1160,02-1160,02-0174,02-0458,02-0003,0,rasif,"2024-04-03 00:00:00",No,0,,0,0,0,01-0001,NULL,NULL
3517,02-2294,02-1160,02-1160,02-0174,02-0458,02-0003,0,rasif,"2024-04-03 00:00:00",No,0,,0,0,0,01-0001,NULL,NULL
3518,02-2295,02-2305,02-2305,02-1409,02-1626,02-0003,0,saddam,"2023-11-06 00:00:00",No,0,,0,0,0,01-0001,NULL,NULL
3519,02-2305,02-1136,02-1136,02-1409,02-0458,02-0003,0,rasif,"2024-04-03 00:00:00",No,0,,0,0,0,01-0001,NULL,NULL
3520,02-2306,02-1160,02-1160,02-0174,02-1409,02-0003,0,saddam,"2024-01-01 00:00:00",No,0,,0,0,0,01-0001,NULL,NULL
3521,02-2304,02-1823,02-1823,02-1409,02-0458,02-0003,0,rasif,"2024-04-03 00:00:00",No,0,,0,0,0,01-0001,NULL,NULL
3522,02-2303,02-1160,02-1160,02-0174,02-0458,02-0003,0,saddam,"2023-12-07 00:00:00",No,0,,0,0,0,01-0001,NULL,NULL
3523,02-2308,02-0189,02-0189,02-1626,02-0458,02-0003,0,saddam,"2023-06-01 00:00:00",No,0,,0,0,0,01-0001,NULL,NULL
3524,02-2309,02-0217,02-0217,02-1080,02-0458,02-0003,0,saddam,"2023-08-08 00:00:00",No,0,,0,0,0,01-0001,NULL,NULL
3525,02-2310,02-1605,02-0189,02-0103,02-0458,02-0003,0,rasif,"2024-04-03 00:00:00",No,0,,0,0,0,01-0001,NULL,NULL
3526,02-2296,02-1136,02-1136,02-1409,02-0458,02-0003,0,saddam,"2023-06-13 00:00:00",No,0,,0,0,0,01-0001,NULL,NULL
3527,02-2302,02-0247,02-0247,02-1626,02-0458,02-0003,0,saddam,"2023-06-13 00:00:00",No,0,,0,0,0,01-0001,NULL,NULL
3528,02-2299,02-1605,02-0189,02-0103,02-0458,02-0003,0,rasif,"2024-04-03 00:00:00",No,0,,0,0,0,01-0001,NULL,NULL
3529,02-2300,02-0218,02-0218,02-0174,02-0458,02-0003,0,abu.hashem,"2023-08-06 00:00:00",No,0,,0,0,0,01-0001,NULL,NULL
3530,02-2301,02-0189,02-0189,02-1626,02-0458,02-0003,0,saddam,"2023-06-11 00:00:00",No,0,,0,0,0,01-0001,NULL,NULL
3531,02-2314,02-1183,02-1183,02-0174,02-0458,02-0003,0,saddam,"2023-11-01 00:00:00",No,0,,0,0,0,01-0001,NULL,NULL
3532,02-2316,02-1160,02-1160,02-0174,02-0458,02-0003,0,rasif,"2024-04-04 00:00:00",No,0,,0,0,0,01-0001,NULL,NULL
3533,02-2317,02-2362,02-2362,02-1626,02-0458,02-0003,0,saddam,"2023-09-10 00:00:00",No,0,,0,0,0,01-0001,NULL,NULL
3534,02-2318,02-0218,02-0218,02-0174,02-0458,02-0003,0,rasif,"2024-04-04 00:00:00",No,0,,0,0,0,01-0001,NULL,NULL
3535,02-2326,02-1420,02-1420,02-0820,02-0402,02-0003,0,abu.hashem,"2023-10-18 00:00:00",No,0,,0,0,0,01-0001,NULL,NULL
3536,02-2320,02-1010,02-1010,02-0174,02-0458,02-0003,0,abu.hashem,"2023-07-31 00:00:00",No,0,,0,0,0,01-0001,NULL,NULL
3537,02-2323,02-0218,02-0218,02-0174,02-0458,02-0003,0,rasif,"2024-04-03 00:00:00",No,0,,0,0,0,01-0001,NULL,NULL
3538,02-2324,02-1183,02-1183,02-0174,02-0458,02-0003,0,rasif,"2024-01-04 00:00:00",No,0,,0,0,0,01-0001,NULL,NULL
3539,02-2330,02-1420,02-1420,02-0820,02-0402,02-0003,0,rasif,"2024-01-09 00:00:00",No,0,,0,0,0,01-0001,NULL,NULL
3540,02-2325,02-0409,02-0174,02-0174,02-0458,02-0003,0,rasif,"2024-04-04 00:00:00",No,0,,0,0,0,01-0001,NULL,NULL
3541,02-2311,02-1010,02-0174,02-0174,02-0458,02-0003,0,rasif,"2024-04-04 00:00:00",No,0,,0,0,0,01-0001,NULL,NULL
3542,02-2336,02-0210,02-0210,02-0082,02-0323,02-0003,0,saddam,"2023-09-04 00:00:00",No,0,,0,0,0,01-0001,NULL,NULL
3543,02-2337,02-1608,02-0677,02-1409,02-0458,02-0003,0,rasif,"2024-05-28 00:00:00",No,0,,0,0,0,01-0001,NULL,NULL
3544,02-2338,02-1876,02-1876,02-0174,02-0458,02-0003,0,rasif,"2024-04-04 00:00:00",No,0,,0,0,0,01-0001,NULL,NULL
3545,02-2339,02-1876,02-1876,02-0174,02-0458,02-0003,0,saddam,"2024-04-04 00:00:00",No,0,,0,0,0,01-0001,NULL,NULL
3546,02-2346,02-0498,02-0498,02-0393,02-0994,02-0003,0,saddam,"2023-12-13 00:00:00",No,0,,0,0,0,01-0001,NULL,NULL
3547,02-2347,02-0892,02-0892,02-0393,02-0994,02-0003,0,saddam,"2023-09-01 00:00:00",No,0,,0,0,0,01-0001,NULL,NULL
3548,02-2349,02-1183,02-1183,02-0174,02-0458,02-0003,0,rasif,"2024-05-28 00:00:00",No,0,,0,0,0,01-0001,NULL,NULL
3549,02-2348,02-1838,02-1838,02-1838,02-0994,02-0003,0,rasif,"2024-01-08 00:00:00",No,5,,0,0,0,01-0001,NULL,NULL
3550,02-2351,02-0956,02-0677,02-1409,02-0458,02-0003,0,rasif,"2024-01-22 00:00:00",No,0,,0,0,0,01-0001,NULL,NULL
3551,02-2353,02-0218,02-0218,02-0174,02-0458,02-0003,0,saddam,"2024-04-04 00:00:00",No,0,,0,0,0,01-0001,NULL,NULL
3552,02-2354,02-0871,02-0871,02-1037,02-0323,01-0001,0,abu.hashem,"2023-08-28 00:00:00",No,0,,0,0,0,01-0001,NULL,NULL
3553,02-2357,02-1461,02-1461,02-0103,02-0458,02-0003,0,saddam,"2023-09-01 00:00:00",No,0,,0,0,0,01-0001,NULL,NULL
3554,02-2359,02-1010,02-0174,02-0174,02-0458,02-0003,0,saddam,"2024-04-04 00:00:00",No,0,,0,0,0,01-0001,NULL,NULL
3555,02-2360,02-0258,02-0258,02-1409,02-0458,02-0003,0,rasif,"2024-04-03 00:00:00",No,0,,0,0,0,01-0001,NULL,NULL
3556,02-2378,02-1420,02-1420,02-0820,02-0402,02-0003,0,rasif,"2024-06-13 00:00:00",No,0,,0,0,0,01-0001,NULL,NULL
3557,02-2370,02-0375,02-0375,02-1409,02-0458,02-0003,0,abu.hashem,"2023-09-18 00:00:00",No,0,,0,0,0,01-0001,NULL,NULL
3558,02-2381,02-2004,02-2004,02-2004,02-2004,02-0003,0,saddam,"2023-12-03 00:00:00",No,100,,0,0,0,01-0001,NULL,NULL
3559,02-2319,02-1876,02-1876,02-0174,02-0458,02-0003,0,rasif,"2024-04-30 00:00:00",No,0,,0,0,0,01-0001,NULL,NULL
3560,02-2392,02-2362,02-1109,02-0094,02-0094,02-0003,0,rasif,"2024-02-27 00:00:00",No,0,,0,0,0,01-0001,NULL,NULL
3561,02-2394,02-0871,02-0871,02-1037,02-0323,02-0003,0,rasif,"2023-12-19 00:00:00",No,0,,0,0,0,01-0001,NULL,NULL
3562,02-2384,02-0375,02-0375,02-1409,02-0458,02-0003,0,saddam,"2023-11-16 00:00:00",No,0,,0,0,0,01-0001,NULL,NULL
3563,02-2385,02-0375,02-0375,02-1409,02-0458,02-0003,0,rasif,"2024-07-04 00:00:00",No,0,,0,0,0,01-0001,NULL,NULL
3564,02-2391,02-1521,02-1521,02-0103,02-0458,02-0003,0,rasif,"2023-12-06 00:00:00",No,0,,0,0,0,01-0001,NULL,NULL
3565,02-2397,02-0166,02-0166,02-0166,02-0003,02-0003,0,saddam,"2024-02-29 00:00:00",No,0,,0,0,0,01-0001,NULL,NULL
3566,02-2395,02-0375,02-0375,02-1409,02-0458,02-0003,0,rasif,"2024-05-15 00:00:00",No,0,,0,0,0,01-0001,NULL,NULL
3567,02-2396,02-1527,02-1527,02-1409,02-0458,02-0003,0,rasif,"2024-06-06 00:00:00",No,0,,0,0,0,01-0001,NULL,NULL
3568,02-2387,02-1420,02-0820,02-0820,02-0402,02-0003,0,rasif,"2024-07-01 00:00:00",No,0,,0,0,0,01-0001,NULL,NULL
3569,02-2402,02-1136,02-1136,02-1409,02-0458,02-0003,0,saddam,"2024-04-16 00:00:00",No,0,,0,0,0,01-0001,NULL,NULL
3570,02-2404,02-1527,02-1527,02-2072,02-2442,02-0003,0,rasif,"2024-08-14 00:00:00",Yes,0,,0,0,1,01-0001,NULL,NULL
3571,02-2405,02-0375,02-0375,02-1409,02-0458,02-0003,0,saddam,"2024-02-05 00:00:00",No,0,,0,0,0,01-0001,NULL,NULL
3572,02-2418,02-1521,02-1521,02-1626,02-0458,02-0003,0,rasif,"2024-06-13 00:00:00",No,0,,0,0,0,01-0001,NULL,NULL
3573,02-2417,02-0218,02-0218,02-0174,02-0458,02-0003,0,rasif,"2024-07-02 00:00:00",No,0,,0,0,0,01-0001,NULL,NULL
3574,02-2421,02-2442,02-2442,02-1626,02-0458,02-0003,0,rasif,"2024-07-03 00:00:00",No,0,,0,0,0,01-0001,NULL,NULL
3575,02-2416,02-0920,02-1160,02-0174,02-0458,02-0003,0,rasif,"2024-02-01 00:00:00",No,0,,0,0,1,01-0001,NULL,NULL
3576,02-2427,02-1109,02-1109,02-0103,02-0458,02-0003,0,rasif,"2024-02-01 00:00:00",No,0,,0,0,0,01-0001,NULL,NULL
3577,02-2438,02-0247,02-0247,02-0103,02-0458,02-0003,0,saddam,"2024-03-05 00:00:00",No,0,,0,0,0,01-0001,NULL,NULL
3578,02-2446,02-0258,02-0258,02-1409,02-0146,02-0003,0,saddam,"2024-02-20 00:00:00",No,0,,0,0,0,01-0001,NULL,NULL
3579,02-2450,02-1010,02-1010,02-0174,02-0458,02-0003,0,saddam,"2024-04-15 00:00:00",No,0,,0,0,0,01-0001,NULL,NULL
3580,02-2462,02-1626,02-1626,02-1626,02-1454,02-0003,0,rasif,"2024-07-01 00:00:00",No,0,,0,0,0,01-0001,NULL,NULL
3581,02-2463,02-2469,02-2469,02-1409,02-0458,02-0003,0,rasif,"2024-06-10 00:00:00",No,0,,0,0,0,01-0001,NULL,NULL
3582,02-2482,02-0258,02-0258,02-1409,02-0458,02-0003,0,rasif,"2024-04-30 00:00:00",No,0,,0,0,0,,NULL,NULL
3583,02-2484,02-0247,02-0247,02-0103,02-0458,02-0003,0,rasif,"2024-07-02 00:00:00",No,0,,0,0,0,,NULL,NULL
3584,02-2493,02-1521,02-1521,02-1626,02-0458,02-0003,0,saddam,"2024-05-02 00:00:00",No,0,,0,0,0,,NULL,NULL
3585,02-2524,02-0375,02-0375,02-1409,02-0458,02-0003,0,rasif,"2024-07-31 00:00:00",No,0,,0,0,0,,NULL,NULL
3586,02-2560,02-0107,02-0107,02-0651,02-0651,02-0003,0,rasif,"2024-08-22 00:00:00",Yes,0,,0,0,0,,NULL,NULL
3587,02-2601,02-1454,02-1454,02-1454,02-1454,02-0003,0,rasif,"2024-12-01 00:00:00",Yes,5,,1,1,1,,NULL,NULL
3588,02-2612,02-1517,02-1517,02-1517,02-0009,02-0003,0,rasif,"2024-12-01 00:00:00",Yes,0,,1,1,1,,NULL,NULL
3589,02-2613,02-0498,02-0498,02-0393,02-0994,02-0003,0,rasif,"2024-12-01 00:00:00",Yes,0,,0,0,0,,NULL,NULL
3590,02-2615,02-2652,02-2652,02-1801,02-1998,02-0003,0,rasif,"2024-12-01 00:00:00",Yes,0,,0,0,0,,NULL,NULL
3591,02-2614,02-0095,02-0095,02-1409,02-1409,02-0003,0,rasif,"2024-12-03 00:00:00",Yes,0,,1,1,1,,NULL,NULL
3592,02-2618,02-0323,02-0323,02-0323,02-2332,02-0003,0,rasif,"2024-12-08 00:00:00",Yes,100,,1,1,1,,NULL,NULL
3593,02-2616,02-0627,02-0627,02-1876,02-0458,02-0003,0,rasif,"2024-12-08 00:00:00",Yes,0,,1,1,1,,NULL,NULL
3594,02-2617,02-1298,02-0247,02-0174,02-0458,02-0003,0,rasif,"2024-12-10 00:00:00",Yes,0,,0,0,1,,NULL,NULL
3595,02-2619,02-0693,02-1409,02-1409,02-1409,02-0003,0,saddam,"2025-01-29 00:00:00",Yes,0,,0,0,1,,,NULL
3596,02-2620,02-1996,02-1996,02-1996,02-1606,02-0003,0,rasif,"2025-01-22 00:00:00",Yes,0,,0,0,1,,,NULL
3597,02-2621,02-0359,02-0757,02-0757,02-0458,02-0003,0,saddam,"2025-01-23 00:00:00",Yes,0,,1,1,1,,,NULL
3598,02-2622,02-0411,02-0073,02-0757,02-0458,02-0003,0,rasif,"2025-01-21 00:00:00",Yes,0,,1,1,1,,,NULL
3599,02-2623,02-2179,02-1019,02-1876,02-0458,02-0003,0,rasif,"2025-01-28 00:00:00",Yes,0,,1,1,1,,,NULL
3600,02-2624,02-0585,02-0585,02-1409,02-0458,02-0003,0,rasif,"2025-01-21 00:00:00",Yes,0,,1,1,1,,,NULL
3601,02-2625,02-2638,02-2638,02-2332,02-2332,02-0003,0,rasif,"2025-01-15 00:00:00",Yes,0,,1,1,1,,,NULL
3602,02-2626,02-2488,02-2488,02-0103,02-0458,02-0003,0,rasif,"2025-01-21 00:00:00",Yes,0,,1,1,1,,,NULL
3603,02-2627,02-0693,02-0693,02-1409,02-0458,02-0003,0,rasif,"2025-01-21 00:00:00",Yes,0,,0,0,1,,,NULL
3604,02-2629,02-1064,02-1064,02-1876,02-0458,02-0003,0,rasif,"2025-01-27 00:00:00",Yes,0,,1,1,1,,,NULL
3605,02-2628,02-1064,02-1064,02-1876,02-0458,02-0003,0,rasif,"2025-01-27 00:00:00",Yes,0,,1,1,1,,,NULL
3606,02-2630,02-0627,02-0627,02-1876,02-0458,02-0003,0,rasif,"2025-01-27 00:00:00",Yes,0,,1,1,1,,,NULL
3607,02-2631,02-0854,02-0854,02-1480,02-1320,02-0003,0,rasif,"2025-01-27 00:00:00",Yes,0,,1,1,1,,,NULL
3608,02-2632,02-2574,02-2574,02-2574,02-0407,02-0003,0,rasif,"2025-01-26 00:00:00",Yes,0,,1,1,1,,,NULL
3609,02-2633,02-1064,02-1064,02-1876,02-0458,02-0003,0,rasif,"2025-01-27 00:00:00",Yes,0,,1,1,1,,,NULL
3610,02-2634,02-1147,02-1147,02-1147,02-1147,02-0003,0,rasif,"2025-02-02 00:00:00",Yes,0,,1,1,1,,,NULL
3611,02-2635,02-1147,02-1147,02-1147,02-1147,02-0003,0,rasif,"2025-02-02 00:00:00",Yes,0,,1,1,1,,,NULL
3612,02-2636,02-1612,02-1182,02-1409,02-0458,02-0003,0,rasif,"2025-02-02 00:00:00",Yes,0,,0,0,1,,,NULL
3613,02-2637,02-2588,02-2588,02-2588,02-2588,01-0001,0,rasif,"2025-02-02 00:00:00",Yes,0,,1,1,1,,,NULL
3614,02-2639,02-0074,02-0074,02-0086,02-0458,02-0003,0,rasif,"2025-02-06 00:00:00",Yes,0,,1,1,1,,No,NULL
3615,02-2640,02-2657,02-2657,02-2657,02-2657,02-0003,0,rasif,"2025-02-09 00:00:00",Yes,5,,1,1,1,,No,NULL
3616,02-2638,02-2332,02-2332,02-2332,02-2332,02-0003,0,rasif,"2025-02-10 00:00:00",Yes,5,,1,1,1,,No,NULL
3617,02-2645,02-1080,02-1080,02-0082,02-1320,02-0003,0,rasif,"2025-02-16 00:00:00",Yes,0,,1,1,1,,,NULL
3618,02-2644,02-0309,02-0309,02-0309,02-0458,02-0003,0,rasif,"2025-02-16 00:00:00",Yes,0,,1,1,1,,,NULL
3619,02-2642,02-1064,02-1064,02-1876,02-0458,02-0003,0,rasif,"2025-02-16 00:00:00",Yes,0,,1,1,1,,,NULL
3620,02-2641,02-1064,02-1064,02-1876,02-0458,02-0003,0,rasif,"2025-02-16 00:00:00",Yes,0,,1,1,1,,,NULL
3621,02-2643,02-0854,02-0854,02-1480,02-0458,02-0003,0,rasif,"2025-02-16 00:00:00",Yes,0,,1,1,1,,,NULL
3622,02-2651,02-2556,02-2556,02-1801,02-1998,02-0003,0,rasif,"2025-02-20 00:00:00",Yes,0,,1,1,0,,,NULL
3623,02-2647,02-0181,02-0181,02-1409,02-0458,02-0003,0,rasif,"2025-02-23 00:00:00",Yes,0,,0,0,1,,,NULL
3624,02-2646,02-1147,02-1147,02-1147,02-1147,02-0003,0,rasif,"2025-02-23 00:00:00",Yes,0,,1,1,1,,,NULL
3625,02-2648,02-1527,02-1136,02-0174,02-0458,02-0003,0,rasif,"2025-02-23 00:00:00",Yes,0,,0,0,1,,,NULL
3626,02-2652,02-1801,02-1801,02-1801,02-1998,02-0003,0,rasif,"2025-03-02 00:00:00",Yes,5,,1,1,1,,,NULL
3627,02-2649,02-2075,02-2075,02-2830,02-0407,02-0003,0,rasif,"2025-03-02 00:00:00",Yes,0,,1,1,1,,,NULL
3628,02-2653,02-1037,02-1037,02-1320,02-0458,02-0003,0,rasif,"2025-03-02 00:00:00",Yes,5,,1,1,1,,,NULL
3629,02-2650,02-0119,02-0119,02-0309,02-0458,02-0003,0,rasif,"2025-03-09 00:00:00",Yes,0,,0,0,1,,,NULL
3630,02-2654,02-2449,02-2449,02-2574,02-0407,02-0003,0,rasif,"2025-03-09 00:00:00",Yes,0,,1,1,1,,,NULL
3631,02-2655,02-0437,02-0437,02-0437,02-2004,02-0003,0,rasif,"2025-03-23 00:00:00",Yes,0,,1,1,1,,No,NULL
3632,02-2656,02-0330,02-0330,02-1876,02-0458,02-0003,0,rasif,"2025-03-23 00:00:00",Yes,0,,1,1,1,,No,NULL
3633,02-2658,02-2365,02-0074,02-0086,02-0458,02-0003,0,rasif,"2025-04-08 00:00:00",Yes,0,,1,1,1,,No,NULL
3634,02-2659,02-1109,02-1109,02-0094,02-0094,02-0003,0,rasif,"2025-04-08 00:00:00",Yes,0,,1,1,1,,No,NULL
3635,02-2666,02-0951,02-0951,02-0651,02-0402,02-0003,0,rasif,"2025-04-15 00:00:00",Yes,0,,0,0,1,,No,NULL
3636,02-2665,02-1136,02-1136,02-0174,02-0458,02-0003,0,rasif,"2025-04-15 00:00:00",Yes,0,,0,0,1,,No,NULL
3637,02-2664,02-1109,02-1109,02-0094,02-0094,02-0003,0,rasif,"2025-04-15 00:00:00",Yes,0,,0,0,1,,No,NULL
3638,02-2663,02-0166,02-0166,02-0166,02-0003,02-0003,0,rasif,"2025-04-15 00:00:00",Yes,0,,1,1,1,,No,NULL
3639,02-2661,02-0693,02-0693,02-0146,02-0458,02-0003,0,rasif,"2025-04-15 00:00:00",Yes,0,,0,0,1,,No,NULL
3640,02-2662,02-1136,02-1136,02-0174,02-0458,02-0003,0,rasif,"2025-04-20 00:00:00",Yes,0,,0,0,1,,No,NULL
3641,02-2667,02-1147,02-1147,02-1147,02-1147,02-0003,0,rasif,"2025-04-20 00:00:00",Yes,0,,1,1,1,,No,NULL
3642,02-2668,02-1420,02-1420,02-2457,02-0402,02-0003,0,rasif,"2025-04-22 00:00:00",Yes,0,,0,0,1,,No,NULL
3644,02-2670,02-0080,02-0080,02-0094,02-0094,02-0003,0,rasif,"2025-04-27 00:00:00",Yes,0,,0,0,1,,Yes,NULL
3645,02-2671,02-1526,02-1823,02-0146,02-1320,02-0003,0,rasif,"2025-04-27 00:00:00",Yes,0,,0,0,1,,Yes,NULL
3646,02-2672,02-1136,02-1136,02-0174,02-0458,02-0003,0,rasif,"2025-04-27 00:00:00",Yes,0,,0,0,1,,Yes,NULL
3647,02-2673,02-2179,02-1019,02-1876,02-0458,02-0003,0,rasif,"2025-05-04 00:00:00",Yes,0,,1,1,1,,No,NULL
3648,02-2669,02-1174,02-1174,02-1876,02-0458,02-0003,0,rasif,"2025-05-04 00:00:00",Yes,0,,1,1,1,,Yes,NULL
3649,02-2675,02-1797,02-1797,02-2424,02-2332,02-0003,0,rasif,"2025-05-13 00:00:00",Yes,0,,1,1,1,,No,NULL
3650,02-2674,02-0323,02-0323,02-0323,02-0323,02-0003,0,rasif,"2025-05-13 00:00:00",Yes,100,,1,1,1,,Yes,NULL
3651,02-2678,02-2365,02-0074,02-0086,02-0458,02-0003,0,rasif,"2025-05-18 00:00:00",Yes,0,,1,1,1,,Yes,NULL
3652,02-2677,02-2179,02-1019,02-1876,02-0458,02-0003,0,rasif,"2025-05-18 00:00:00",Yes,0,,1,1,1,,No,NULL
3653,02-2676,02-2141,02-2141,02-0086,02-0458,02-0003,0,rasif,"2025-05-18 00:00:00",Yes,0,,1,1,1,,No,NULL
3654,02-2679,02-2442,02-2442,02-1409,02-0458,02-0003,0,himi,"2025-05-22 00:00:00",Yes,0,,1,1,1,,Yes,NULL
3655,02-2680,02-1183,02-1183,02-0103,02-0458,02-0003,0,himi,"2025-05-22 00:00:00",Yes,0,,0,1,1,,Yes,NULL
3656,02-2681,02-1160,02-1160,02-0103,02-0458,02-0003,0,himi,"2025-05-22 00:00:00",Yes,0,,0,1,1,,Yes,NULL
3657,02-2682,02-1560,02-1560,02-0757,02-1320,02-0003,0,himi,"2025-05-22 00:00:00",Yes,0,,1,1,1,,Yes,NULL
3658,02-2683,02-0210,02-0757,02-0757,02-1320,02-0003,0,himi,"2025-05-22 00:00:00",Yes,0,,1,1,1,,Yes,NULL
3659,02-2657,02-0003,02-0003,02-0003,02-0003,02-0003,0,rasif,"2025-05-25 00:00:00",Yes,100,,1,1,1,,Yes,NULL
3660,02-2685,02-2488,02-2488,02-0174,02-0458,02-0003,0,rasif,"2025-05-25 00:00:00",Yes,0,,1,1,1,,Yes,NULL
3661,02-2686,02-1136,02-1136,02-0174,02-0458,02-0003,0,rasif,"2025-05-25 00:00:00",Yes,0,,1,1,1,,Yes,NULL
3662,02-2688,02-0481,02-0481,02-1480,02-0458,02-0003,0,rasif,"2025-06-01 00:00:00",Yes,0,,1,1,1,,No,NULL
3663,02-2687,02-1420,02-1420,02-2457,02-0402,02-0003,0,rasif,"2025-06-01 00:00:00",Yes,0,,0,0,0,,Yes,NULL
3664,02-2690,02-1019,02-1019,02-1876,02-0458,02-0003,0,rasif,"2025-06-17 00:00:00",Yes,5,,1,1,1,,Yes,NULL
3665,02-2684,02-0003,02-0003,02-0003,02-0003,02-0003,0,rasif,"2025-06-18 00:00:00",Yes,100,,0,0,1,,Yes,NULL
3666,02-2691,02-1420,02-1420,02-1723,02-0402,02-0003,0,rasif,"2025-06-22 00:00:00",Yes,0,,0,0,0,,No,NULL
3667,02-2692,02-1023,02-1023,02-1480,02-1320,02-0003,0,rasif,"2025-06-24 00:00:00",Yes,0,,1,1,1,,Yes,NULL
3668,02-2689,02-2365,02-0074,02-0086,02-0458,02-0003,0,rasif,"2025-07-01 00:00:00",Yes,0,,1,1,1,,Yes,NULL
3669,02-2693,02-2555,02-2836,02-1838,02-2332,02-0003,0,rasif,"2025-07-01 00:00:00",Yes,0,,1,1,1,,Yes,NULL
3670,02-2696,02-1109,02-1109,02-0094,02-0094,02-0003,0,rasif,"2025-07-08 00:00:00",Yes,0,,0,0,1,,Yes,NULL
3671,02-2697,02-0879,02-0879,02-0651,02-0402,02-0003,0,rasif,"2025-07-08 00:00:00",Yes,0,,0,0,1,,Yes,NULL
3672,02-2695,02-0119,02-0119,02-0082,02-0458,02-0003,0,rasif,"2025-07-08 00:00:00",Yes,0,,0,0,1,,Yes,NULL
3673,02-2699,02-2618,02-2618,02-0323,02-0323,02-0003,0,rasif,"2025-07-08 00:00:00",Yes,0,,1,1,1,,Yes,NULL
3674,02-2700,02-2618,02-2618,02-0323,02-0323,02-0003,0,rasif,"2025-07-08 00:00:00",Yes,0,,1,1,1,,Yes,NULL
3675,02-2694,02-2056,02-2056,02-2588,02-2588,01-0001,0,rasif,"2025-07-08 00:00:00",Yes,0,,1,1,1,,Yes,NULL
3676,02-2701,02-2618,02-2618,02-0323,02-0323,02-0003,0,rasif,"2025-07-08 00:00:00",Yes,0,,1,1,1,,Yes,NULL
3677,02-2698,02-2618,02-2618,02-0323,02-0323,02-0003,0,rasif,"2025-07-08 00:00:00",Yes,0,,1,1,1,,Yes,NULL
3678,02-2702,02-0970,02-0970,02-0996,02-0458,02-0003,0,rasif,"2025-07-13 00:00:00",Yes,0,,1,1,1,,No,NULL
3679,02-2703,02-1174,02-1174,02-1876,02-0458,02-0003,0,rasif,"2025-07-15 00:00:00",Yes,0,,1,1,1,,Yes,NULL
3680,02-2704,02-2556,02-2556,02-1801,02-1998,02-0003,0,rasif,"2025-07-20 00:00:00",Yes,0,,1,1,0,,Yes,NULL
3681,02-2705,02-0046,02-1019,02-1876,02-0458,02-0003,0,rasif,"2025-07-20 00:00:00",Yes,0,,1,1,1,,No,NULL
3682,02-50000,02-50006,02-50002,02-50003,02-50010,02-50010,0,anwar.bhuiyan,"2025-07-28 00:00:00",Yes,0,,0,0,1,,Yes,NULL
3683,02-2718,02-1517,02-1517,02-0009,02-0009,02-0003,0,rasif,"2025-08-03 00:00:00",Yes,5,,1,1,1,,No,NULL
3684,02-2710,02-1556,02-0073,02-0757,02-0458,02-0003,0,rasif,"2025-08-03 00:00:00",Yes,0,,1,1,1,,No,NULL
3685,02-2706,02-0407,02-0407,02-0407,02-0407,02-0003,0,rasif,"2025-08-03 00:00:00",Yes,100,,1,1,1,,No,NULL
3686,02-2717,02-1064,02-1064,02-1876,02-0458,02-0003,0,rasif,"2025-08-03 00:00:00",Yes,0,,1,1,1,,No,NULL
3687,02-2712,02-1174,02-1174,02-1876,02-0458,02-0003,0,rasif,"2025-08-03 00:00:00",Yes,0,,1,1,1,,No,NULL
3688,02-2709,02-0119,02-0119,02-0309,02-0458,02-0003,0,rasif,"2025-08-03 00:00:00",Yes,0,,0,0,1,,No,NULL
3689,02-2708,02-1420,02-1420,02-0820,02-0402,02-0003,0,rasif,"2025-08-03 00:00:00",Yes,0,,0,0,0,,,NULL
3690,02-2711,02-0119,02-0119,02-0082,02-0458,02-0003,0,rasif,"2025-08-03 00:00:00",Yes,0,,0,0,1,,No,NULL
3691,02-2714,02-1605,02-0677,02-0174,02-0458,02-0003,0,rasif,"2025-08-04 00:00:00",Yes,0,,0,0,1,,No,NULL
3692,02-2719,02-1663,02-1663,02-1801,02-1998,02-0003,0,rasif,"2025-08-04 00:00:00",Yes,0,,1,1,1,,No,NULL
3693,02-2707,02-2618,02-2618,02-2618,02-0323,02-0003,0,rasif,"2025-08-04 00:00:00",Yes,0,,1,1,1,,No,NULL
3694,02-2715,02-0956,02-0956,02-1409,02-0458,02-0003,0,mumu,"2025-08-04 00:00:00",Yes,0,,0,0,1,,No,NULL
3696,02-2716,02-2531,02-2531,02-0174,02-0458,02-0003,0,rasif,"2025-08-04 00:00:00",Yes,0,,0,0,1,,No,NULL
3697,02-2713,02-1605,02-1605,02-0103,02-0458,02-0003,0,rasif,"2025-08-12 00:00:00",Yes,0,,0,0,1,,No,NULL
3698,02-2720,02-2618,02-2618,02-2618,02-0323,02-0003,0,rasif,"2025-08-14 00:00:00",Yes,0,,1,1,1,,No,NULL
3699,02-2721,02-2618,02-2618,02-0323,02-0323,02-0003,0,rasif,"2025-08-19 00:00:00",Yes,5,,1,1,1,,No,NULL
3700,02-2722,02-1463,02-0247,02-0174,02-0458,02-0003,0,saddam,"2025-08-19 00:00:00",Yes,0,,0,0,1,,No,NULL
3701,02-2723,02-2052,02-0103,02-0103,02-0458,02-0003,0,saddam,"2025-08-24 00:00:00",No,0,,0,0,0,,No,NULL
3702,02-2724,02-2488,02-0174,02-0174,02-0458,02-0003,0,saddam,"2025-08-24 00:00:00",Yes,0,,0,0,1,,No,NULL
3703,02-2725,01-0001,01-0001,01-0001,01-0001,01-0001,0,mafuza,"2025-09-01 00:00:00",Yes,100,,1,1,1,,Yes,NULL
3704,02-2726,02-2531,02-0247,02-0174,02-0458,02-0003,0,mafuza,"2025-09-02 00:00:00",Yes,0,,0,1,1,,No,NULL
3705,02-2729,02-0119,02-0119,02-0309,02-0458,02-0003,0,mafuza,"2025-09-07 00:00:00",Yes,0,,0,1,1,,Yes,NULL
3706,02-2731,02-1420,02-1420,02-2457,02-0402,02-0003,0,mafuza,"2025-09-09 00:00:00",Yes,0,,0,1,0,,No,NULL
3707,02-2732,02-2580,02-1109,02-0094,02-0094,02-0003,0,mafuza,"2025-09-14 00:00:00",Yes,0,,0,0,1,,No,NULL
3708,02-2733,02-1560,02-1560,02-0757,02-0458,02-0003,0,mafuza,"2025-09-14 00:00:00",Yes,0,,1,1,1,,No,NULL
3709,02-2734,02-1556,02-0073,02-0757,02-0458,02-0003,0,mafuza,"2025-09-14 00:00:00",Yes,0,,1,1,1,,No,NULL
3710,02-2735,02-0094,02-0094,02-0094,02-0094,02-0003,0,mafuza,"2025-09-14 00:00:00",Yes,0,,1,1,1,,No,NULL
3711,02-2737,02-0677,02-0677,02-0174,02-1320,02-0003,0,mafuza,"2025-09-16 00:00:00",Yes,0,,0,1,1,,No,NULL
3712,02-2730,02-1064,02-1064,02-1876,02-0458,02-0003,0,mafuza,"2025-09-16 00:00:00",Yes,0,,1,1,1,,No,NULL
3713,02-2736,02-0693,02-0693,02-1409,02-0458,02-0003,0,mafuza,"2025-09-16 00:00:00",Yes,0,,0,1,1,,No,NULL
3714,02-2728,02-2727,02-2727,02-2727,02-2727,02-0003,0,tauhidul,"2025-09-23 00:00:00",Yes,100,,1,1,1,,No,NULL
3715,02-2738,02-2556,02-2556,02-1801,02-1998,02-0003,0,rasif,"2025-10-05 00:00:00",Yes,0,,1,1,0,,No,NULL
3716,02-2740,02-0756,02-0756,02-1037,02-1037,02-0003,0,rasif,"2025-10-05 00:00:00",Yes,0,,0,0,1,,No,NULL
3717,02-2739,02-1265,02-1265,02-1409,02-0458,02-0003,0,rasif,"2025-10-05 00:00:00",Yes,0,,1,1,1,,No,NULL
3718,02-2741,02-2652,02-2652,02-1801,02-1998,02-0003,0,rasif,"2025-10-05 00:00:00",Yes,0,,1,1,0,,No,NULL
3719,02-2742,02-1517,02-1517,02-1517,02-0009,02-0003,0,saddam,"2025-10-07 00:00:00",Yes,5,,1,1,1,,No,NULL
3720,02-2747,02-2640,02-2640,02-2657,02-2657,02-0003,0,mafuza,"2025-10-12 00:00:00",Yes,0,,1,1,1,,No,NULL
3721,02-2746,02-1556,02-0073,02-0757,02-0458,02-0003,0,mafuza,"2025-10-12 00:00:00",Yes,0,,1,1,1,,No,NULL
3722,02-2745,02-2588,02-2588,02-2588,02-2588,02-0003,0,mafuza,"2025-10-12 00:00:00",Yes,0,,1,1,1,,No,NULL
3723,02-2743,02-0245,02-0245,02-1801,02-1998,02-0003,0,mafuza,"2025-10-12 00:00:00",Yes,0,,1,1,1,,No,NULL
3724,02-2744,02-1420,02-1420,02-0820,02-0402,02-0003,0,mafuza,"2025-10-12 00:00:00",Yes,0,,1,1,1,,No,NULL
3725,02-2748,02-2824,02-2824,02-2657,02-2657,02-0003,0,mafuza,"2025-10-12 00:00:00",Yes,0,,1,1,1,,No,NULL
3726,02-2749,02-2618,02-2618,02-0323,02-2332,02-0003,0,mafuza,"2025-10-19 00:00:00",Yes,0,,1,1,1,,No,NULL
3727,02-2752,02-0189,02-0189,02-1409,02-0458,02-0003,0,mafuza,"2025-10-19 00:00:00",Yes,0,,1,1,1,,No,NULL
3728,02-2751,02-0825,02-0825,02-0103,02-0458,02-0003,0,mafuza,"2025-10-21 00:00:00",Yes,0,,0,0,1,,No,NULL
3729,02-2753,02-1136,02-1136,02-0174,02-0458,02-0003,0,mafuza,"2025-10-26 00:00:00",Yes,0,,1,1,1,,No,NULL
3730,02-2750,02-0693,02-0693,02-1409,02-0458,02-0003,0,mafuza,"2025-11-02 00:00:00",Yes,0,,0,1,1,,No,NULL
3731,02-2754,02-2588,02-2588,02-2588,02-2588,02-0003,0,mafuza,"2025-11-12 00:00:00",Yes,0,,1,1,1,,No,NULL
3732,02-2755,02-1526,02-1526,02-1409,02-0146,02-0003,0,mafuza,"2025-11-12 00:00:00",Yes,0,,0,0,1,,No,NULL
3733,02-2756,02-2728,02-2728,02-2727,02-2727,02-0003,0,mafuza,"2025-11-16 00:00:00",Yes,5,,1,1,1,,No,NULL
3734,02-2757,02-2756,02-2756,02-2728,02-2727,02-0003,0,mafuza,"2025-11-16 00:00:00",Yes,5,,1,1,1,,No,NULL
3735,02-2758,02-2756,02-2756,02-2728,02-2727,02-0003,0,mafuza,"2025-11-16 00:00:00",Yes,5,,1,1,1,,No,NULL
3736,02-2759,02-2728,02-2728,02-2727,02-2727,02-0003,0,mafuza,"2025-11-16 00:00:00",Yes,5,,1,1,1,,No,NULL
3737,02-2760,02-2759,02-2759,02-2728,02-2727,02-0003,0,mafuza,"2025-11-16 00:00:00",Yes,0,,1,1,0,,No,NULL
3738,02-2761,02-2765,02-2765,02-2728,02-2727,02-0003,0,mafuza,"2025-11-17 00:00:00",Yes,0,,1,1,1,,No,NULL
3739,02-2762,02-2759,02-2759,02-2728,02-2727,02-0003,0,mafuza,"2025-11-17 00:00:00",Yes,0,,1,1,1,,No,NULL
3740,02-2763,02-2764,02-2764,02-2728,02-2727,02-0003,0,mafuza,"2025-11-17 00:00:00",Yes,0,,1,1,1,,No,NULL
3741,02-2764,02-2728,02-2728,02-2728,02-2727,02-0003,0,mafuza,"2025-11-17 00:00:00",Yes,0,,1,1,1,,No,NULL
3742,02-2765,02-2728,02-2728,02-2727,02-2727,02-0003,0,mafuza,"2025-11-17 00:00:00",Yes,5,,1,1,1,,No,NULL
3743,02-2766,02-2768,02-2768,02-2728,02-2727,02-0003,0,mafuza,"2025-11-17 00:00:00",Yes,0,,1,1,1,,No,NULL
3744,02-2767,02-2728,02-2728,02-2727,02-2727,02-0003,0,mafuza,"2025-11-17 00:00:00",Yes,5,,1,1,1,,No,NULL
3745,02-2768,02-2728,02-2728,02-2727,02-2727,02-0003,0,mafuza,"2025-11-17 00:00:00",Yes,5,,1,1,1,,No,NULL
3746,02-2769,02-2424,02-2424,02-2332,02-2332,02-0003,0,mafuza,"2025-11-18 00:00:00",Yes,5,,1,1,1,,No,NULL
3747,02-2770,02-2141,02-2141,02-0086,02-0458,02-0003,0,mafuza,"2025-11-23 00:00:00",Yes,0,,1,1,1,,No,NULL
3748,02-2771,02-0245,02-0245,02-1801,02-1998,02-0003,0,mafuza,"2025-11-23 00:00:00",Yes,0,,1,1,1,,No,NULL
3749,02-2727,02-0003,02-0003,02-0003,02-0003,02-0003,0,mafuza,"2025-11-30 00:00:00",Yes,100,,1,1,1,,No,NULL
3750,02-2774,02-0693,02-0693,02-1409,02-0458,02-0003,0,mafuza,"2025-12-02 00:00:00",Yes,0,,0,0,1,,No,NULL
3751,02-2772,02-0951,02-0951,02-0651,02-0402,02-0003,0,mafuza,"2025-12-02 00:00:00",Yes,0,,0,0,1,,No,NULL
3752,02-2773,02-0464,02-0464,02-1409,02-0458,02-0003,0,mafuza,"2025-12-02 00:00:00",Yes,0,,0,0,1,,No,NULL
3753,02-2775,02-2430,02-2430,02-0009,02-0009,02-0003,0,mafuza,"2025-12-03 00:00:00",Yes,5,,1,1,1,,No,NULL
3754,02-2776,02-1109,02-1109,02-0094,02-0094,02-0003,0,mafuza,"2025-12-14 00:00:00",Yes,0,,0,0,1,,No,NULL
3755,02-2777,02-1193,02-1193,02-0677,02-0174,02-0003,0,mafuza,"2025-12-21 00:00:00",Yes,0,,0,0,1,,No,NULL
3756,02-2778,02-1420,02-1420,02-2457,02-0402,02-0003,0,mafuza,"2025-12-21 00:00:00",Yes,0,,0,0,1,,No,NULL
3757,02-2779,02-1420,02-1420,02-2457,02-0402,02-0003,0,mafuza,"2025-12-28 00:00:00",Yes,0,,0,0,1,,No,NULL
3758,02-2780,02-2365,02-0074,02-0086,02-0458,02-0003,0,mafuza,"2026-01-04 00:00:00",Yes,0,,1,1,1,,No,NULL
3759,02-2781,02-0208,02-0208,02-1876,02-1320,02-0003,0,mafuza,"2026-01-04 00:00:00",Yes,0,,1,1,1,,No,NULL
3760,02-2782,02-0651,02-0651,02-0402,02-0402,02-0003,0,mafuza,"2026-01-04 00:00:00",Yes,0,,0,0,1,,No,NULL
3761,02-2784,02-1064,02-1064,02-1876,02-0458,02-0003,0,mafuza,"2026-01-04 00:00:00",Yes,0,,1,1,1,,No,NULL
3762,02-2785,02-0309,02-0309,02-0309,02-0458,02-0003,0,mafuza,"2026-01-04 00:00:00",Yes,0,,1,1,1,,No,NULL
3763,02-2786,02-2769,02-2769,02-2424,02-2332,02-0003,0,mafuza,"2026-01-04 00:00:00",Yes,0,,1,1,1,,No,NULL
3764,02-2783,02-2652,02-2652,02-1801,02-1998,02-0003,0,mafuza,"2026-01-05 00:00:00",Yes,0,,1,1,1,,No,NULL
3765,02-2788,02-2618,02-2618,02-0323,02-2332,02-0003,0,mafuza,"2026-01-11 00:00:00",Yes,5,,1,1,1,,No,NULL
3766,02-2789,02-1109,02-1109,02-0094,02-0094,02-0003,0,mafuza,"2026-01-18 00:00:00",Yes,0,,0,1,1,,Yes,NULL
3767,02-2790,02-1265,02-1265,02-1409,02-0458,02-0003,0,mafuza,"2026-01-18 00:00:00",Yes,0,,0,0,1,,No,NULL
3768,02-2791,02-1109,02-1109,02-0094,02-0094,02-0003,0,mafuza,"2026-01-20 00:00:00",Yes,0,,1,0,1,,No,NULL
3769,02-2794,02-2179,02-1019,02-1876,02-0458,02-0003,0,mafuza,"2026-01-25 00:00:00",Yes,0,,1,1,1,,No,NULL
3770,02-2792,02-0258,02-0258,02-1409,02-1409,02-0003,0,mafuza,"2026-01-25 00:00:00",Yes,0,,0,0,1,,No,NULL
3771,02-2793,02-0258,02-0258,02-1409,02-1409,02-0003,0,mafuza,"2026-01-25 00:00:00",Yes,0,,0,0,1,,No,NULL
3772,02-2795,02-2618,02-2618,02-0323,02-0323,02-0003,0,mafuza,"2026-02-01 00:00:00",Yes,5,,1,1,1,,No,NULL
3773,02-2796,02-0627,02-0854,02-1876,02-0458,02-0003,0,mafuza,"2026-02-01 00:00:00",Yes,0,,1,1,1,,No,NULL
3774,02-2798,02-2566,02-2566,02-2566,02-1454,02-0003,0,mafuza,"2026-02-01 00:00:00",Yes,0,,1,1,1,,No,NULL
3775,02-2799,02-0901,02-0901,02-2488,02-0174,02-0003,0,mafuza,"2026-02-01 00:00:00",Yes,0,,0,0,1,,No,NULL
3776,02-2800,02-1109,02-1109,02-0094,02-0094,02-0003,0,mafuza,"2026-02-01 00:00:00",Yes,0,,0,0,1,,No,NULL
3777,02-2801,02-0407,02-0407,02-0407,02-0407,02-0003,0,mahmudul.hasan,"2026-02-05 00:00:00",Yes,5,,1,1,1,,No,NULL
3778,02-2806,02-0800,02-0800,02-0800,02-1606,02-0003,0,mafuza,"2026-02-08 00:00:00",Yes,0,,1,1,1,,No,NULL
3779,02-2804,02-1266,02-1266,02-1037,02-1320,02-0003,0,mafuza,"2026-02-08 00:00:00",Yes,0,,0,0,1,,No,NULL
3780,02-2802,02-2424,02-2424,02-2332,02-2332,02-0003,0,mafuza,"2026-02-08 00:00:00",Yes,5,,1,1,1,,No,NULL
3781,02-2803,02-0481,02-0481,02-1480,02-1320,02-0003,0,mafuza,"2026-02-08 00:00:00",Yes,0,,1,1,1,,No,NULL
3782,02-2805,02-0693,02-0693,02-1409,02-1409,02-0003,0,mafuza,"2026-02-10 00:00:00",Yes,0,,0,0,1,,No,NULL
3783,02-2807,02-2835,02-2835,02-2835,02-1606,02-0003,0,saddam,"2026-02-15 00:00:00",Yes,0,,1,1,1,,No,NULL
3784,02-2809,02-0677,02-0677,02-0174,02-1409,02-0003,0,mafuza,"2026-02-17 00:00:00",Yes,0,,0,0,1,,No,NULL
3785,02-2808,02-1838,02-1838,02-1838,02-2332,02-0003,0,mafuza,"2026-02-17 00:00:00",Yes,5,,1,1,1,,No,NULL
3786,02-2810,02-1160,02-1160,02-0103,02-1409,02-0003,0,mafuza,"2026-02-24 00:00:00",Yes,0,,1,1,1,,No,NULL
3787,02-2811,02-2769,02-2769,02-2424,02-2424,02-2332,0,mafuza,"2026-02-24 00:00:00",Yes,0,,1,1,1,,No,NULL
3788,02-2814,02-0218,02-0218,02-0103,02-1409,02-0003,0,mafuza,"2026-03-01 00:00:00",Yes,0,,0,0,1,,No,NULL
3789,02-2812,02-2830,02-2830,02-2830,02-0407,02-0003,0,mafuza,"2026-03-01 00:00:00",Yes,5,,1,1,1,,No,NULL
3790,02-2816,02-1266,02-1266,02-1037,02-1320,02-0003,0,mafuza,"2026-03-08 00:00:00",Yes,0,,0,0,1,,No,NULL
3791,02-2817,02-0464,02-0464,02-1409,02-1409,02-0003,0,mafuza,"2026-03-08 00:00:00",Yes,0,,1,1,1,,No,NULL
3792,02-2824,02-2657,02-2657,02-2657,02-2657,02-0003,0,mafuza,"2026-04-01 00:00:00",Yes,5,,1,1,1,,No,NULL
3793,02-2823,02-2801,02-2801,02-2801,02-0407,02-0003,0,mafuza,"2026-04-01 00:00:00",Yes,5,,1,1,1,,No,NULL
3794,02-2828,02-2836,02-2836,02-2836,02-2332,02-0003,0,mafuza,"2026-04-01 00:00:00",Yes,5,,1,1,1,,No,NULL
3795,02-2819,02-1420,02-1420,02-0820,02-0402,02-0003,0,mafuza,"2026-04-01 00:00:00",Yes,0,,0,0,0,,No,NULL
3796,02-2818,02-0181,02-0181,02-1409,02-1409,02-0003,0,mafuza,"2026-04-01 00:00:00",Yes,0,,0,0,1,,No,NULL
3797,02-2821,02-0181,02-0181,02-1409,02-1409,02-0003,0,mafuza,"2026-04-01 00:00:00",Yes,0,,0,0,1,,No,NULL
3798,02-2822,02-0693,02-0693,02-1409,02-1409,02-0003,0,mafuza,"2026-04-01 00:00:00",Yes,0,,0,0,1,,No,NULL
3799,02-2827,02-2556,02-2556,02-1801,02-1998,02-0003,0,mafuza,"2026-04-06 00:00:00",Yes,0,,1,1,1,,No,NULL
3800,02-2813,02-1160,02-1160,02-0103,02-0458,02-0003,0,rasif,"2026-04-09 00:00:00",Yes,0,,1,1,1,,No,NULL
3801,02-2820,02-0258,02-0258,02-1409,02-1409,02-0003,0,mafuza,"2026-04-12 00:00:00",Yes,0,,0,0,1,,No,NULL
3802,02-2829,02-1626,02-1626,02-1626,02-1454,02-0003,0,mafuza,"2026-04-12 00:00:00",Yes,0,,1,1,1,,No,NULL
3803,02-2830,02-0407,02-0407,02-0407,02-0407,02-0003,0,mafuza,"2026-04-12 00:00:00",Yes,5,,1,0,1,,No,NULL
3804,02-2831,02-0411,02-0411,02-0073,02-0757,02-0003,0,mafuza,"2026-04-19 00:00:00",Yes,0,,1,1,1,,No,NULL
3805,02-2832,02-0464,02-0464,02-1409,02-0458,02-0003,0,mafuza,"2026-04-26 00:00:00",Yes,0,,0,0,1,,No,NULL
3806,02-2833,02-2657,02-2657,02-2657,02-2657,02-0003,0,mafuza,"2026-04-27 00:00:00",Yes,5,,1,1,1,,No,NULL
3807,02-2787,02-2332,02-2332,02-2332,02-2332,02-0003,0,rasif,"2026-04-29 00:00:00",Yes,100,,1,1,1,,No,NULL
3808,02-2834,02-1454,02-1454,02-1454,02-1454,02-0003,0,saddam,"2026-05-04 00:00:00",Yes,5,,1,0,0,,No,NULL
3809,02-2835,02-1606,02-1606,02-1606,02-1606,02-0003,0,mafuza,"2026-05-05 00:00:00",Yes,5,,1,1,1,,No,NULL
3810,02-2836,02-2332,02-2332,02-2332,02-2332,02-0003,0,mafuza,"2026-05-10 00:00:00",Yes,5,,1,1,1,,No,NULL
3811,02-2840,02-0800,02-0800,02-0800,02-1606,02-0003,0,mafuza,"2026-05-10 00:00:00",Yes,5,,1,1,1,,No,NULL
3812,02-2837,02-1420,02-1420,02-1454,02-1454,02-0003,0,mafuza,"2026-05-11 00:00:00",Yes,0,,0,0,1,,No,NULL
3813,02-2843,02-1420,02-1420,02-1454,02-1454,02-0003,0,mafuza,"2026-05-11 00:00:00",Yes,0,,0,0,1,,No,NULL
3814,02-2844,02-1420,02-1420,02-1454,02-1454,02-0003,0,mafuza,"2026-05-11 00:00:00",Yes,0,,0,0,1,,No,NULL
3815,02-2838,02-2653,02-2653,02-1037,02-0458,02-0003,0,mafuza,"2026-05-12 00:00:00",Yes,0,,1,1,1,,No,NULL
3816,02-2846,02-1996,02-1996,02-1996,02-1606,02-0003,0,mafuza,"2026-05-17 00:00:00",Yes,0,,1,1,1,,No,NULL
3817,02-2797,02-1454,02-1454,02-1454,02-1454,02-0003,0,mafuza,"2026-05-17 00:00:00",Yes,0,,1,1,1,,No,NULL
3818,02-2841,02-0901,02-2488,02-0174,02-0458,02-0003,0,mafuza,"2026-05-19 00:00:00",Yes,0,,0,0,1,,No,NULL
3819,02-2842,02-1183,02-1183,02-0103,02-0458,02-0003,0,mafuza,"2026-05-19 00:00:00",Yes,0,,0,0,1,,No,NULL
3820,02-2845,02-2430,02-2430,02-2430,02-0009,02-0003,0,mafuza,"2026-05-19 00:00:00",Yes,5,,1,1,1,,No,NULL
3821,02-2847,02-0879,02-0879,02-0651,02-0402,02-0003,0,mafuza,"2026-05-20 00:00:00",Yes,0,,0,0,1,,No,NULL
3822,02-2848,02-2690,02-1019,02-1876,02-0458,02-0003,0,mafuza,"2026-05-21 00:00:00",Yes,0,,1,1,1,,No,NULL
3823,02-2849,02-0208,02-0208,02-1876,02-0458,02-0003,0,mafuza,"2026-05-21 00:00:00",Yes,0,,1,1,1,,No,NULL
3824,02-2850,02-1556,02-0073,02-0073,02-0458,02-0003,0,rasif,"2026-06-02 00:00:00",Yes,0,,1,1,1,,No,NULL
3825,02-2851,02-2380,02-1037,02-1037,02-0458,02-0003,0,saddam,"2026-06-02 00:00:00",Yes,0,,1,0,0,,,NULL
3826,02-2854,02-0690,02-1037,02-1037,02-0458,02-0003,0,saddam,"2026-06-07 00:00:00",Yes,0,,1,1,1,,No,NULL
3827,02-2853,02-1606,02-1606,02-1606,02-1606,02-0003,0,rasif,"2026-06-07 00:00:00",Yes,5,,1,1,1,,No,NULL
3828,02-2852,02-1996,02-1996,02-1996,02-1606,02-0003,0,saddam,"2026-06-07 00:00:00",Yes,0,,1,1,1,,No,NULL
3829,02-2855,02-2566,02-2566,02-2566,02-1454,02-0003,0,rasif,"2026-06-16 00:00:00",Yes,0,,1,1,1,,No,
3830,02-2856,02-2566,02-2566,02-2566,02-1454,02-0003,0,rasif,"2026-06-16 00:00:00",Yes,0,,1,1,1,,Yes,2026-06-14
3831,02-2857,02-2566,02-2566,02-2566,02-1454,02-0003,0,rasif,"2026-06-16 00:00:00",Yes,0,,1,1,1,,Yes,2026-06-14
3832,02-2858,02-0476,02-0476,02-1454,02-1454,02-0003,0,mafuza,"2026-06-16 00:00:00",Yes,0,,1,1,1,,No,2026-06-14
3834,02-2859,02-0868,02-0868,02-1480,02-0458,02-0003,0,saddam,"2026-06-14 00:00:00",Yes,0,,1,1,1,,No,2026-06-14
3835,02-2860,02-1109,02-1109,02-0094,02-0094,02-0003,0,mafuza,"2026-06-22 00:00:00",Yes,0,,0,1,1,,No,2026-07-01
3836,02-2862,02-0868,02-0868,02-1480,02-0458,02-0003,0,mafuza,"2026-06-29 00:00:00",Yes,NULL,,0,0,0,,,2026-07-01
3837,02-2863,02-0868,02-0868,02-1480,02-0458,02-0003,0,mafuza,"2026-06-29 00:00:00",Yes,NULL,,0,0,0,,,2026-07-01
3838,02-2861,02-1420,02-1420,02-2457,02-0402,02-0003,0,rasif,"2026-06-21 00:00:00",No,0,,0,0,0,,No,2026-06-21
3839,02-2865,02-1109,02-1109,02-0094,02-0094,02-0003,0,mafuza,"2026-06-22 00:00:00",Yes,0,,0,0,1,,No,2026-06-21
3840,02-2868,02-2834,02-2834,02-1454,02-1454,02-0003,0,rasif,"2026-07-12 00:00:00",Yes,0,,1,1,1,,Yes,2026-01-07
3841,02-2867,02-1722,02-1722,02-0847,02-1454,02-0003,0,rasif,"2026-06-23 00:00:00",Yes,0,,0,1,0,,Yes,2026-06-23
3842,02-2864,02-0868,02-0868,02-1480,02-0458,02-0003,0,mafuza,"2026-06-29 00:00:00",Yes,0,,1,1,1,,No,2026-06-23
3843,02-2869,02-1722,02-1722,02-0847,02-1454,02-0003,0,rasif,"2026-06-29 00:00:00",Yes,0,,0,0,0,,Yes,2026-06-29
3844,02-2870,02-1722,02-1722,02-0847,02-1454,02-0003,0,rasif,"2026-06-29 00:00:00",Yes,0,,0,0,0,,Yes,2026-06-29
3845,02-2866,02-1722,02-1722,02-0847,02-1454,02-0003,0,mafuza,"2026-07-01 00:00:00",Yes,0,,0,0,1,,No,2026-07-01
3846,02-2872,02-1247,02-1247,02-0996,02-0458,02-0003,0,mafuza,"2026-07-07 00:00:00",Yes,0,,1,1,1,,No,2026-07-07
3847,02-2873,02-0745,02-0745,02-1876,02-0458,02-0003,0,mafuza,"2026-07-07 00:00:00",Yes,0,,1,1,1,,No,2026-07-07
3848,02-2875,02-0713,02-0713,02-1037,02-0458,02-0003,0,mafuza,"2026-07-07 00:00:00",Yes,0,,1,1,1,,No,2026-07-07
3849,02-2876,02-1420,02-1420,02-1723,02-0402,02-0003,0,mafuza,"2026-07-14 00:00:00",Yes,0,,0,0,1,,No,2026-07-14
3850,02-2877,02-1420,02-1420,02-2457,02-0402,02-0003,0,mafuza,"2026-07-14 00:00:00",Yes,0,,0,0,1,,No,2026-07-14
3851,02-2878,02-2566,02-2566,02-2566,02-1454,02-0003,0,mafuza,"2026-07-14 00:00:00",Yes,5,,0,1,1,,No,2026-07-14
3852,02-2879,02-2566,02-2566,02-2566,02-1454,02-0003,0,mafuza,"2026-07-14 00:00:00",Yes,5,,0,1,1,,No,2026-07-14
3853,02-2880,02-1722,02-1722,02-0847,02-1454,02-0003,0,mafuza,"2026-07-14 00:00:00",Yes,0,,0,1,1,,No,2026-07-14
3854,02-2882,02-1556,02-1556,02-0757,02-0458,02-0003,0,mafuza,"2026-07-19 00:00:00",Yes,0,,1,1,1,,No,2026-07-19
3855,02-2883,02-0003,02-0003,02-0003,02-0003,02-0003,0,saddam,"2026-07-21 00:00:00",Yes,0,,1,0,0,,,2026-07-21
3856,02-2881,02-2014,02-2014,02-0007,02-0458,02-0003,0,mafuza,"2026-07-26 00:00:00",Yes,0,,1,1,1,,No,2026-07-26
3857,02-2884,02-1109,02-1109,02-0094,02-0094,02-0003,0,mafuza,"2026-07-26 00:00:00",Yes,0,,0,0,1,,No,2026-07-26
3858,02-2886,02-1420,02-1420,02-2457,02-0402,02-0003,0,mafuza,"2026-08-02 00:00:00",Yes,0,,0,0,1,,No,
3859,02-2888,02-2834,02-2834,02-0146,02-0146,02-0003,0,mafuza,"2026-08-02 00:00:00",Yes,0,,0,1,1,,No,2026-08-02
3860,02-2889,02-2834,02-2834,02-0146,02-0146,02-0003,0,mafuza,"2026-08-02 00:00:00",Yes,0,,0,1,1,,No,
3861,02-2890,02-2834,02-2834,02-0146,02-0146,02-0003,0,mafuza,"2026-08-02 00:00:00",Yes,0,,0,1,1,,No,
3862,02-2891,02-2834,02-2834,02-0146,02-0146,02-0003,0,mafuza,"2026-08-02 00:00:00",Yes,0,,0,1,1,,No,
3863,02-2892,02-2834,02-2834,02-0146,02-0146,02-0003,0,mafuza,"2026-08-02 00:00:00",Yes,0,,0,1,1,,No,
3864,02-2893,02-2834,02-2834,02-0146,02-0146,02-0003,0,mafuza,"2026-08-02 00:00:00",Yes,0,,0,1,1,,No,
3865,02-2894,02-2834,02-2834,02-0146,02-0146,02-0003,0,mafuza,"2026-08-02 00:00:00",Yes,0,,0,1,1,,No,
3866,02-2895,02-0476,02-0476,02-1454,02-1454,02-0003,0,mafuza,"2026-08-04 00:00:00",Yes,0,,1,1,1,,No,2026-08-04
3867,02-2896,02-1723,02-1723,02-1723,02-0402,02-0003,0,mafuza,"2026-08-04 00:00:00",Yes,0,,1,1,1,,No,2026-08-04
3868,02-2897,02-0801,02-0801,02-1182,02-1409,02-0003,0,mafuza,"2026-08-09 00:00:00",Yes,0,,1,1,1,,No,2026-08-09
3869,02-2898,02-0690,02-0690,02-1037,02-0458,02-0003,0,mafuza,"2026-08-09 00:00:00",Yes,0,,1,1,1,,No,2026-08-09
3870,02-2899,02-2442,02-2442,02-1409,02-0458,02-0003,0,mafuza,"2026-08-16 00:00:00",Yes,0,,0,0,1,,No,
3871,02-2901,02-0847,02-0847,02-2566,02-2566,02-0003,0,mafuza,"2026-08-16 00:00:00",Yes,5,,0,1,1,,No,
3872,02-2904,02-2566,02-2566,02-2566,02-2566,02-0003,0,mafuza,"2026-08-16 00:00:00",Yes,5,,0,1,1,,No,
3873,02-2905,02-2835,02-2835,02-2835,02-1606,02-0003,0,mafuza,"2026-08-16 00:00:00",Yes,0,,1,1,1,,No,2026-08-16
3874,02-2906,02-2657,02-2657,02-2657,02-2657,02-0003,0,mafuza,"2026-08-16 00:00:00",Yes,0,,1,1,1,,No,2026-08-16
3875,02-2908,02-0208,02-0208,02-1876,02-0458,02-0003,0,mafuza,"2026-08-16 00:00:00",Yes,0,,1,1,1,,No,2026-08-16
3876,02-2910,02-2657,02-2657,02-2657,02-2657,02-0003,0,mafuza,"2026-08-16 00:00:00",Yes,5,,1,1,1,,No,2026-08-16
3877,02-2911,02-2657,02-2657,02-2657,02-2657,02-0003,0,mafuza,"2026-08-16 00:00:00",Yes,0,,1,1,1,,No,2026-08-16
3878,02-2912,02-1420,02-1420,02-1723,02-0402,02-0003,0,mafuza,"2026-08-16 00:00:00",Yes,0,,0,0,1,,No,
3879,02-2913,02-1420,02-1420,02-1723,02-0402,02-0003,0,mafuza,"2026-08-16 00:00:00",Yes,0,,0,0,1,,No,
3880,02-2903,02-2834,02-2834,02-0146,02-0146,02-0003,0,mafuza,"2026-08-18 00:00:00",Yes,0,,0,1,1,,No,
