id,employee_id,mr_id,pr_id,vendor_name,serial_no,purchase_date,category,brand,model,cpu,ram,ssd,monitor,warranty_date,item_group,item_name,gr_id,total_item,remarks,status,created_at,edited_by,edited_at,device_assigned_status,refno_tbl_it_equipment_requisition,device_assiged_date,device_assiged_by,device_type,inventory_type
1,02-2014,FAHSC02-22972025-07-07MR118008,FAHSC02-01862025-03-17PR13213,"Corporate Point",22497K0019977,"2025-05-21 12:07:01",12,71,72,,,,,"2026-05-21 12:07:01","Computer Accessories","Wireless Access Point",FAHSC2025-05-21GR313986,23,,1,"2025-08-19 16:02:38",NULL,NULL,1,72,"2025-09-18 09:02:50",02-2297,"IT Accessories",NULL
2,02-2014,FAHSC02-22972025-07-07MR118008,FAHSC02-01862025-03-17PR13213,"Corporate Point",22497K0016276,"2025-05-21 12:07:01",12,71,72,,,,,"2026-05-21 12:07:01","Computer Accessories","Wireless Access Point",FAHSC2025-05-21GR313986,23,,1,"2025-08-19 16:02:38",NULL,NULL,0,NULL,NULL,NULL,NULL,NULL
3,02-2014,FAHSC02-22972025-07-07MR118008,FAHSC02-01862025-03-17PR13213,"Corporate Point",22497K0019460,"2025-05-21 12:07:01",12,71,72,,,,,"2026-05-21 12:07:01","Computer Accessories","Wireless Access Point",FAHSC2025-05-21GR313986,23,,1,"2025-08-19 16:02:38",NULL,NULL,1,80,"2025-09-18 09:26:54",02-2297,"IT Accessories",NULL
4,02-2014,FAHSC02-22972025-07-07MR118008,FAHSC02-01862025-03-17PR13213,"Corporate Point",22497K0019974,"2025-05-21 12:07:01",12,71,72,,,,,"2026-05-21 12:07:01","Computer Accessories","Wireless Access Point",FAHSC2025-05-21GR313986,23,,1,"2025-08-19 16:02:38",NULL,NULL,1,72,"2025-09-18 09:03:39",02-2297,"IT Accessories",NULL
5,02-2014,FAHSC02-22972025-07-07MR118008,FAHSC02-01862025-03-17PR13213,"Corporate Point",22497K0016275,"2025-05-21 12:07:01",12,71,72,,,,,"2026-05-21 12:07:01","Computer Accessories","Wireless Access Point",FAHSC2025-05-21GR313986,23,,1,"2025-08-19 16:02:38",NULL,NULL,1,79,"2025-09-18 09:10:52",02-2297,"IT Accessories",NULL
6,02-2014,FAHSC02-22972025-07-07MR118008,FAHSC02-01862025-03-17PR13213,"Corporate Point",22497K0019457,"2025-05-21 12:07:01",12,71,72,,,,,"2026-05-21 12:07:01","Computer Accessories","Wireless Access Point",FAHSC2025-05-21GR313986,23,,1,"2025-08-19 16:02:38",NULL,NULL,1,73,"2025-09-18 09:04:36",02-2297,"IT Accessories",NULL
7,02-2014,FAHSC02-22972025-07-07MR118008,FAHSC02-01862025-03-17PR13213,"Corporate Point",22497K0019560,"2025-05-21 12:07:01",12,71,72,,,,,"2026-05-21 12:07:01","Computer Accessories","Wireless Access Point",FAHSC2025-05-21GR313986,23,,1,"2025-08-19 16:02:38",NULL,NULL,1,77,"2025-09-18 09:09:13",02-2297,"IT Accessories",NULL
8,02-2014,FAHSC02-22972025-07-07MR118008,FAHSC02-01862025-03-17PR13213,"Corporate Point",22497K0016274,"2025-05-21 12:07:01",12,71,72,,,,,"2026-05-21 12:07:01","Computer Accessories","Wireless Access Point",FAHSC2025-05-21GR313986,23,,1,"2025-08-19 16:02:38",NULL,NULL,1,74,"2025-09-18 09:05:27",02-2297,"IT Accessories",NULL
9,02-2014,FAHSC02-22972025-07-07MR118008,FAHSC02-01862025-03-17PR13213,"Corporate Point",22497K0019455,"2025-05-21 12:07:01",12,71,72,,,,,"2026-05-21 12:07:01","Computer Accessories","Wireless Access Point",FAHSC2025-05-21GR313986,23,,1,"2025-08-19 16:02:38",NULL,NULL,1,64,"2025-08-19 16:05:50",02-2014,"IT Accessories",NULL
10,02-2014,FAHSC02-22972025-07-07MR118008,FAHSC02-01862025-03-17PR13213,"Corporate Point",22497K0019559,"2025-05-21 12:07:01",12,71,72,,,,,"2026-05-21 12:07:01","Computer Accessories","Wireless Access Point",FAHSC2025-05-21GR313986,23,,1,"2025-08-19 16:02:39",NULL,NULL,1,65,"2025-08-19 16:32:19",02-2014,"IT Accessories",NULL
11,02-2014,FAHSC02-22972025-07-07MR118008,FAHSC02-01862025-03-17PR13213,"Corporate Point",22497K0016272,"2025-05-21 12:07:01",12,71,72,,,,,"2026-05-21 12:07:01","Computer Accessories","Wireless Access Point",FAHSC2025-05-21GR313986,23,,1,"2025-08-19 16:02:39",NULL,NULL,1,82,"2025-09-18 09:28:22",02-2297,"IT Accessories",NULL
12,02-2014,FAHSC02-22972025-07-07MR118008,FAHSC02-01862025-03-17PR13213,"Corporate Point",22497K0019453,"2025-05-21 12:07:01",12,71,72,,,,,"2026-05-21 12:07:01","Computer Accessories","Wireless Access Point",FAHSC2025-05-21GR313986,23,,1,"2025-08-19 16:02:39",NULL,NULL,1,67,"2025-09-18 08:56:15",02-2297,"IT Accessories",NULL
13,02-2014,FAHSC02-22972025-07-07MR118008,FAHSC02-01862025-03-17PR13213,"Corporate Point",22497K0019558,"2025-05-21 12:07:01",12,71,72,,,,,"2026-05-21 12:07:01","Computer Accessories","Wireless Access Point",FAHSC2025-05-21GR313986,23,,1,"2025-08-19 16:02:39",NULL,NULL,1,71,"2025-09-18 09:02:07",02-2297,"IT Accessories",NULL
14,02-2014,FAHSC02-22972025-07-07MR118008,FAHSC02-01862025-03-17PR13213,"Corporate Point",22497K0016271,"2025-05-21 12:07:01",12,71,72,,,,,"2026-05-21 12:07:01","Computer Accessories","Wireless Access Point",FAHSC2025-05-21GR313986,23,,1,"2025-08-19 16:02:39",NULL,NULL,1,75,"2025-09-18 09:07:39",02-2297,"IT Accessories",NULL
15,02-2014,FAHSC02-22972025-07-07MR118008,FAHSC02-01862025-03-17PR13213,"Corporate Point",22497K0019451,"2025-05-21 12:07:01",12,71,72,,,,,"2026-05-21 12:07:01","Computer Accessories","Wireless Access Point",FAHSC2025-05-21GR313986,23,,1,"2025-08-19 16:02:39",NULL,NULL,1,70,"2025-09-18 09:01:00",02-2297,"IT Accessories",NULL
16,02-2014,FAHSC02-22972025-07-07MR118008,FAHSC02-01862025-03-17PR13213,"Corporate Point",22497K0019556,"2025-05-21 12:07:01",12,71,72,,,,,"2026-05-21 12:07:01","Computer Accessories","Wireless Access Point",FAHSC2025-05-21GR313986,23,,1,"2025-08-19 16:02:39",NULL,NULL,1,78,"2025-09-18 09:10:19",02-2297,"IT Accessories",NULL
17,02-2014,FAHSC02-22972025-07-07MR118008,FAHSC02-01862025-03-17PR13213,"Corporate Point",22497K0016238,"2025-05-21 12:07:01",12,71,72,,,,,"2026-05-21 12:07:01","Computer Accessories","Wireless Access Point",FAHSC2025-05-21GR313986,23,,1,"2025-08-19 16:02:39",NULL,NULL,1,68,"2025-09-18 08:58:38",02-2297,"IT Accessories",NULL
18,02-2014,FAHSC02-22972025-07-07MR118008,FAHSC02-01862025-03-17PR13213,"Corporate Point",22497K0016279,"2025-05-21 12:07:01",12,71,72,,,,,"2026-05-21 12:07:01","Computer Accessories","Wireless Access Point",FAHSC2025-05-21GR313986,23,,1,"2025-08-19 16:02:39",NULL,NULL,0,NULL,NULL,NULL,NULL,NULL
19,02-2014,FAHSC02-22972025-07-07MR118008,FAHSC02-01862025-03-17PR13213,"Corporate Point",22497K0019554,"2025-05-21 12:07:01",12,71,72,,,,,"2026-05-21 12:07:01","Computer Accessories","Wireless Access Point",FAHSC2025-05-21GR313986,23,,1,"2025-08-19 16:02:39",NULL,NULL,1,81,"2025-09-18 09:27:36",02-2297,"IT Accessories",NULL
20,02-2014,FAHSC02-22972025-07-07MR118008,FAHSC02-01862025-03-17PR13213,"Corporate Point",22497K0016205,"2025-05-21 12:07:01",12,71,72,,,,,"2026-05-21 12:07:01","Computer Accessories","Wireless Access Point",FAHSC2025-05-21GR313986,23,,1,"2025-08-19 16:02:39",NULL,NULL,1,66,"2025-08-19 16:36:30",02-2297,"IT Accessories",NULL
21,02-2014,FAHSC02-22972025-07-07MR118008,FAHSC02-01862025-03-17PR13213,"Corporate Point",22497K0016278,"2025-05-21 12:07:01",12,71,72,,,,,"2026-05-21 12:07:01","Computer Accessories","Wireless Access Point",FAHSC2025-05-21GR313986,23,,1,"2025-08-19 16:02:39",NULL,NULL,0,NULL,NULL,NULL,NULL,NULL
22,02-2014,FAHSC02-22972025-07-07MR118008,FAHSC02-01862025-03-17PR13213,"Corporate Point",22497K0016277,"2025-05-21 12:07:01",12,71,72,,,,,"2026-05-21 12:07:01","Computer Accessories","Wireless Access Point",FAHSC2025-05-21GR313986,23,,1,"2025-08-19 16:02:39",NULL,NULL,1,69,"2025-09-18 09:00:13",02-2297,"IT Accessories",NULL
23,02-2014,FAHSC02-22972025-07-07MR118008,FAHSC02-01862025-03-17PR13213,"Corporate Point",22497K0019552,"2025-05-21 12:07:01",12,71,72,,,,,"2026-05-21 12:07:01","Computer Accessories","Wireless Access Point",FAHSC2025-05-21GR313986,23,,1,"2025-08-19 16:02:39",NULL,NULL,1,76,"2025-09-18 09:08:27",02-2297,"IT Accessories",NULL
24,02-2014,FAHSC02-22972025-08-17MR121033,FAHSC02-22972025-04-21PR13296,"Corporate Point",2446TKL045V9,"2025-07-30 11:07:00",30,73,74,,,,,"2027-07-30 11:07:00","Computer Accessories","Head Phone",,11,,1,"2025-08-31 13:20:39",,NULL,1,14223,"2025-09-01 11:50:53",02-2297,"IT Device",1
25,02-2014,FAHSC02-22972025-08-17MR121033,FAHSC02-22972025-04-21PR13296,"Corporate Point",2446TKH04UJ9,"2025-07-30 11:07:00",30,73,74,,,,,"2027-07-30 11:07:00","Computer Accessories","Head Phone",,11,,1,"2025-08-31 13:20:39",,NULL,1,14225,"2025-09-01 13:56:52",02-2297,"IT Device",1
26,02-2014,FAHSC02-22972025-08-17MR121033,FAHSC02-22972025-04-21PR13296,"Corporate Point",2446TKU04589,"2025-07-30 11:07:00",30,73,74,,,,,"2027-07-30 11:07:00","Computer Accessories","Head Phone",,11,,1,"2025-08-31 13:20:39",,NULL,1,14230,"2025-09-02 08:58:25",02-2297,"IT Device",1
27,02-2014,FAHSC02-22972025-08-17MR121033,FAHSC02-22972025-04-21PR13296,"Corporate Point",2446TKZ045Q9,"2025-07-30 11:07:00",30,73,74,,,,,"2027-07-30 11:07:00","Computer Accessories","Head Phone",,11,,1,"2025-08-31 13:20:39",,NULL,1,14231,"2025-09-02 09:00:10",02-2297,"IT Device",1
28,02-2014,FAHSC02-22972025-08-17MR121033,FAHSC02-22972025-04-21PR13296,"Corporate Point",2446TKB04UN9,"2025-07-30 11:07:00",30,73,74,,,,,"2027-07-30 11:07:00","Computer Accessories","Head Phone",,11,,1,"2025-08-31 13:20:39",,NULL,1,14232,"2025-09-02 09:01:41",02-2297,"IT Device",1
29,02-2014,FAHSC02-22972025-08-17MR121033,FAHSC02-22972025-04-21PR13296,"Corporate Point",2446TKE04C39,"2025-07-30 11:07:00",30,73,74,,,,,"2027-07-30 11:07:00","Computer Accessories","Head Phone",,11,,1,"2025-08-31 13:20:39",,NULL,1,14233,"2025-09-02 09:05:34",02-2297,"IT Device",1
30,02-2014,FAHSC02-22972025-08-17MR121033,FAHSC02-22972025-04-21PR13296,"Corporate Point",2446TKW04U79,"2025-07-30 11:07:00",30,73,74,,,,,"2027-07-30 11:07:00","Computer Accessories","Head Phone",,11,,1,"2025-08-31 13:20:39",,NULL,1,14234,"2025-09-02 09:08:24",02-2297,"IT Device",1
31,02-2014,FAHSC02-22972025-08-17MR121033,FAHSC02-22972025-04-21PR13296,"Corporate Point",2446TKE04CZ9,"2025-07-30 11:07:00",30,73,74,,,,,"2027-07-30 11:07:00","Computer Accessories","Head Phone",,11,,1,"2025-08-31 13:20:39",,NULL,1,14235,"2025-09-02 09:10:15",02-2297,"IT Device",1
32,02-2014,FAHSC02-22972025-08-17MR121033,FAHSC02-22972025-04-21PR13296,"Corporate Point",2446TKU04UM9,"2025-07-30 11:07:00",30,73,74,,,,,"2027-07-30 11:07:00","Computer Accessories","Head Phone",,11,,1,"2025-08-31 13:20:39",,NULL,1,14236,"2025-09-02 09:13:05",02-2297,"IT Device",1
33,02-2014,FAHSC02-22972025-08-17MR121033,FAHSC02-22972025-04-21PR13296,"Corporate Point",2446TKG045E9,"2025-07-30 11:07:00",30,73,74,,,,,"2027-07-30 11:07:00","Computer Accessories","Head Phone",,11,,1,"2025-08-31 13:20:39",,NULL,1,14237,"2025-09-02 09:14:34",02-2297,"IT Device",1
34,02-2014,FAHSC02-22972025-08-17MR121033,FAHSC02-22972025-04-21PR13296,"Corporate Point",2446TKS045W9,"2025-07-30 11:07:00",30,73,74,,,,,"2027-07-30 11:07:00","Computer Accessories","Head Phone",,11,,1,"2025-08-31 13:20:39",,NULL,1,14238,"2025-09-02 09:16:57",02-2297,"IT Device",1
35,02-2014,FAHSC02-20142025-09-01MR122295,FAHSC02-03592025-05-25PR13432,"Huawei International",4E2530057636,"2025-05-28 16:10:36",38,76,77,,,,,"2026-05-28 16:10:36",Switch,"Huawei S5335-L24T4X-QA-V2 (24x10/100/1000BASE-T ports, 4x10GE SFP+ ports, built-in AC power, Fanless",FAHSC2025-05-28GR315421,8,,1,"2025-09-03 11:22:49",NULL,NULL,1,87,"2025-10-29 11:42:19",02-2014,"IT Accessories",NULL
36,02-2014,FAHSC02-20142025-09-01MR122295,FAHSC02-03592025-05-25PR13432,"Huawei International",4E2530057613,"2025-05-28 16:10:36",38,76,77,,,,,"2026-05-28 16:10:36",Switch,"Huawei S5335-L24T4X-QA-V2 (24x10/100/1000BASE-T ports, 4x10GE SFP+ ports, built-in AC power, Fanless",FAHSC2025-05-28GR315421,8,,1,"2025-09-03 11:22:49",NULL,NULL,1,83,"2025-09-18 13:43:46",02-2014,"IT Accessories",NULL
37,02-2014,FAHSC02-20142025-09-01MR122295,FAHSC02-03592025-05-25PR13432,"Huawei International",JV2520300618,"2025-05-28 16:10:36",78,79,80,,,,,"2026-05-28 16:10:36",Module,"Power Module Huawei DC 1000W AC 240V DC",FAHSC2025-05-28GR315421,8,,1,"2025-09-03 11:22:49",NULL,NULL,1,89,"2025-10-29 11:47:10",02-2014,"IT Accessories",NULL
38,02-2014,FAHSC02-20142025-09-01MR122295,FAHSC02-03592025-05-25PR13433,"Huawei International",JV2520300591,"2025-05-27 16:07:12",78,79,80,,,,,"2026-05-27 16:07:12",Module,"Power Module Huawei DC 1000W AC 240V DC",FAHSC2025-05-27GR315219,8,,1,"2025-09-03 11:22:49",NULL,NULL,1,85,"2025-09-18 13:57:31",02-2014,"IT Accessories",NULL
39,02-2014,FAHSC02-20142025-09-01MR122295,FAHSC02-03592025-05-25PR13433,"Huawei International",JV2520300570,"2025-05-27 16:07:12",78,79,80,,,,,"2026-05-27 16:07:12",Module,"Power Module Huawei DC 1000W AC 240V DC",FAHSC2025-05-27GR315219,8,,1,"2025-09-03 11:22:49",NULL,NULL,1,86,"2025-09-18 13:58:20",02-2014,"IT Accessories",NULL
40,02-2014,FAHSC02-20142025-09-01MR122295,FAHSC02-03592025-05-25PR13432,"Huawei International",JV2520300628,"2025-05-28 16:10:36",78,79,80,,,,,"2026-05-28 16:10:36",Module,"Power Module Huawei DC 1000W AC 240V DC",FAHSC2025-05-28GR315421,8,,1,"2025-09-03 11:22:49",NULL,NULL,1,90,"2025-10-29 11:47:38",02-2014,"IT Accessories",NULL
41,02-2014,FAHSC02-20142025-09-01MR122295,FAHSC02-03592025-05-25PR13432,"Huawei International",102529745453,"2025-05-28 16:10:36",38,76,81,,,,,"2026-05-28 16:10:36",Switch,"Huawei S5331-S24P4X (24x10/100/1000BASE-T ports, 4x10GE SFP+ ports, PoE+, without Power Module)",FAHSC2025-05-28GR315421,8,,1,"2025-09-03 11:22:49",NULL,NULL,1,88,"2025-10-29 11:43:41",02-2014,"IT Accessories",NULL
42,02-2014,FAHSC02-20142025-09-01MR122295,FAHSC02-03592025-05-25PR13433,"Huawei International",10253B034494,"2025-05-27 16:07:12",38,76,81,,,,,"2026-05-27 16:07:12",Switch,"Huawei S5331-S24P4X (24x10/100/1000BASE-T ports, 4x10GE SFP+ ports, PoE+, without Power Module)",FAHSC2025-05-27GR315219,8,,1,"2025-09-03 11:22:49",NULL,NULL,1,84,"2025-09-18 13:45:42",02-2014,"IT Accessories",NULL
43,02-0501,,NULL,,11_22,"2025-01-01 00:00:00",33,69,70,"CPU. It's a test",RAM,"SSD.  It's a test",15,"2026-01-01 16:05:51",NULL,,,2,"It's a test",1,"2025-09-03 16:05:51",NULL,NULL,0,NULL,NULL,NULL,NULL,2
44,02-0501,,NULL,UCC,11_23,"2025-01-01 00:00:00",33,69,70,"CPU. It's a test",RAM,"SSD.  It's a test","15"","2193-11-01 00:00:00",NULL,,,2,"It's a test",1,"2025-09-03 16:05:51",02-0501,"2025-09-04 13:23:14",0,NULL,NULL,NULL,NULL,2
45,02-2014,,NULL,"Famous Technologies",24XS100-2401,"2025-08-24 00:00:00",9,85,86,,,,,"2026-08-24 10:38:05",NULL,,,3,,1,"2025-09-04 10:38:05",NULL,NULL,1,14247,"2025-09-07 16:51:05",02-2014,"IT Device",2
46,02-2014,,NULL,"Famous Technologies",24XS100-2402,"2025-08-24 00:00:00",9,85,86,,,,,"2026-08-24 10:38:05",NULL,,,3,,1,"2025-09-04 10:38:05",NULL,NULL,1,14255,"2025-09-18 08:50:28",02-2248,"IT Device",2
47,02-2014,,NULL,"Famous Technologies",24XS100-2403,"2025-08-24 00:00:00",9,85,86,,,,,"2026-08-24 10:38:05",NULL,,,3,,1,"2025-09-04 10:38:05",NULL,NULL,1,14256,"2025-09-18 11:14:34",02-2181,"IT Device",2
48,02-2181,,NULL,"Famous Technologies","24LIU01 SAME SN105","2025-09-09 00:00:00",9,85,91,,,,,"2026-09-09 10:54:24",NULL,,,3,"1 years warranty",1,"2025-09-28 10:54:24",NULL,NULL,1,14274,"2025-10-09 11:39:51",02-2181,"IT Device",2
49,02-2181,,NULL,"Famous Technologies","24LIU01 SAME SN106","2025-09-09 00:00:00",9,85,91,,,,,"2026-09-09 10:54:24",NULL,,,3,"1 years warranty",1,"2025-09-28 10:54:24",NULL,NULL,1,14275,"2025-10-09 11:40:52",02-2181,"IT Device",2
50,02-2181,,NULL,"Famous Technologies","24LIU01 SAME SN107","2025-09-09 00:00:00",9,85,91,,,,,"2026-09-09 10:54:24",NULL,,,3,"1 years warranty",1,"2025-09-28 10:54:24",NULL,NULL,1,14337,"2025-11-18 15:11:05",02-2181,"IT Device",2
51,02-2181,,NULL,"Famous Technologies","24LIU01 SAME SN108","2025-09-09 00:00:00",9,85,86,,,,,"2026-09-09 11:00:25",NULL,,,1,"1 years warranty",1,"2025-09-28 11:00:25",NULL,NULL,1,14385,"2025-12-14 09:07:53",02-2248,"IT Device",2
52,02-2297,FAHSC02-22972025-09-25MR124178,FAHSC02-22972025-07-27PR13648,"Global Brand Pvt. Lt",20240529188021,"2025-09-23 17:23:23",30,96,97,,,,,"2026-09-23 17:23:23","Computer Accessories",Headphone-Standard,FAHSC2025-09-23GR331932,15,,1,"2025-09-30 13:49:48",NULL,NULL,1,14261,"2025-10-06 11:49:45",02-2297,"IT Device",1
53,02-2297,FAHSC02-22972025-09-25MR124178,FAHSC02-22972025-06-24PR13529,"Global Brand Pvt. Lt",20240529188029,"2025-09-24 19:04:14",30,96,97,,,,,"2026-09-24 19:04:14","Computer Accessories",Headphone-Standard,FAHSC2025-09-24GR332025,15,,1,"2025-09-30 13:49:48",NULL,NULL,1,14270,"2025-10-06 12:43:05",02-2297,"IT Device",1
54,02-2297,FAHSC02-22972025-09-25MR124178,FAHSC02-22972025-07-27PR13648,"Global Brand Pvt. Lt",20240529188020,"2025-09-23 17:23:23",30,96,97,,,,,"2026-09-23 17:23:23","Computer Accessories",Headphone-Standard,FAHSC2025-09-23GR331932,15,,1,"2025-09-30 13:49:48",NULL,NULL,1,14262,"2025-10-06 11:58:32",02-2297,"IT Device",1
55,02-2297,FAHSC02-22972025-09-25MR124178,FAHSC02-22972025-06-24PR13529,"Global Brand Pvt. Lt",20240529188028,"2025-09-24 19:04:14",30,96,97,,,,,"2026-09-24 19:04:14","Computer Accessories",Headphone-Standard,FAHSC2025-09-24GR332025,15,,1,"2025-09-30 13:49:48",NULL,NULL,1,14269,"2025-10-06 12:42:26",02-2297,"IT Device",1
56,02-2297,FAHSC02-22972025-09-25MR124178,FAHSC02-22972025-07-27PR13648,"Global Brand Pvt. Lt",20240529188019,"2025-09-23 17:23:23",30,96,97,,,,,"2026-09-23 17:23:23","Computer Accessories",Headphone-Standard,FAHSC2025-09-23GR331932,15,,1,"2025-09-30 13:49:48",NULL,NULL,1,14259,"2025-10-06 11:41:12",02-2297,"IT Device",1
57,02-2297,FAHSC02-22972025-09-25MR124178,FAHSC02-22972025-06-24PR13529,"Global Brand Pvt. Lt",20240529188027,"2025-09-24 19:04:14",30,96,97,,,,,"2026-09-24 19:04:14","Computer Accessories",Headphone-Standard,FAHSC2025-09-24GR332025,15,,1,"2025-09-30 13:49:48",NULL,NULL,1,14268,"2025-10-06 12:41:47",02-2297,"IT Device",1
58,02-2297,FAHSC02-22972025-09-25MR124178,FAHSC02-22972025-06-24PR13529,"Global Brand Pvt. Lt",20240529188026,"2025-09-24 19:04:14",30,96,97,,,,,"2026-09-24 19:04:14","Computer Accessories",Headphone-Standard,FAHSC2025-09-24GR332025,15,,1,"2025-09-30 13:49:48",NULL,NULL,1,14267,"2025-10-06 12:40:55",02-2297,"IT Device",1
59,02-2297,FAHSC02-22972025-09-25MR124178,FAHSC02-22972025-07-27PR13648,"Global Brand Pvt. Lt",20240529188018,"2025-09-23 17:23:23",30,96,97,,,,,"2026-09-23 17:23:23","Computer Accessories",Headphone-Standard,FAHSC2025-09-23GR331932,15,,1,"2025-09-30 13:49:48",NULL,NULL,1,14264,"2025-10-06 12:00:15",02-2297,"IT Device",1
60,02-2297,FAHSC02-22972025-09-25MR124178,FAHSC02-22972025-06-24PR13529,"Global Brand Pvt. Lt",20240529188025,"2025-09-24 19:04:14",30,96,97,,,,,"2026-09-24 19:04:14","Computer Accessories",Headphone-Standard,FAHSC2025-09-24GR332025,15,,1,"2025-09-30 13:49:48",NULL,NULL,1,14266,"2025-10-06 12:40:03",02-2297,"IT Device",1
61,02-2297,FAHSC02-22972025-09-25MR124178,FAHSC02-22972025-07-27PR13648,"Global Brand Pvt. Lt",20240529188024,"2025-09-23 17:23:23",30,96,97,,,,,"2026-09-23 17:23:23","Computer Accessories",Headphone-Standard,FAHSC2025-09-23GR331932,15,,1,"2025-09-30 13:49:48",NULL,NULL,1,14265,"2025-10-06 12:39:11",02-2297,"IT Device",1
62,02-2297,FAHSC02-22972025-09-25MR124178,FAHSC02-22972025-06-24PR13529,"Global Brand Pvt. Lt",20240529188032,"2025-09-24 19:04:14",30,96,97,,,,,"2026-09-24 19:04:14","Computer Accessories",Headphone-Standard,FAHSC2025-09-24GR332025,15,,1,"2025-09-30 13:49:48",NULL,NULL,0,NULL,NULL,NULL,NULL,1
63,02-2297,FAHSC02-22972025-09-25MR124178,FAHSC02-22972025-07-27PR13648,"Global Brand Pvt. Lt",20240529188023,"2025-09-23 17:23:23",30,96,97,,,,,"2026-09-23 17:23:23","Computer Accessories",Headphone-Standard,FAHSC2025-09-23GR331932,15,,1,"2025-09-30 13:49:48",NULL,NULL,1,14263,"2025-10-06 11:59:29",02-2297,"IT Device",1
64,02-2297,FAHSC02-22972025-09-25MR124178,FAHSC02-22972025-06-24PR13529,"Global Brand Pvt. Lt",20240529188031,"2025-09-24 19:04:14",30,96,97,,,,,"2026-09-24 19:04:14","Computer Accessories",Headphone-Standard,FAHSC2025-09-24GR332025,15,,1,"2025-09-30 13:49:48",NULL,NULL,1,14260,"2025-10-06 11:42:13",02-2297,"IT Device",1
65,02-2297,FAHSC02-22972025-09-25MR124178,FAHSC02-22972025-07-27PR13648,"Global Brand Pvt. Lt",20240529188022,"2025-09-23 17:23:23",30,96,97,,,,,"2026-09-23 17:23:23","Computer Accessories",Headphone-Standard,FAHSC2025-09-23GR331932,15,,1,"2025-09-30 13:49:48",NULL,NULL,1,14278,"2025-10-13 08:40:53",02-2297,"IT Device",1
66,02-2297,FAHSC02-22972025-09-25MR124178,FAHSC02-22972025-06-24PR13529,"Global Brand Pvt. Lt",20240529188030,"2025-09-24 19:04:14",30,96,97,,,,,"2026-09-24 19:04:14","Computer Accessories",Headphone-Standard,FAHSC2025-09-24GR332025,15,,1,"2025-09-30 13:49:48",NULL,NULL,1,14279,"2025-10-13 08:41:52",02-2297,"IT Device",1
67,02-2014,FAHSC02-22972025-10-08MR125038,FAHSC02-22972025-08-11PR13712,"Star Tech & Engineer",5CD5296YNL,"2025-10-07 10:05:23",1,98,99,"Intel Core i5-1335U (up to 4.6 GHz, 12 MB L3 cache)","16 GB DDR4 3200MHz","512GB PCIe SSD",14,"2028-10-07 10:05:23","Computer Accessories",Laptop-STANDARD,FAHSC2025-10-07GR333609,20,,1,"2025-10-09 10:18:45",NULL,NULL,1,14292,"2025-10-15 14:38:56",02-2297,"IT Device",1
68,02-2014,FAHSC02-22972025-10-08MR125038,FAHSC02-22972025-08-11PR13712,"Star Tech & Engineer",5CD5293L13,"2025-10-07 10:05:23",1,98,99,"Intel Core i5-1335U (up to 4.6 GHz, 12 MB L3 cache)","16 GB DDR4 3200MHz","512GB PCIe SSD",14,"2028-10-07 10:05:23","Computer Accessories",Laptop-STANDARD,FAHSC2025-10-07GR333609,20,,1,"2025-10-09 10:18:45",NULL,NULL,1,14327,"2025-11-13 10:43:26",02-2181,"IT Device",1
69,02-2014,FAHSC02-22972025-10-08MR125038,FAHSC02-22972025-08-11PR13712,"Star Tech & Engineer",5CD5293L3X,"2025-10-07 10:05:23",1,98,99,"Intel Core i5-1335U (up to 4.6 GHz, 12 MB L3 cache)","16 GB DDR4 3200MHz","512GB PCIe SSD",14,"2028-10-07 10:05:23","Computer Accessories",Laptop-STANDARD,FAHSC2025-10-07GR333609,20,,1,"2025-10-09 10:18:45",NULL,NULL,1,14302,"2025-10-22 15:20:30",02-2248,"IT Device",1
70,02-2014,FAHSC02-22972025-10-08MR125038,FAHSC02-22972025-08-11PR13712,"Star Tech & Engineer",5CD5293L12,"2025-10-07 10:05:23",1,98,99,"Intel Core i5-1335U (up to 4.6 GHz, 12 MB L3 cache)","16 GB DDR4 3200MHz","512GB PCIe SSD",14,"2028-10-07 10:05:23","Computer Accessories",Laptop-STANDARD,FAHSC2025-10-07GR333609,20,,1,"2025-10-09 10:18:45",NULL,NULL,1,14298,"2025-10-20 10:06:10",02-2181,"IT Device",1
71,02-2014,FAHSC02-22972025-10-08MR125038,FAHSC02-22972025-08-11PR13712,"Star Tech & Engineer",5CD5296YNF,"2025-10-07 10:05:23",1,98,99,"Intel Core i5-1335U (up to 4.6 GHz, 12 MB L3 cache)","16 GB DDR4 3200MHz","512GB PCIe SSD",14,"2028-10-07 10:05:23","Computer Accessories",Laptop-STANDARD,FAHSC2025-10-07GR333609,20,,1,"2025-10-09 10:18:45",NULL,NULL,1,14280,"2025-10-13 11:24:04",02-2297,"IT Device",1
72,02-2014,FAHSC02-22972025-10-08MR125038,FAHSC02-22972025-08-11PR13712,"Star Tech & Engineer",5CD5293L38,"2025-10-07 10:05:23",1,98,99,"Intel Core i5-1335U (up to 4.6 GHz, 12 MB L3 cache)","16 GB DDR4 3200MHz","512GB PCIe SSD",14,"2028-10-07 10:05:23","Computer Accessories",Laptop-STANDARD,FAHSC2025-10-07GR333609,20,,1,"2025-10-09 10:18:45",NULL,NULL,1,14306,"2025-10-29 14:50:47",02-2181,"IT Device",1
73,02-2014,FAHSC02-22972025-10-08MR125038,FAHSC02-22972025-08-11PR13712,"Star Tech & Engineer",5CD5296YQN,"2025-10-07 10:05:23",1,98,99,"Intel Core i5-1335U (up to 4.6 GHz, 12 MB L3 cache)","16 GB DDR4 3200MHz","512GB PCIe SSD",14,"2028-10-07 10:05:23","Computer Accessories",Laptop-STANDARD,FAHSC2025-10-07GR333609,20,,1,"2025-10-09 10:18:45",NULL,NULL,1,14283,"2025-10-13 13:42:49",02-2297,"IT Device",1
74,02-2014,FAHSC02-22972025-10-08MR125038,FAHSC02-22972025-08-11PR13712,"Star Tech & Engineer",5CD5296YNZ,"2025-10-07 10:05:23",1,98,99,"Intel Core i5-1335U (up to 4.6 GHz, 12 MB L3 cache)","16 GB DDR4 3200MHz","512GB PCIe SSD",14,"2028-10-07 10:05:23","Computer Accessories",Laptop-STANDARD,FAHSC2025-10-07GR333609,20,,1,"2025-10-09 10:18:45",NULL,NULL,1,14288,"2025-10-15 14:22:03",02-2297,"IT Device",1
75,02-2014,FAHSC02-22972025-10-08MR125038,FAHSC02-22972025-08-11PR13712,"Star Tech & Engineer",5CD5293L4J,"2025-10-07 10:05:23",1,98,99,"Intel Core i5-1335U (up to 4.6 GHz, 12 MB L3 cache)","16 GB DDR4 3200MHz","512GB PCIe SSD",14,"2028-10-07 10:05:23","Computer Accessories",Laptop-STANDARD,FAHSC2025-10-07GR333609,20,,1,"2025-10-09 10:18:45",NULL,NULL,1,14338,"2025-11-18 15:22:08",02-2181,"IT Device",1
76,02-2014,FAHSC02-22972025-10-08MR125038,FAHSC02-22972025-08-11PR13712,"Star Tech & Engineer",5CD5293L4S,"2025-10-07 10:05:23",1,98,99,"Intel Core i5-1335U (up to 4.6 GHz, 12 MB L3 cache)","16 GB DDR4 3200MHz","512GB PCIe SSD",14,"2028-10-07 10:05:23","Computer Accessories",Laptop-STANDARD,FAHSC2025-10-07GR333609,20,,1,"2025-10-09 10:18:45",NULL,NULL,1,14297,"2025-10-20 09:17:16",02-2181,"IT Device",1
77,02-2014,FAHSC02-22972025-10-08MR125038,FAHSC02-22972025-08-11PR13712,"Star Tech & Engineer",5CD5296YQ3,"2025-10-07 10:05:23",1,98,99,"Intel Core i5-1335U (up to 4.6 GHz, 12 MB L3 cache)","16 GB DDR4 3200MHz","512GB PCIe SSD",14,"2028-10-07 10:05:23","Computer Accessories",Laptop-STANDARD,FAHSC2025-10-07GR333609,20,,1,"2025-10-09 10:18:45",NULL,NULL,1,14289,"2025-10-15 14:27:47",02-2297,"IT Device",1
78,02-2014,FAHSC02-22972025-10-08MR125038,FAHSC02-22972025-08-11PR13712,"Star Tech & Engineer",5CD5296YPF,"2025-10-07 10:05:23",1,98,99,"Intel Core i5-1335U (up to 4.6 GHz, 12 MB L3 cache)","16 GB DDR4 3200MHz","512GB PCIe SSD",14,"2028-10-07 10:05:23","Computer Accessories",Laptop-STANDARD,FAHSC2025-10-07GR333609,20,,1,"2025-10-09 10:18:45",NULL,NULL,1,14282,"2025-10-13 12:13:58",02-2297,"IT Device",1
79,02-2014,FAHSC02-22972025-10-08MR125038,FAHSC02-22972025-08-11PR13712,"Star Tech & Engineer",5CD5293L3Y,"2025-10-07 10:05:23",1,98,99,"Intel Core i5-1335U (up to 4.6 GHz, 12 MB L3 cache)","16 GB DDR4 3200MHz","512GB PCIe SSD",14,"2028-10-07 10:05:23","Computer Accessories",Laptop-STANDARD,FAHSC2025-10-07GR333609,20,,1,"2025-10-09 10:18:45",NULL,NULL,1,14296,"2025-10-16 11:44:35",02-2248,"IT Device",1
80,02-2014,FAHSC02-22972025-10-08MR125038,FAHSC02-22972025-08-11PR13712,"Star Tech & Engineer",5CD5296YQQ,"2025-10-07 10:05:23",1,98,99,"Intel Core i5-1335U (up to 4.6 GHz, 12 MB L3 cache)","16 GB DDR4 3200MHz","512GB PCIe SSD",14,"2028-10-07 10:05:23","Computer Accessories",Laptop-STANDARD,FAHSC2025-10-07GR333609,20,,1,"2025-10-09 10:18:45",NULL,NULL,1,14293,"2025-10-15 14:48:39",02-2297,"IT Device",1
81,02-2014,FAHSC02-22972025-10-08MR125038,FAHSC02-22972025-08-11PR13712,"Star Tech & Engineer",5CD5296YNH,"2025-10-07 10:05:23",1,98,99,"Intel Core i5-1335U (up to 4.6 GHz, 12 MB L3 cache)","16 GB DDR4 3200MHz","512GB PCIe SSD",14,"2028-10-07 10:05:23","Computer Accessories",Laptop-STANDARD,FAHSC2025-10-07GR333609,20,,1,"2025-10-09 10:18:45",NULL,NULL,1,14290,"2025-10-15 14:31:08",02-2297,"IT Device",1
82,02-2014,FAHSC02-22972025-10-08MR125038,FAHSC02-22972025-08-11PR13712,"Star Tech & Engineer",5CD5293L4C,"2025-10-07 10:05:23",1,98,99,"Intel Core i5-1335U (up to 4.6 GHz, 12 MB L3 cache)","16 GB DDR4 3200MHz","512GB PCIe SSD",14,"2028-10-07 10:05:23","Computer Accessories",Laptop-STANDARD,FAHSC2025-10-07GR333609,20,,1,"2025-10-09 10:18:45",NULL,NULL,1,14284,"2025-10-14 11:56:54",02-2181,"IT Device",1
83,02-2014,FAHSC02-22972025-10-08MR125038,FAHSC02-22972025-08-11PR13712,"Star Tech & Engineer",5CD5296YQX,"2025-10-07 10:05:23",1,98,99,"Intel Core i5-1335U (up to 4.6 GHz, 12 MB L3 cache)","16 GB DDR4 3200MHz","512GB PCIe SSD",14,"2028-10-07 10:05:23","Computer Accessories",Laptop-STANDARD,FAHSC2025-10-07GR333609,20,,1,"2025-10-09 10:18:45",NULL,NULL,1,14294,"2025-10-15 14:51:03",02-2297,"IT Device",1
84,02-2014,FAHSC02-22972025-10-08MR125038,FAHSC02-22972025-08-11PR13712,"Star Tech & Engineer",5CD5293L36,"2025-10-07 10:05:23",1,98,99,"Intel Core i5-1335U (up to 4.6 GHz, 12 MB L3 cache)","16 GB DDR4 3200MHz","512GB PCIe SSD",14,"2028-10-07 10:05:23","Computer Accessories",Laptop-STANDARD,FAHSC2025-10-07GR333609,20,,1,"2025-10-09 10:18:45",NULL,NULL,1,14323,"2025-11-06 15:36:40",02-2181,"IT Device",1
85,02-2014,FAHSC02-22972025-10-08MR125038,FAHSC02-22972025-08-11PR13712,"Star Tech & Engineer",5CD5296YNB,"2025-10-07 10:05:23",1,98,99,"Intel Core i5-1335U (up to 4.6 GHz, 12 MB L3 cache)","16 GB DDR4 3200MHz","512GB PCIe SSD",14,"2028-10-07 10:05:23","Computer Accessories",Laptop-STANDARD,FAHSC2025-10-07GR333609,20,,1,"2025-10-09 10:18:45",NULL,NULL,1,14291,"2025-10-15 14:36:22",02-2297,"IT Device",1
86,02-2014,FAHSC02-22972025-10-08MR125038,FAHSC02-22972025-08-11PR13712,"Star Tech & Engineer",5CD5293L3M,"2025-10-07 10:05:23",1,98,99,"Intel Core i5-1335U (up to 4.6 GHz, 12 MB L3 cache)","16 GB DDR4 3200MHz","512GB PCIe SSD",14,"2028-10-07 10:05:23","Computer Accessories",Laptop-STANDARD,FAHSC2025-10-07GR333609,20,,1,"2025-10-09 10:18:45",NULL,NULL,1,14320,"2025-11-04 12:18:50",02-2297,"IT Device",1
87,02-2014,FAHSC02-22972025-10-08MR125042,FAHSC02-22972025-08-26PR13755,"Corporate Point",225503V011987,"2025-10-07 10:06:32",12,71,72,,,,,"2026-10-07 10:06:32","Computer Accessories","Router-TP-Link Archer C6 AC1200 Gigabit",FAHSC2025-10-07GR333610,10,,1,"2025-10-09 10:20:00",NULL,NULL,0,NULL,NULL,NULL,NULL,1
88,02-2014,FAHSC02-22972025-10-08MR125042,FAHSC02-22972025-08-26PR13755,"Corporate Point",225503V012174,"2025-10-07 10:06:32",12,71,72,,,,,"2026-10-07 10:06:32","Computer Accessories","Router-TP-Link Archer C6 AC1200 Gigabit",FAHSC2025-10-07GR333610,10,,1,"2025-10-09 10:20:00",NULL,NULL,0,NULL,NULL,NULL,NULL,1
89,02-2014,FAHSC02-22972025-10-08MR125042,FAHSC02-22972025-08-26PR13755,"Corporate Point",225503V011981,"2025-10-07 10:06:32",12,71,72,,,,,"2026-10-07 10:06:32","Computer Accessories","Router-TP-Link Archer C6 AC1200 Gigabit",FAHSC2025-10-07GR333610,10,,1,"2025-10-09 10:20:00",NULL,NULL,0,NULL,NULL,NULL,NULL,1
90,02-2014,FAHSC02-22972025-10-08MR125042,FAHSC02-22972025-08-26PR13755,"Corporate Point",225503V011986,"2025-10-07 10:06:32",12,71,72,,,,,"2026-10-07 10:06:32","Computer Accessories","Router-TP-Link Archer C6 AC1200 Gigabit",FAHSC2025-10-07GR333610,10,,1,"2025-10-09 10:20:00",NULL,NULL,0,NULL,NULL,NULL,NULL,1
91,02-2014,FAHSC02-22972025-10-08MR125042,FAHSC02-22972025-08-26PR13755,"Corporate Point",225503V012178,"2025-10-07 10:06:32",12,71,72,,,,,"2026-10-07 10:06:32","Computer Accessories","Router-TP-Link Archer C6 AC1200 Gigabit",FAHSC2025-10-07GR333610,10,,1,"2025-10-09 10:20:00",NULL,NULL,0,NULL,NULL,NULL,NULL,1
92,02-2014,FAHSC02-22972025-10-08MR125042,FAHSC02-22972025-08-26PR13755,"Corporate Point",225503V011983,"2025-10-07 10:06:32",12,71,72,,,,,"2026-10-07 10:06:32","Computer Accessories","Router-TP-Link Archer C6 AC1200 Gigabit",FAHSC2025-10-07GR333610,10,,1,"2025-10-09 10:20:00",NULL,NULL,0,NULL,NULL,NULL,NULL,1
93,02-2014,FAHSC02-22972025-10-08MR125042,FAHSC02-22972025-08-26PR13755,"Corporate Point",225503V011985,"2025-10-07 10:06:32",12,71,72,,,,,"2026-10-07 10:06:32","Computer Accessories","Router-TP-Link Archer C6 AC1200 Gigabit",FAHSC2025-10-07GR333610,10,,1,"2025-10-09 10:20:00",NULL,NULL,0,NULL,NULL,NULL,NULL,1
94,02-2014,FAHSC02-22972025-10-08MR125042,FAHSC02-22972025-08-26PR13755,"Corporate Point",225503V012179,"2025-10-07 10:06:32",12,71,72,,,,,"2026-10-07 10:06:32","Computer Accessories","Router-TP-Link Archer C6 AC1200 Gigabit",FAHSC2025-10-07GR333610,10,,1,"2025-10-09 10:20:00",NULL,NULL,0,NULL,NULL,NULL,NULL,1
95,02-2014,FAHSC02-22972025-10-08MR125042,FAHSC02-22972025-08-26PR13755,"Corporate Point",225503V011982,"2025-10-07 10:06:32",12,71,72,,,,,"2026-10-07 10:06:32","Computer Accessories","Router-TP-Link Archer C6 AC1200 Gigabit",FAHSC2025-10-07GR333610,10,,1,"2025-10-09 10:20:00",NULL,NULL,0,NULL,NULL,NULL,NULL,1
96,02-2014,FAHSC02-22972025-10-08MR125042,FAHSC02-22972025-08-26PR13755,"Corporate Point",225503V011984,"2025-10-07 10:06:32",12,71,72,,,,,"2026-10-07 10:06:32","Computer Accessories","Router-TP-Link Archer C6 AC1200 Gigabit",FAHSC2025-10-07GR333610,10,,1,"2025-10-09 10:20:00",NULL,NULL,0,NULL,NULL,NULL,NULL,1
97,02-2181,,NULL,"Famous Technologies","2514SYF1YZJ8 (PAC SN LAST 9)","2025-10-09 00:00:00",100,101,102,,,,,"2026-10-09 12:08:19",NULL,,,1,"1 YEARS WARRANTY",1,"2025-10-14 12:08:19",NULL,NULL,0,NULL,NULL,NULL,NULL,2
98,02-2014,FAHSC02-22972025-10-15MR125523,FAHSC02-22972025-08-11PR13712,"Star Tech & Engineer",2508APC70699,"2025-10-12 11:39:00",9,82,83,,,,,"2026-10-12 11:39:00","Computer Accessories","Mouse-Wireless (Standard)",FAHSC2025-10-12GR334381,20,,1,"2025-10-20 16:34:36",NULL,NULL,0,NULL,NULL,NULL,NULL,1
99,02-2014,FAHSC02-22972025-10-15MR125523,FAHSC02-22972025-08-11PR13712,"Star Tech & Engineer",2508APM71ZQ9,"2025-10-12 11:39:00",9,82,83,,,,,"2026-10-12 11:39:00","Computer Accessories","Mouse-Wireless (Standard)",FAHSC2025-10-12GR334381,20,,1,"2025-10-20 16:34:36",NULL,NULL,1,14704,"2026-04-21 15:10:36",02-2181,"IT Device",1
100,02-2014,FAHSC02-22972025-10-15MR125523,FAHSC02-22972025-08-11PR13712,"Star Tech & Engineer",2508APQ48ZP9,"2025-10-12 11:39:00",9,82,83,,,,,"2026-10-12 11:39:00","Computer Accessories","Mouse-Wireless (Standard)",FAHSC2025-10-12GR334381,20,,1,"2025-10-20 16:34:36",NULL,NULL,1,14309,"2025-10-30 10:16:28",02-2297,"IT Device",1
101,02-2014,FAHSC02-22972025-10-15MR125523,FAHSC02-22972025-08-11PR13712,"Star Tech & Engineer",2508APJ6ZRJ9,"2025-10-12 11:39:00",9,82,83,,,,,"2026-10-12 11:39:00","Computer Accessories","Mouse-Wireless (Standard)",FAHSC2025-10-12GR334381,20,,1,"2025-10-20 16:34:36",NULL,NULL,1,14312,"2025-10-30 10:22:35",02-2297,"IT Device",1
102,02-2014,FAHSC02-22972025-10-15MR125523,FAHSC02-22972025-08-11PR13712,"Star Tech & Engineer",2508APV48ZA9,"2025-10-12 11:39:00",9,82,83,,,,,"2026-10-12 11:39:00","Computer Accessories","Mouse-Wireless (Standard)",FAHSC2025-10-12GR334381,20,,1,"2025-10-20 16:34:36",NULL,NULL,1,14727,"2026-05-05 17:12:48",02-2181,"IT Device",1
103,02-2014,FAHSC02-22972025-10-15MR125523,FAHSC02-22972025-08-11PR13712,"Star Tech & Engineer",2508APT48L69,"2025-10-12 11:39:00",9,82,83,,,,,"2026-10-12 11:39:00","Computer Accessories","Mouse-Wireless (Standard)",FAHSC2025-10-12GR334381,20,,1,"2025-10-20 16:34:36",NULL,NULL,1,14313,"2025-10-30 10:23:52",02-2297,"IT Device",1
104,02-2014,FAHSC02-22972025-10-15MR125523,FAHSC02-22972025-08-11PR13712,"Star Tech & Engineer",2508APJ491G9,"2025-10-12 11:39:00",9,82,83,,,,,"2026-10-12 11:39:00","Computer Accessories","Mouse-Wireless (Standard)",FAHSC2025-10-12GR334381,20,,1,"2025-10-20 16:34:36",NULL,NULL,1,14483,"2026-02-02 12:17:29",02-2297,"IT Device",1
105,02-2014,FAHSC02-22972025-10-15MR125523,FAHSC02-22972025-08-11PR13712,"Star Tech & Engineer",2508APR490G9,"2025-10-12 11:39:00",9,82,83,,,,,"2026-10-12 11:39:00","Computer Accessories","Mouse-Wireless (Standard)",FAHSC2025-10-12GR334381,20,,1,"2025-10-20 16:34:36",NULL,NULL,0,NULL,NULL,NULL,NULL,1
106,02-2014,FAHSC02-22972025-10-15MR125523,FAHSC02-22972025-08-11PR13712,"Star Tech & Engineer",2508APR718Y9,"2025-10-12 11:39:00",9,82,83,,,,,"2026-10-12 11:39:00","Computer Accessories","Mouse-Wireless (Standard)",FAHSC2025-10-12GR334381,20,,1,"2025-10-20 16:34:36",NULL,NULL,1,14743,"2026-05-12 16:16:37",02-2181,"IT Device",1
107,02-2014,FAHSC02-22972025-10-15MR125523,FAHSC02-22972025-08-11PR13712,"Star Tech & Engineer",2508AP66Z9R9,"2025-10-12 11:39:00",9,82,83,,,,,"2026-10-12 11:39:00","Computer Accessories","Mouse-Wireless (Standard)",FAHSC2025-10-12GR334381,20,,1,"2025-10-20 16:34:36",NULL,NULL,0,NULL,NULL,NULL,NULL,1
108,02-2014,FAHSC02-22972025-10-15MR125523,FAHSC02-22972025-08-11PR13712,"Star Tech & Engineer",2525APH6GCR9,"2025-10-12 11:39:00",9,82,83,,,,,"2026-10-12 11:39:00","Computer Accessories","Mouse-Wireless (Standard)",FAHSC2025-10-12GR334381,20,,1,"2025-10-20 16:34:36",NULL,NULL,1,14764,"2026-05-18 16:16:12",02-2181,"IT Device",1
109,02-2014,FAHSC02-22972025-10-15MR125523,FAHSC02-22972025-08-11PR13712,"Star Tech & Engineer",2508AP348XW9,"2025-10-12 11:39:00",9,82,83,,,,,"2026-10-12 11:39:00","Computer Accessories","Mouse-Wireless (Standard)",FAHSC2025-10-12GR334381,20,,1,"2025-10-20 16:34:36",NULL,NULL,1,14310,"2025-10-30 10:17:49",02-2297,"IT Device",1
110,02-2014,FAHSC02-22972025-10-15MR125523,FAHSC02-22972025-08-11PR13712,"Star Tech & Engineer",2525APU6FBC9,"2025-10-12 11:39:00",9,82,83,,,,,"2026-10-12 11:39:00","Computer Accessories","Mouse-Wireless (Standard)",FAHSC2025-10-12GR334381,20,,1,"2025-10-20 16:34:36",NULL,NULL,1,14495,"2026-02-08 17:53:57",02-2297,"IT Device",1
111,02-2014,FAHSC02-22972025-10-15MR125523,FAHSC02-22972025-08-11PR13712,"Star Tech & Engineer",2508APX404P9,"2025-10-12 11:39:00",9,82,83,,,,,"2026-10-12 11:39:00","Computer Accessories","Mouse-Wireless (Standard)",FAHSC2025-10-12GR334381,20,,1,"2025-10-20 16:34:36",NULL,NULL,1,14768,"2026-05-18 18:37:28",02-2297,"IT Device",1
112,02-2014,FAHSC02-22972025-10-15MR125523,FAHSC02-22972025-08-11PR13712,"Star Tech & Engineer",2508APT44SV9,"2025-10-12 11:39:00",9,82,83,,,,,"2026-10-12 11:39:00","Computer Accessories","Mouse-Wireless (Standard)",FAHSC2025-10-12GR334381,20,,1,"2025-10-20 16:34:36",NULL,NULL,1,14482,"2026-02-01 15:28:10",02-2181,"IT Device",1
113,02-2014,FAHSC02-22972025-10-15MR125523,FAHSC02-22972025-08-11PR13712,"Star Tech & Engineer",2508APC6YTA9,"2025-10-12 11:39:00",9,82,83,,,,,"2026-10-12 11:39:00","Computer Accessories","Mouse-Wireless (Standard)",FAHSC2025-10-12GR334381,20,,1,"2025-10-20 16:34:36",NULL,NULL,1,14314,"2025-10-30 10:24:39",02-2297,"IT Device",1
114,02-2014,FAHSC02-22972025-10-15MR125523,FAHSC02-22972025-08-11PR13712,"Star Tech & Engineer",2508APJ495V9,"2025-10-12 11:39:00",9,82,83,,,,,"2026-10-12 11:39:00","Computer Accessories","Mouse-Wireless (Standard)",FAHSC2025-10-12GR334381,20,,1,"2025-10-20 16:34:36",NULL,NULL,1,14311,"2025-10-30 10:19:37",02-2297,"IT Device",1
115,02-2014,FAHSC02-22972025-10-15MR125523,FAHSC02-22972025-08-11PR13712,"Star Tech & Engineer",2508APJ73UM9,"2025-10-12 11:39:00",9,82,83,,,,,"2026-10-12 11:39:00","Computer Accessories","Mouse-Wireless (Standard)",FAHSC2025-10-12GR334381,20,,1,"2025-10-20 16:34:36",NULL,NULL,1,14447,"2026-01-11 16:25:26",02-2297,"IT Device",1
116,02-2014,FAHSC02-22972025-10-15MR125523,FAHSC02-22972025-08-11PR13712,"Star Tech & Engineer",2508APS73CA9,"2025-10-12 11:39:00",9,82,83,,,,,"2026-10-12 11:39:00","Computer Accessories","Mouse-Wireless (Standard)",FAHSC2025-10-12GR334381,20,,1,"2025-10-20 16:34:36",NULL,NULL,1,14716,"2026-04-27 18:01:22",02-2297,"IT Device",1
117,02-2014,FAHSC02-22972025-10-15MR125523,FAHSC02-22972025-08-11PR13712,"Star Tech & Engineer",2508APB71Z89,"2025-10-12 11:39:00",9,82,83,,,,,"2026-10-12 11:39:00","Computer Accessories","Mouse-Wireless (Standard)",FAHSC2025-10-12GR334381,20,,1,"2025-10-20 16:34:37",NULL,NULL,1,14308,"2025-10-30 10:14:29",02-2297,"IT Device",1
118,02-2014,FAHSC02-22972025-10-19MR125732,FAHSC02-22972025-09-04PR13795,"Daffodil Computers Limited",2514APB6KW29,"2025-10-13 15:17:53",9,82,83,,,,,"2026-10-13 15:17:53","Computer Accessories","Mouse-Wireless (Standard)",FAHSC2025-10-13GR334473,11,,1,"2025-10-29 11:30:19",NULL,NULL,1,14490,"2026-02-03 17:18:26",02-2014,"IT Device",1
119,02-2014,FAHSC02-22972025-10-19MR125732,FAHSC02-22972025-09-04PR13795,"Daffodil Computers Limited",2514AP96KWV9,"2025-10-13 15:17:53",9,82,83,,,,,"2026-10-13 15:17:53","Computer Accessories","Mouse-Wireless (Standard)",FAHSC2025-10-13GR334473,11,,1,"2025-10-29 11:30:19",NULL,NULL,1,14444,"2026-01-08 15:32:39",02-2181,"IT Device",1
120,02-2014,FAHSC02-22972025-10-19MR125732,FAHSC02-22972025-09-04PR13795,"Daffodil Computers Limited",2514APX6KVW9,"2025-10-13 15:17:53",9,82,83,,,,,"2026-10-13 15:17:53","Computer Accessories","Mouse-Wireless (Standard)",FAHSC2025-10-13GR334473,11,,1,"2025-10-29 11:30:19",NULL,NULL,1,14450,"2026-01-15 12:42:07",02-2181,"IT Device",1
121,02-2014,FAHSC02-22972025-10-19MR125732,FAHSC02-22972025-09-04PR13795,"Daffodil Computers Limited",2514APD6KW89,"2025-10-13 15:17:53",9,82,83,,,,,"2026-10-13 15:17:53","Computer Accessories","Mouse-Wireless (Standard)",FAHSC2025-10-13GR334473,11,,1,"2025-10-29 11:30:19",NULL,NULL,1,14442,"2026-01-08 14:02:00",02-2181,"IT Device",1
122,02-2014,FAHSC02-22972025-10-19MR125732,FAHSC02-22972025-09-04PR13795,"Daffodil Computers Limited",2508APF498K9,"2025-10-13 15:17:53",9,82,83,,,,,"2026-10-13 15:17:53","Computer Accessories","Mouse-Wireless (Standard)",FAHSC2025-10-13GR334473,11,,1,"2025-10-29 11:30:19",NULL,NULL,1,14420,"2026-01-05 14:29:53",02-2297,"IT Device",1
123,02-2014,FAHSC02-22972025-10-19MR125732,FAHSC02-22972025-09-04PR13795,"Daffodil Computers Limited",2514AP96KVV9,"2025-10-13 15:17:53",9,82,83,,,,,"2026-10-13 15:17:53","Computer Accessories","Mouse-Wireless (Standard)",FAHSC2025-10-13GR334473,11,,1,"2025-10-29 11:30:19",NULL,NULL,1,14453,"2026-01-18 11:23:07",02-2181,"IT Device",1
124,02-2014,FAHSC02-22972025-10-19MR125732,FAHSC02-22972025-09-04PR13795,"Daffodil Computers Limited",2514AP36KVX9,"2025-10-13 15:17:53",9,82,83,,,,,"2026-10-13 15:17:53","Computer Accessories","Mouse-Wireless (Standard)",FAHSC2025-10-13GR334473,11,,1,"2025-10-29 11:30:19",NULL,NULL,1,14547,"2026-02-18 15:10:36",02-2181,"IT Device",1
125,02-2014,FAHSC02-22972025-10-19MR125732,FAHSC02-22972025-09-04PR13795,"Daffodil Computers Limited",2514APC6KVZ9,"2025-10-13 15:17:53",9,82,83,,,,,"2026-10-13 15:17:53","Computer Accessories","Mouse-Wireless (Standard)",FAHSC2025-10-13GR334473,11,,1,"2025-10-29 11:30:19",NULL,NULL,1,14502,"2026-02-09 15:31:34",02-2014,"IT Device",1
126,02-2014,FAHSC02-22972025-10-19MR125732,FAHSC02-22972025-09-04PR13795,"Daffodil Computers Limited",2514APZ6LV99,"2025-10-13 15:17:53",9,82,83,,,,,"2026-10-13 15:17:53","Computer Accessories","Mouse-Wireless (Standard)",FAHSC2025-10-13GR334473,11,,1,"2025-10-29 11:30:19",NULL,NULL,1,14411,"2026-01-04 10:28:07",02-2181,"IT Device",1
127,02-2014,FAHSC02-22972025-10-19MR125732,FAHSC02-22972025-09-04PR13795,"Daffodil Computers Limited",2508AP7713Z9,"2025-10-13 15:17:53",9,82,83,,,,,"2026-10-13 15:17:53","Computer Accessories","Mouse-Wireless (Standard)",FAHSC2025-10-13GR334473,11,,1,"2025-10-29 11:30:19",NULL,NULL,1,14455,"2026-01-19 12:07:00",02-2181,"IT Device",1
128,02-2014,FAHSC02-22972025-10-19MR125732,FAHSC02-22972025-09-04PR13795,"Daffodil Computers Limited",2514APW6KWT9,"2025-10-13 15:17:53",9,82,83,,,,,"2026-10-13 15:17:53","Computer Accessories","Mouse-Wireless (Standard)",FAHSC2025-10-13GR334473,11,,1,"2025-10-29 11:30:19",NULL,NULL,1,14506,"2026-02-15 11:16:21",02-2014,"IT Device",1
129,02-2014,FAHSC02-22972025-10-19MR125731,FAHSC02-22972025-09-04PR13795,"Daffodil Computers Limited",5CD4300WCY,"2025-10-13 15:17:53",18,106,107,"Intel Core i7-1355U (up to 5.0GHz, 12 MB L3 cache)","16 GB DDR4 3200MHz","512GB PCIe NVMe SSD",14,"2028-10-13 15:17:53","Computer Accessories",Laptop-STANDARD,FAHSC2025-10-13GR334473,11,,1,"2025-10-29 11:37:12",NULL,NULL,1,14353,"2025-11-24 13:37:50",02-2248,"IT Device",1
130,02-2014,FAHSC02-22972025-10-19MR125731,FAHSC02-22972025-09-04PR13795,"Daffodil Computers Limited",5CD4481RMC,"2025-10-13 15:17:53",18,106,107,"Intel Core i7-1355U (up to 5.0GHz, 12 MB L3 cache)","16 GB DDR4 3200MHz","512GB PCIe NVMe SSD",14,"2028-10-13 15:17:53","Computer Accessories",Laptop-STANDARD,FAHSC2025-10-13GR334473,11,,1,"2025-10-29 11:37:12",NULL,NULL,1,14344,"2025-11-19 15:24:13",02-2297,"IT Device",1
131,02-2014,FAHSC02-22972025-10-19MR125731,FAHSC02-22972025-09-04PR13795,"Daffodil Computers Limited",5CD4481RL8,"2025-10-13 15:17:53",18,106,107,"Intel Core i7-1355U (up to 5.0GHz, 12 MB L3 cache)","16 GB DDR4 3200MHz","512GB PCIe NVMe SSD",14,"2028-10-13 15:17:53","Computer Accessories",Laptop-STANDARD,FAHSC2025-10-13GR334473,11,,1,"2025-10-29 11:37:12",NULL,NULL,1,14737,"2026-05-10 17:51:43",02-2181,"IT Device",1
132,02-2014,FAHSC02-22972025-10-19MR125731,FAHSC02-22972025-09-04PR13795,"Daffodil Computers Limited",5CD4481RM8,"2025-10-13 15:17:53",18,106,107,"Intel Core i7-1355U (up to 5.0GHz, 12 MB L3 cache)","16 GB DDR4 3200MHz","512GB PCIe NVMe SSD",14,"2028-10-13 15:17:53","Computer Accessories",Laptop-STANDARD,FAHSC2025-10-13GR334473,11,,1,"2025-10-29 11:37:12",NULL,NULL,1,14723,"2026-05-05 16:30:37",02-2181,"IT Device",1
133,02-2014,FAHSC02-22972025-10-19MR125731,FAHSC02-22972025-09-04PR13795,"Daffodil Computers Limited",5CD4300WDT,"2025-10-13 15:17:53",18,106,107,"Intel Core i7-1355U (up to 5.0GHz, 12 MB L3 cache)","16 GB DDR4 3200MHz","512GB PCIe NVMe SSD",14,"2028-10-13 15:17:53","Computer Accessories",Laptop-STANDARD,FAHSC2025-10-13GR334473,11,,1,"2025-10-29 11:37:12",NULL,NULL,1,14446,"2026-01-11 16:22:25",02-2297,"IT Device",1
134,02-2014,FAHSC02-22972025-10-19MR125731,FAHSC02-22972025-09-04PR13795,"Daffodil Computers Limited",5CD4481RN1,"2025-10-13 15:17:53",18,106,107,"Intel Core i7-1355U (up to 5.0GHz, 12 MB L3 cache)","16 GB DDR4 3200MHz","512GB PCIe NVMe SSD",14,"2028-10-13 15:17:53","Computer Accessories",Laptop-STANDARD,FAHSC2025-10-13GR334473,11,,1,"2025-10-29 11:37:12",NULL,NULL,1,14692,"2026-04-16 14:01:23",02-2248,"IT Device",1
135,02-2014,FAHSC02-22972025-10-19MR125731,FAHSC02-22972025-09-04PR13795,"Daffodil Computers Limited",5CD4481RLL,"2025-10-13 15:17:53",18,106,107,"Intel Core i7-1355U (up to 5.0GHz, 12 MB L3 cache)","16 GB DDR4 3200MHz","512GB PCIe NVMe SSD",14,"2028-10-13 15:17:53","Computer Accessories",Laptop-STANDARD,FAHSC2025-10-13GR334473,11,,1,"2025-10-29 11:37:12",NULL,NULL,1,14496,"2026-02-08 17:59:01",02-2297,"IT Device",1
136,02-2014,FAHSC02-22972025-10-19MR125731,FAHSC02-22972025-09-04PR13795,"Daffodil Computers Limited",5CD4481RN6,"2025-10-13 15:17:53",18,106,107,"Intel Core i7-1355U (up to 5.0GHz, 12 MB L3 cache)","16 GB DDR4 3200MHz","512GB PCIe NVMe SSD",14,"2028-10-13 15:17:53","Computer Accessories",Laptop-STANDARD,FAHSC2025-10-13GR334473,11,,1,"2025-10-29 11:37:12",NULL,NULL,1,14318,"2025-11-02 15:49:46",02-2297,"IT Device",1
137,02-2014,FAHSC02-22972025-10-19MR125731,FAHSC02-22972025-09-04PR13795,"Daffodil Computers Limited",5CD4481RLB,"2025-10-13 15:17:53",18,106,107,"Intel Core i7-1355U (up to 5.0GHz, 12 MB L3 cache)","16 GB DDR4 3200MHz","512GB PCIe NVMe SSD",14,"2028-10-13 15:17:53","Computer Accessories",Laptop-STANDARD,FAHSC2025-10-13GR334473,11,,1,"2025-10-29 11:37:12",NULL,NULL,1,14341,"2025-11-19 12:28:30",02-2297,"IT Device",1
138,02-2014,FAHSC02-22972025-10-19MR125731,FAHSC02-22972025-09-04PR13795,"Daffodil Computers Limited",5CD4481RLF,"2025-10-13 15:17:53",18,106,107,"Intel Core i7-1355U (up to 5.0GHz, 12 MB L3 cache)","16 GB DDR4 3200MHz","512GB PCIe NVMe SSD",14,"2028-10-13 15:17:53","Computer Accessories",Laptop-STANDARD,FAHSC2025-10-13GR334473,11,,1,"2025-10-29 11:37:12",NULL,NULL,1,14611,"2026-03-05 15:14:02",02-2181,"IT Device",1
139,02-2014,FAHSC02-22972025-10-19MR125731,FAHSC02-22972025-09-04PR13795,"Daffodil Computers Limited",5CD4300WBL,"2025-10-13 15:17:53",18,106,107,"Intel Core i7-1355U (up to 5.0GHz, 12 MB L3 cache)","16 GB DDR4 3200MHz","512GB PCIe NVMe SSD",14,"2028-10-13 15:17:53","Computer Accessories",Laptop-STANDARD,FAHSC2025-10-13GR334473,11,,1,"2025-10-29 11:37:12",NULL,NULL,1,14675,"2026-04-15 11:20:54",02-2181,"IT Device",1
140,02-2014,,NULL,"Famous Technologies",142446318180,"2025-10-09 00:00:00",17,108,109,,,"256 NVMe",,"2028-10-09 10:21:04",NULL,,,3,,1,"2025-10-30 10:21:04",NULL,NULL,1,14650,"2026-04-07 11:14:35",02-2181,"IT Device",2
141,02-2014,,NULL,"Famous Technologies",142451505356,"2025-10-09 00:00:00",17,108,109,,,"256 NVMe",,"2028-10-09 10:21:04",NULL,,,3,,1,"2025-10-30 10:21:04",NULL,NULL,1,14315,"2025-10-30 10:32:07",02-2181,"IT Device",2
142,02-2014,,NULL,"Famous Technologies",1P1100402584,"2025-10-09 00:00:00",7,110,111,,"8GB DDR4 3200MHz",,,"2028-10-09 10:21:04",NULL,,,3,,1,"2025-10-30 10:21:04",NULL,NULL,1,14357,"2025-11-30 08:46:29",02-2181,"IT Device",2
143,02-2014,,NULL,"Famous Technologies",SN240408910105,"2025-10-09 00:00:00",17,112,116,,,"256 NVMe",,"2028-10-09 10:27:06",NULL,,,2,,1,"2025-10-30 10:27:06",NULL,NULL,1,14317,"2025-10-30 10:34:46",02-2181,"IT Device",2
144,02-2014,,NULL,"Famous Technologies",SN244008900007,"2025-10-09 00:00:00",17,112,116,,,"256 NVMe",,"2028-10-09 10:27:06",NULL,,,2,,1,"2025-10-30 10:27:06",NULL,NULL,1,14316,"2025-10-30 10:33:14",02-2181,"IT Device",2
145,02-2181,,NULL,"Famous Technologies",23SYI00-1100,"2025-11-10 00:00:00",9,85,91,,,,,"2026-11-10 08:40:37",NULL,,,10,"1 YEARS WARRANTY",1,"2025-11-17 08:40:37",NULL,NULL,1,14384,"2025-12-11 12:22:42",02-2014,"IT Device",2
146,02-2181,,NULL,"Famous Technologies",23SYI00-1101,"2025-11-10 00:00:00",9,85,91,,,,,"2026-11-10 08:40:37",NULL,,,10,"1 YEARS WARRANTY",1,"2025-11-17 08:40:37",NULL,NULL,1,14400,"2025-12-23 10:40:33",02-2181,"IT Device",2
147,02-2181,,NULL,"Famous Technologies",23SYI00-1112,"2025-11-10 00:00:00",9,85,91,,,,,"2026-11-10 08:40:37",NULL,,,10,"1 YEARS WARRANTY",1,"2025-11-17 08:40:37",NULL,NULL,1,14359,"2025-11-30 10:13:06",02-2181,"IT Device",2
148,02-2181,,NULL,"Famous Technologies",23SYI00-1113,"2025-11-10 00:00:00",9,85,91,,,,,"2026-11-10 08:40:37",NULL,,,10,"1 YEARS WARRANTY",1,"2025-11-17 08:40:37",NULL,NULL,1,14358,"2025-11-30 10:05:31",02-2181,"IT Device",2
149,02-2181,,NULL,"Famous Technologies",23SYI00-1114,"2025-11-10 00:00:00",9,85,91,,,,,"2026-11-10 08:40:37",NULL,,,10,"1 YEARS WARRANTY",1,"2025-11-17 08:40:37",NULL,NULL,1,14347,"2025-11-20 10:49:06",02-2181,"IT Device",2
150,02-2181,,NULL,"Famous Technologies",23SYI00-1115,"2025-11-10 00:00:00",9,85,91,,,,,"2026-11-10 08:40:37",NULL,,,10,"1 YEARS WARRANTY",1,"2025-11-17 08:40:37",NULL,NULL,1,14345,"2025-11-20 08:23:34",02-2181,"IT Device",2
151,02-2181,,NULL,"Famous Technologies",23SYI00-1116,"2025-11-10 00:00:00",9,85,91,,,,,"2026-11-10 08:40:37",NULL,,,10,"1 YEARS WARRANTY",1,"2025-11-17 08:40:37",NULL,NULL,1,14336,"2025-11-17 15:25:32",02-2181,"IT Device",2
152,02-2181,,NULL,"Famous Technologies",23SYI00-1117,"2025-11-10 00:00:00",9,85,91,,,,,"2026-11-10 08:40:37",NULL,,,10,"1 YEARS WARRANTY",1,"2025-11-17 08:40:37",NULL,NULL,1,14335,"2025-11-17 15:24:06",02-2181,"IT Device",2
153,02-2181,,NULL,"Famous Technologies",23SYI00-1118,"2025-11-10 00:00:00",9,85,91,,,,,"2026-11-10 08:40:37",NULL,,,10,"1 YEARS WARRANTY",1,"2025-11-17 08:40:37",NULL,NULL,1,14334,"2025-11-17 11:57:22",02-2181,"IT Device",2
154,02-2181,,NULL,"Famous Technologies",23SYI00-1119,"2025-11-10 00:00:00",9,85,91,,,,,"2026-11-10 08:40:37",NULL,,,10,"1 YEARS WARRANTY",1,"2025-11-17 08:40:37",NULL,NULL,1,14333,"2025-11-17 11:16:47",02-2181,"IT Device",2
155,02-2181,,NULL,"Famous Technologies",REVORG08280074,"2025-10-13 00:00:00",10,126,127,,,,,"2026-04-13 09:08:44",NULL,,,1,"6 Month warranty",1,"2025-11-17 09:08:44",NULL,NULL,1,14332,"2025-11-17 09:09:41",02-2181,"IT Device",2
156,02-2014,FAHSC02-22972025-10-21MR125942,FAHSC02-20142025-10-07PR13906,"Local Market",L4FQ9P570P,"2025-10-19 17:32:03",45,122,123,"Apple M4 chip with 10â€‘core CPU, 8 core GPU","16 GB(Apple)","512 GB (Apple)","13.6-inch Liquid Retina display","2026-10-19 17:32:03","Computer Accessories","iMac (Apple)",FAHSC2025-10-19GR335324,3,"Purchase from Local Vendor",1,"2025-11-19 09:22:27",NULL,NULL,1,14412,"2026-01-05 09:54:35",02-2297,"IT Device",1
157,02-2014,FAHSC02-22972025-10-21MR125942,FAHSC02-20142025-10-07PR13906,"Local Market",DPQ7LK74LN,"2025-10-19 17:32:03",45,122,123,"Apple M4 chip with 10â€‘core CPU, 8 core GPU","16 GB(Apple)","512 GB (Apple)","13.6-inch Liquid Retina display","2026-10-19 17:32:03","Computer Accessories","iMac (Apple)",FAHSC2025-10-19GR335324,3,"Purchase from Local Vendor",1,"2025-11-19 09:22:27",NULL,NULL,1,14413,"2026-01-05 09:56:35",02-2297,"IT Device",1
158,02-2014,FAHSC02-22972025-10-21MR125942,FAHSC02-20142025-10-07PR13906,"Local Market",0F33PBB25243K9,"2025-10-19 17:32:03",128,129,130,"SnapdragonÂ® X Plus (8 Core)","16GB LPDDR5x ","512GB PCIe 4.0 SSD",13,"2026-10-19 17:32:03","Computer Accessories",Laptop-STANDARD,FAHSC2025-10-19GR335324,3,"Purchase from Local Vendor",1,"2025-11-19 09:22:27",NULL,NULL,1,14418,"2026-01-05 10:02:01",02-2297,"IT Device",1
159,02-2297,FAHSC02-22972025-11-17MR128162,FAHSC02-22972025-08-11PR13712,"Star Tech & Engineer",2508APV47JG9,"2025-11-13 15:28:51",9,82,83,,,,,"2026-11-13 15:28:51","Computer Accessories","Mouse-Wireless (Standard)",FAHSC2025-11-13GR339033,40,,1,"2025-11-19 10:38:33",NULL,NULL,1,14372,"2025-12-08 09:09:28",02-2181,"IT Device",1
160,02-2297,FAHSC02-22972025-11-17MR128162,FAHSC02-22972025-08-11PR13712,"Star Tech & Engineer",2508APE492B9,"2025-11-13 15:28:51",9,82,83,,,,,"2026-11-13 15:28:51","Computer Accessories","Mouse-Wireless (Standard)",FAHSC2025-11-13GR339033,40,,1,"2025-11-19 10:38:33",NULL,NULL,1,14555,"2026-02-23 09:54:08",02-2297,"IT Device",1
161,02-2297,FAHSC02-22972025-11-17MR128162,FAHSC02-22972025-08-11PR13712,"Star Tech & Engineer",2525APC6EXY9,"2025-11-13 15:28:51",9,82,83,,,,,"2026-11-13 15:28:51","Computer Accessories","Mouse-Wireless (Standard)",FAHSC2025-11-13GR339033,40,,1,"2025-11-19 10:38:33",NULL,NULL,1,14583,"2026-03-03 12:11:37",02-2181,"IT Device",1
162,02-2297,FAHSC02-22972025-11-17MR128162,FAHSC02-22972025-08-11PR13712,"Star Tech & Engineer",2508AP941AD9,"2025-11-13 15:28:51",9,82,83,,,,,"2026-11-13 15:28:51","Computer Accessories","Mouse-Wireless (Standard)",FAHSC2025-11-13GR339033,40,,1,"2025-11-19 10:38:33",NULL,NULL,1,14559,"2026-02-25 14:40:15",02-2248,"IT Device",1
163,02-2297,FAHSC02-22972025-11-17MR128162,FAHSC02-22972025-08-11PR13712,"Star Tech & Engineer",2508APY464A9,"2025-11-13 15:28:51",9,82,83,,,,,"2026-11-13 15:28:51","Computer Accessories","Mouse-Wireless (Standard)",FAHSC2025-11-13GR339033,40,,1,"2025-11-19 10:38:33",NULL,NULL,1,14696,"2026-04-20 12:14:50",02-2297,"IT Device",1
164,02-2297,FAHSC02-22972025-11-17MR128162,FAHSC02-22972025-08-11PR13712,"Star Tech & Engineer",2508APS704S9,"2025-11-13 15:28:51",9,82,83,,,,,"2026-11-13 15:28:51","Computer Accessories","Mouse-Wireless (Standard)",FAHSC2025-11-13GR339033,40,,1,"2025-11-19 10:38:33",NULL,NULL,1,14376,"2025-12-09 11:38:01",02-2014,"IT Device",1
165,02-2297,FAHSC02-22972025-11-17MR128162,FAHSC02-22972025-08-11PR13712,"Star Tech & Engineer",2508AP46ZM49,"2025-11-13 15:28:51",9,82,83,,,,,"2026-11-13 15:28:51","Computer Accessories","Mouse-Wireless (Standard)",FAHSC2025-11-13GR339033,40,,1,"2025-11-19 10:38:33",NULL,NULL,1,14678,"2026-04-15 12:16:32",02-2181,"IT Device",1
166,02-2297,FAHSC02-22972025-11-17MR128162,FAHSC02-22972025-08-11PR13712,"Star Tech & Engineer",2508APA70629,"2025-11-13 15:28:51",9,82,83,,,,,"2026-11-13 15:28:51","Computer Accessories","Mouse-Wireless (Standard)",FAHSC2025-11-13GR339033,40,,1,"2025-11-19 10:38:33",NULL,NULL,1,14349,"2025-11-24 08:58:58",02-2181,"IT Device",1
167,02-2297,FAHSC02-22972025-11-17MR128162,FAHSC02-22972025-08-11PR13712,"Star Tech & Engineer",2508APV71V19,"2025-11-13 15:28:51",9,82,83,,,,,"2026-11-13 15:28:51","Computer Accessories","Mouse-Wireless (Standard)",FAHSC2025-11-13GR339033,40,,1,"2025-11-19 10:38:33",NULL,NULL,1,14408,"2025-12-28 13:16:10",02-2297,"IT Device",1
168,02-2297,FAHSC02-22972025-11-17MR128162,FAHSC02-22972025-08-11PR13712,"Star Tech & Engineer",2508APL44TL9,"2025-11-13 15:28:51",9,82,83,,,,,"2026-11-13 15:28:51","Computer Accessories","Mouse-Wireless (Standard)",FAHSC2025-11-13GR339033,40,,1,"2025-11-19 10:38:33",NULL,NULL,1,14667,"2026-04-12 16:50:56",02-2181,"IT Device",1
169,02-2297,FAHSC02-22972025-11-17MR128162,FAHSC02-22972025-08-11PR13712,"Star Tech & Engineer",2508APS71V89,"2025-11-13 15:28:51",9,82,83,,,,,"2026-11-13 15:28:51","Computer Accessories","Mouse-Wireless (Standard)",FAHSC2025-11-13GR339033,40,,1,"2025-11-19 10:38:33",NULL,NULL,1,14492,"2026-02-08 13:28:43",02-2297,"IT Device",1
170,02-2297,FAHSC02-22972025-11-17MR128162,FAHSC02-22972025-08-11PR13712,"Star Tech & Engineer",2508APP71V69,"2025-11-13 15:28:51",9,82,83,,,,,"2026-11-13 15:28:51","Computer Accessories","Mouse-Wireless (Standard)",FAHSC2025-11-13GR339033,40,,1,"2025-11-19 10:38:33",NULL,NULL,1,14498,"2026-02-09 12:21:12",02-2297,"IT Device",1
171,02-2297,FAHSC02-22972025-11-17MR128162,FAHSC02-22972025-08-11PR13712,"Star Tech & Engineer",2508APM70HP9,"2025-11-13 15:28:51",9,82,83,,,,,"2026-11-13 15:28:51","Computer Accessories","Mouse-Wireless (Standard)",FAHSC2025-11-13GR339033,40,,1,"2025-11-19 10:38:33",NULL,NULL,1,14342,"2025-11-19 13:59:04",02-2181,"IT Device",1
172,02-2297,FAHSC02-22972025-11-17MR128162,FAHSC02-22972025-08-11PR13712,"Star Tech & Engineer",2508APB70UJ9,"2025-11-13 15:28:51",9,82,83,,,,,"2026-11-13 15:28:51","Computer Accessories","Mouse-Wireless (Standard)",FAHSC2025-11-13GR339033,40,,1,"2025-11-19 10:38:33",NULL,NULL,1,14612,"2026-03-05 15:29:48",02-2181,"IT Device",1
173,02-2297,FAHSC02-22972025-11-17MR128162,FAHSC02-22972025-08-11PR13712,"Star Tech & Engineer",2508APW6YT49,"2025-11-13 15:28:51",9,82,83,,,,,"2026-11-13 15:28:51","Computer Accessories","Mouse-Wireless (Standard)",FAHSC2025-11-13GR339033,40,,1,"2025-11-19 10:38:33",NULL,NULL,1,14494,"2026-02-08 15:11:49",02-2297,"IT Device",1
174,02-2297,FAHSC02-22972025-11-17MR128162,FAHSC02-22972025-08-11PR13712,"Star Tech & Engineer",2508AP66ZKM9,"2025-11-13 15:28:51",9,82,83,,,,,"2026-11-13 15:28:51","Computer Accessories","Mouse-Wireless (Standard)",FAHSC2025-11-13GR339033,40,,1,"2025-11-19 10:38:33",NULL,NULL,1,14500,"2026-02-09 12:24:13",02-2297,"IT Device",1
175,02-2297,FAHSC02-22972025-11-17MR128162,FAHSC02-22972025-08-11PR13712,"Star Tech & Engineer",2508APC71UZ9,"2025-11-13 15:28:51",9,82,83,,,,,"2026-11-13 15:28:51","Computer Accessories","Mouse-Wireless (Standard)",FAHSC2025-11-13GR339033,40,,1,"2025-11-19 10:38:33",NULL,NULL,1,14646,"2026-04-02 17:00:23",02-2181,"IT Device",1
176,02-2297,FAHSC02-22972025-11-17MR128162,FAHSC02-22972025-08-11PR13712,"Star Tech & Engineer",2508APH48P29,"2025-11-13 15:28:51",9,82,83,,,,,"2026-11-13 15:28:51","Computer Accessories","Mouse-Wireless (Standard)",FAHSC2025-11-13GR339033,40,,1,"2025-11-19 10:38:33",NULL,NULL,1,14655,"2026-04-08 11:15:14",02-2181,"IT Device",1
177,02-2297,FAHSC02-22972025-11-17MR128162,FAHSC02-22972025-08-11PR13712,"Star Tech & Engineer",2508AP772AJ9,"2025-11-13 15:28:51",9,82,83,,,,,"2026-11-13 15:28:51","Computer Accessories","Mouse-Wireless (Standard)",FAHSC2025-11-13GR339033,40,,1,"2025-11-19 10:38:33",NULL,NULL,1,14649,"2026-04-07 10:52:24",02-2181,"IT Device",1
178,02-2297,FAHSC02-22972025-11-17MR128162,FAHSC02-22972025-08-11PR13712,"Star Tech & Engineer",2508APE49AZ9,"2025-11-13 15:28:51",9,82,83,,,,,"2026-11-13 15:28:51","Computer Accessories","Mouse-Wireless (Standard)",FAHSC2025-11-13GR339033,40,,1,"2025-11-19 10:38:33",NULL,NULL,1,14509,"2026-02-16 16:25:40",02-2297,"IT Device",1
179,02-2297,FAHSC02-22972025-11-17MR128162,FAHSC02-22972025-08-11PR13712,"Star Tech & Engineer",5CD5331N84,"2025-11-13 15:28:51",1,98,99,"Intel Core i5-1335U (up to 4.6 GHz, 12 MB L3 cache)","16 GB DDR4 3200MHz","512GB PCIe NVMe SSD",14,"2028-11-13 15:28:51","Computer Accessories",Laptop-STANDARD,FAHSC2025-11-13GR339033,40,,1,"2025-11-19 10:38:33",NULL,NULL,1,14454,"2026-01-19 12:05:35",02-2181,"IT Device",1
180,02-2297,FAHSC02-22972025-11-17MR128162,FAHSC02-22972025-08-11PR13712,"Star Tech & Engineer",5CD5331NGJ,"2025-11-13 15:28:51",1,98,99,"Intel Core i5-1335U (up to 4.6 GHz, 12 MB L3 cache)","16 GB DDR4 3200MHz","512GB PCIe 4.0 SSD",14,"2028-11-13 15:28:51","Computer Accessories",Laptop-STANDARD,FAHSC2025-11-13GR339033,40,,1,"2025-11-19 10:38:33",NULL,NULL,1,14493,"2026-02-08 14:56:43",02-2297,"IT Device",1
181,02-2297,FAHSC02-22972025-11-17MR128162,FAHSC02-22972025-08-11PR13712,"Star Tech & Engineer",5CD5331NDK,"2025-11-13 15:28:51",1,98,99,"Intel Core i5-1335U (up to 4.6 GHz, 12 MB L3 cache)","16 GB DDR4 3200MHz","512GB PCIe NVMe SSD",14,"2028-11-13 15:28:51","Computer Accessories",Laptop-STANDARD,FAHSC2025-11-13GR339033,40,,1,"2025-11-19 10:38:33",NULL,NULL,1,14362,"2025-12-01 08:37:24",02-2181,"IT Device",1
182,02-2297,FAHSC02-22972025-11-17MR128162,FAHSC02-22972025-08-11PR13712,"Star Tech & Engineer",5CD5331ND3,"2025-11-13 15:28:51",1,98,99,"Intel Core i5-1335U (up to 4.6 GHz, 12 MB L3 cache)","16 GB DDR4 3200MHz","512GB PCIe NVMe SSD",14,"2028-11-13 15:28:51","Computer Accessories",Laptop-STANDARD,FAHSC2025-11-13GR339033,40,,1,"2025-11-19 10:38:33",NULL,NULL,1,14481,"2026-02-01 15:27:08",02-2181,"IT Device",1
183,02-2297,FAHSC02-22972025-11-17MR128162,FAHSC02-22972025-08-11PR13712,"Star Tech & Engineer",5CD5331NHC,"2025-11-13 15:28:51",1,98,99,"Intel Core i5-1335U (up to 4.6 GHz, 12 MB L3 cache)","16 GB DDR4 3200MHz","512GB PCIe NVMe SSD",14,"2028-11-13 15:28:51","Computer Accessories",Laptop-STANDARD,FAHSC2025-11-13GR339033,40,,1,"2025-11-19 10:38:33",NULL,NULL,1,14449,"2026-01-15 12:37:18",02-2181,"IT Device",1
184,02-2297,FAHSC02-22972025-11-17MR128162,FAHSC02-22972025-08-11PR13712,"Star Tech & Engineer",5CD5331N9B,"2025-11-13 15:28:51",1,98,99,"Intel Core i5-1335U (up to 4.6 GHz, 12 MB L3 cache)","16 GB DDR4 3200MHz","512GB PCIe NVMe SSD",14,"2028-11-13 15:28:51","Computer Accessories",Laptop-STANDARD,FAHSC2025-11-13GR339033,40,,1,"2025-11-19 10:38:33",NULL,NULL,1,14425,"2026-01-06 18:37:07",02-2181,"IT Device",1
185,02-2297,FAHSC02-22972025-11-17MR128162,FAHSC02-22972025-08-11PR13712,"Star Tech & Engineer",5CD5334RFG,"2025-11-13 15:28:51",1,98,99,"Intel Core i5-1335U (up to 4.6 GHz, 12 MB L3 cache)","16 GB DDR4 3200MHz","512GB PCIe NVMe SSD",14,"2028-11-13 15:28:51","Computer Accessories",Laptop-STANDARD,FAHSC2025-11-13GR339033,40,,1,"2025-11-19 10:38:33",NULL,NULL,1,14410,"2026-01-01 15:46:14",02-2297,"IT Device",1
186,02-2297,FAHSC02-22972025-11-17MR128162,FAHSC02-22972025-08-11PR13712,"Star Tech & Engineer",5CD5334R3R,"2025-11-13 15:28:51",1,98,99,"Intel Core i5-1335U (up to 4.6 GHz, 12 MB L3 cache)","16 GB DDR4 3200MHz","512GB PCIe NVMe SSD",14,"2028-11-13 15:28:51","Computer Accessories",Laptop-STANDARD,FAHSC2025-11-13GR339033,40,,1,"2025-11-19 10:38:33",NULL,NULL,1,14440,"2026-01-08 11:08:26",02-2248,"IT Device",1
187,02-2297,FAHSC02-22972025-11-17MR128162,FAHSC02-22972025-08-11PR13712,"Star Tech & Engineer",5CD5334QZL,"2025-11-13 15:28:51",1,98,99,"Intel Core i5-1335U (up to 4.6 GHz, 12 MB L3 cache)","16 GB DDR4 3200MHz","512GB PCIe NVMe SSD",14,"2028-11-13 15:28:51","Computer Accessories",Laptop-STANDARD,FAHSC2025-11-13GR339033,40,,1,"2025-11-19 10:38:33",NULL,NULL,1,14419,"2026-01-05 14:26:16",02-2297,"IT Device",1
188,02-2297,FAHSC02-22972025-11-17MR128162,FAHSC02-22972025-08-11PR13712,"Star Tech & Engineer",5CD5334R9L,"2025-11-13 15:28:51",1,98,99,"Intel Core i5-1335U (up to 4.6 GHz, 12 MB L3 cache)","16 GB DDR4 3200MHz","512GB PCIe NVMe SSD",14,"2028-11-13 15:28:51","Computer Accessories",Laptop-STANDARD,FAHSC2025-11-13GR339033,40,,1,"2025-11-19 10:38:33",NULL,NULL,1,14399,"2025-12-21 11:53:42",02-2181,"IT Device",1
189,02-2297,FAHSC02-22972025-11-17MR128162,FAHSC02-22972025-08-11PR13712,"Star Tech & Engineer",5CD5331N9W,"2025-11-13 15:28:51",1,98,99,"Intel Core i5-1335U (up to 4.6 GHz, 12 MB L3 cache)","16 GB DDR4 3200MHz","512GB PCIe NVMe SSD",14,"2028-11-13 15:28:51","Computer Accessories",Laptop-STANDARD,FAHSC2025-11-13GR339033,40,,1,"2025-11-19 10:38:33",NULL,NULL,1,14441,"2026-01-08 13:21:45",02-2181,"IT Device",1
190,02-2297,FAHSC02-22972025-11-17MR128162,FAHSC02-22972025-08-11PR13712,"Star Tech & Engineer",5CD5331NJ8,"2025-11-13 15:28:51",1,98,99,"Intel Core i5-1335U (up to 4.6 GHz, 12 MB L3 cache)","16 GB DDR4 3200MHz","512GB PCIe NVMe SSD",14,"2028-11-13 15:28:51","Computer Accessories",Laptop-STANDARD,FAHSC2025-11-13GR339033,40,,1,"2025-11-19 10:38:33",NULL,NULL,1,14409,"2025-12-30 11:15:48",02-2297,"IT Device",1
191,02-2297,FAHSC02-22972025-11-17MR128162,FAHSC02-22972025-08-11PR13712,"Star Tech & Engineer",5CD5334RG9,"2025-11-13 15:28:51",1,98,99,"Intel Core i5-1335U (up to 4.6 GHz, 12 MB L3 cache)","16 GB DDR4 3200MHz","512GB PCIe NVMe SSD",14,"2028-11-13 15:28:51","Computer Accessories",Laptop-STANDARD,FAHSC2025-11-13GR339033,40,,1,"2025-11-19 10:38:33",NULL,NULL,1,14375,"2025-12-08 11:37:36",02-2181,"IT Device",1
192,02-2297,FAHSC02-22972025-11-17MR128162,FAHSC02-22972025-08-11PR13712,"Star Tech & Engineer",5CD5334RGZ,"2025-11-13 15:28:51",1,98,99,"Intel Core i5-1335U (up to 4.6 GHz, 12 MB L3 cache)","16 GB DDR4 3200MHz","512GB PCIe NVMe SSD",14,"2028-11-13 15:28:51","Computer Accessories",Laptop-STANDARD,FAHSC2025-11-13GR339033,40,,1,"2025-11-19 10:38:33",NULL,NULL,1,14371,"2025-12-07 11:26:12",02-2248,"IT Device",1
193,02-2297,FAHSC02-22972025-11-17MR128162,FAHSC02-22972025-08-11PR13712,"Star Tech & Engineer",5CD5331N7P,"2025-11-13 15:28:51",1,98,99,"Intel Core i5-1335U (up to 4.6 GHz, 12 MB L3 cache)","16 GB DDR4 3200MHz","512GB PCIe NVMe SSD",14,"2028-11-13 15:28:51","Computer Accessories",Laptop-STANDARD,FAHSC2025-11-13GR339033,40,,1,"2025-11-19 10:38:33",NULL,NULL,1,14340,"2025-11-19 12:24:01",02-2181,"IT Device",1
194,02-2297,FAHSC02-22972025-11-17MR128162,FAHSC02-22972025-08-11PR13712,"Star Tech & Engineer",5CD5331N8M,"2025-11-13 15:28:51",1,98,99,"Intel Core i5-1335U (up to 4.6 GHz, 12 MB L3 cache)","16 GB DDR4 3200MHz","512GB PCIe NVMe SSD",14,"2028-11-13 15:28:51","Computer Accessories",Laptop-STANDARD,FAHSC2025-11-13GR339033,40,,1,"2025-11-19 10:38:33",NULL,NULL,1,14497,"2026-02-09 12:19:50",02-2297,"IT Device",1
195,02-2297,FAHSC02-22972025-11-17MR128162,FAHSC02-22972025-08-11PR13712,"Star Tech & Engineer",5CD5334R4D,"2025-11-13 15:28:51",1,98,99,"Intel Core i5-1335U (up to 4.6 GHz, 12 MB L3 cache)","16 GB DDR4 3200MHz","512GB PCIe NVMe SSD",14,"2028-11-13 15:28:51","Computer Accessories",Laptop-STANDARD,FAHSC2025-11-13GR339033,40,,1,"2025-11-19 10:38:33",NULL,NULL,1,14389,"2025-12-15 12:53:32",02-2248,"IT Device",1
196,02-2297,FAHSC02-22972025-11-17MR128162,FAHSC02-22972025-08-11PR13712,"Star Tech & Engineer",5CD5334RFL,"2025-11-13 15:28:51",1,98,99,"Intel Core i5-1335U (up to 4.6 GHz, 12 MB L3 cache)","16 GB DDR4 3200MHz","512GB PCIe NVMe SSD",14,"2028-11-13 15:28:51","Computer Accessories",Laptop-STANDARD,FAHSC2025-11-13GR339033,40,,1,"2025-11-19 10:38:33",NULL,NULL,1,14348,"2025-11-23 16:13:35",02-2297,"IT Device",1
197,02-2297,FAHSC02-22972025-11-17MR128162,FAHSC02-22972025-08-11PR13712,"Star Tech & Engineer",5CD5331NBD,"2025-11-13 15:28:51",1,98,99,"Intel Core i5-1335U (up to 4.6 GHz, 12 MB L3 cache)","16 GB DDR4 3200MHz","512GB PCIe NVMe SSD",14,"2028-11-13 15:28:51","Computer Accessories",Laptop-STANDARD,FAHSC2025-11-13GR339033,40,,1,"2025-11-19 10:38:33",NULL,NULL,1,14443,"2026-01-08 15:31:31",02-2181,"IT Device",1
198,02-2297,FAHSC02-22972025-11-17MR128162,FAHSC02-22972025-08-11PR13712,"Star Tech & Engineer",5CD5334R0K,"2025-11-13 15:28:51",1,98,99,"Intel Core i5-1335U (up to 4.6 GHz, 12 MB L3 cache)","16 GB DDR4 3200MHz","512GB PCIe NVMe SSD",14,"2028-11-13 15:28:51","Computer Accessories",Laptop-STANDARD,FAHSC2025-11-13GR339033,40,,1,"2025-11-19 10:38:33",NULL,NULL,1,14365,"2025-12-01 09:42:16",02-2248,"IT Device",1
199,02-2181,,NULL,"Famous Technologies",0003520,"2025-11-10 00:00:00",20,131,132,,,,,"2026-11-10 14:13:00",NULL,,,1,"1 YEARS WARRANTY",1,"2025-11-19 14:13:00",NULL,NULL,1,14343,"2025-11-19 14:13:37",02-2181,"IT Device",2
200,02-2181,,NULL,"Famous Technologies",72698,"2025-11-23 00:00:00",3,133,134,,,,,"2026-05-23 11:25:14",NULL,,,1,"6 MONTH Warranty",1,"2025-11-24 11:25:14",NULL,NULL,1,14352,"2025-11-24 11:26:55",02-2181,"IT Device",2
201,02-2248,,NULL,"Famous Technologies",162209080020625,"2025-12-02 00:00:00",7,135,136,,"8GB DDR4 3200MHz",,,"2028-12-02 13:35:27",NULL,,,1,"3  years warranty ",1,"2025-12-04 13:35:27",NULL,NULL,1,14370,"2025-12-04 13:45:50",02-2248,"IT Device",2
202,02-2181,,NULL,"Famous Technologies",H638620,"2025-12-08 00:00:00",10,137,138,,,,,"2026-06-08 13:24:12",NULL,,,1,"6 MONTH WARRANTY",1,"2025-12-09 13:24:12",NULL,NULL,1,14377,"2025-12-09 13:24:52",02-2181,"IT Device",2
203,02-2181,,NULL,"Famous Technologies",NAYM26A00A00187,"2025-12-08 00:00:00",17,139,140,,,,,"2194-12-08 00:00:00",NULL,,,1,"3 years warranty",1,"2025-12-10 11:21:35",02-2181,"2026-05-14 10:58:52",1,14753,"2026-05-14 11:01:33",02-2181,"IT Device",2
204,02-2297,FAHSC02-22972025-12-14MR130282,FAHSC02-20142025-11-03PR13983C,"Smart Technologies (BD).",S0184106027,"2025-12-11 12:58:31",43,141,142,,,,,"2030-12-11 12:58:31","Computer Accessories","Smart TV 4K- 65 Inch",FAHSC2025-12-11GR342719,1,"Smart Technologies (BD).
",1,"2025-12-14 16:07:18",NULL,NULL,0,NULL,NULL,NULL,NULL,1
205,02-2181,,NULL,"Famous Technologies",I21365-5036,"2025-12-02 00:00:00",7,143,144,,,,,"2028-12-02 16:57:05",NULL,,,2,"3 YEARS WARRANTY",1,"2025-12-14 16:57:05",NULL,NULL,1,14388,"2025-12-14 16:59:20",02-2181,"IT Device",2
206,02-2181,,NULL,"Famous Technologies",I21365-3168,"2025-12-02 00:00:00",7,143,144,,,,,"2028-12-02 16:57:05",NULL,,,2,"3 YEARS WARRANTY",1,"2025-12-14 16:57:05",NULL,NULL,1,14387,"2025-12-14 16:58:12",02-2181,"IT Device",2
207,02-2181,,NULL,"Famous Technologies",n0sn66,"2025-12-02 00:00:00",64,145,146,,,,,"2026-06-02 14:54:27",NULL,,,2,,1,"2025-12-15 14:54:27",NULL,NULL,1,14390,"2025-12-15 14:58:45",02-2181,"IT Device",2
208,02-2181,,NULL,"Famous Technologies",nosn342xx,"2025-12-02 00:00:00",64,145,146,,,,,"2026-06-02 14:54:27",NULL,,,2,,1,"2025-12-15 14:54:27",NULL,NULL,1,14391,"2025-12-15 14:59:17",02-2181,"IT Device",2
209,02-2181,,NULL,"Famous Technologies",gs0699182,"2025-12-02 00:00:00",3,147,148,,,,,"2026-06-02 15:17:05",NULL,,,1,"6 Month-Warranty",1,"2025-12-15 15:17:05",NULL,NULL,1,14392,"2025-12-15 15:17:37",02-2181,"IT Device",2
210,02-2181,,NULL,"Numeric Technology","no sn 276342","2025-12-08 00:00:00",29,89,149,,,,,"2026-06-08 15:24:59",NULL,,,5,"6 Month warranty",1,"2025-12-15 15:24:59",NULL,NULL,1,91,"2025-12-15 15:32:59",02-2181,"IT Accessories",2
211,02-2181,,NULL,"Numeric Technology","no sn 276343","2025-12-08 00:00:00",29,89,149,,,,,"2026-06-08 15:24:59",NULL,,,5,"6 Month warranty",1,"2025-12-15 15:24:59",NULL,NULL,1,92,"2025-12-15 15:34:20",02-2181,"IT Accessories",2
212,02-2181,,NULL,"Numeric Technology","no sn 276344","2025-12-08 00:00:00",29,89,149,,,,,"2026-06-08 15:24:59",NULL,,,5,"6 Month warranty",1,"2025-12-15 15:24:59",NULL,NULL,1,14394,"2025-12-15 15:38:07",02-2181,"IT Device",2
213,02-2181,,NULL,"Numeric Technology","no sn 276345","2025-12-08 00:00:00",29,89,149,,,,,"2026-06-08 15:24:59",NULL,,,5,"6 Month warranty",1,"2025-12-15 15:24:59",NULL,NULL,1,14395,"2025-12-15 15:38:28",02-2181,"IT Device",2
214,02-2181,,NULL,"Numeric Technology","no sn 276346","2025-12-08 00:00:00",29,89,149,,,,,"2026-06-08 15:24:59",NULL,,,5,"6 Month warranty",1,"2025-12-15 15:24:59",NULL,NULL,1,14393,"2025-12-15 15:25:31",02-2181,"IT Device",2
215,02-2181,,NULL,"Famous Technologies",2527APV79VU8,"2025-12-02 00:00:00",9,82,150,,,,,"2028-12-02 15:47:42",NULL,,,1,"The mouse was purchased to check its quality and performance. If it provides better service, we will consider using this model in the future.",1,"2025-12-15 15:47:42",NULL,NULL,1,14396,"2025-12-15 15:48:18",02-2181,"IT Device",2
216,02-2181,,NULL,"Famous Technologies",nosn120251110,"2025-11-10 00:00:00",9,85,91,,,,,"2026-11-10 15:05:52",NULL,,,5,"1 years warranty",1,"2025-12-23 15:05:52",NULL,NULL,1,14473,"2026-01-28 16:42:31",02-2181,"IT Device",2
217,02-2181,,NULL,"Famous Technologies",nosn220251110,"2025-11-10 00:00:00",9,85,91,,,,,"2026-11-10 15:05:52",NULL,,,5,"1 years warranty",1,"2025-12-23 15:05:52",NULL,NULL,1,14404,"2025-12-23 16:38:49",02-2181,"IT Device",2
218,02-2181,,NULL,"Famous Technologies",nosn320251110,"2025-11-10 00:00:00",9,85,91,,,,,"2026-11-10 15:05:52",NULL,,,5,"1 years warranty",1,"2025-12-23 15:05:52",NULL,NULL,1,14550,"2026-02-22 10:00:25",02-2181,"IT Device",2
219,02-2181,,NULL,"Famous Technologies",nosn420251110,"2025-11-10 00:00:00",9,85,91,,,,,"2026-11-10 15:05:52",NULL,,,5,"1 years warranty",1,"2025-12-23 15:05:52",NULL,NULL,1,14423,"2026-01-06 10:44:09",02-2181,"IT Device",2
220,02-2181,,NULL,"Famous Technologies",nosn520251110,"2025-11-10 00:00:00",9,85,91,,,,,"2026-11-10 15:05:52",NULL,,,5,"1 years warranty",1,"2025-12-23 15:05:52",NULL,NULL,1,14402,"2025-12-23 15:06:35",02-2181,"IT Device",2
221,02-2181,,NULL,"Famous Technologies",GS0750203,"2025-11-10 00:00:00",3,133,134,,,,,"2026-05-10 16:03:36",NULL,,,1,"6 month warranty",1,"2025-12-23 16:03:36",NULL,NULL,1,14403,"2025-12-23 16:04:24",02-2181,"IT Device",2
222,02-2181,,NULL,"Famous Technologies",GS0750238,"2025-11-10 00:00:00",3,133,134,,,,,"2026-05-10 13:32:05",NULL,,,1,"6 MONTH WARRANTY",1,"2025-12-24 13:32:05",NULL,NULL,1,14405,"2025-12-24 13:32:59",02-2181,"IT Device",2
223,02-2297,FAHSC02-22972025-11-10MR127618,FAHSC02-20142025-09-28PR13869,"Smart Technologies (BD).",3CM5100PBB,"2025-11-06 13:37:59",21,120,151,,,,"27 Inch FHD 100Hz IPS, 5ms GtG","2026-11-06 13:37:59","Computer Accessories","Monitor-LED 27 Inch",FAHSC2025-11-06GR338216,2,,1,"2026-01-04 14:18:00",NULL,NULL,1,14416,"2026-01-05 10:00:05",02-2297,"IT Device",1
224,02-2297,FAHSC02-22972025-11-10MR127618,FAHSC02-20142025-09-28PR13869,"Smart Technologies (BD).",3CM5100PBQ,"2025-11-06 13:37:59",21,120,151,,,,"27 Inch FHD 100Hz IPS, 5ms GtG","2026-11-06 13:37:59","Computer Accessories","Monitor-LED 27 Inch",FAHSC2025-11-06GR338216,2,,1,"2026-01-04 14:18:00",NULL,NULL,1,14415,"2026-01-05 09:59:41",02-2297,"IT Device",1
225,02-2297,FAHSC02-22972025-12-07MR129677,FAHSC02-20142025-10-07PR13906A,"Local Market",MVGFN23XTQ,"2025-12-03 13:09:11",45,122,123,"Apple M4 chip with 10â€‘core CPU, 8 core GPU","16 GB(Apple)","1 TB (Apple)","13.6-inch Liquid Retina display","2026-12-03 13:09:11","Computer Accessories","iMac (Apple)",FAHSC2025-12-03GR341442,1,,1,"2026-01-04 15:12:09",NULL,NULL,1,14414,"2026-01-05 09:57:37",02-2297,"IT Device",1
226,02-2181,,NULL,"Famous Technologies",n0sn357256,"2025-07-23 00:00:00",2,92,152,,,,,"0000-00-00 00:00:00",NULL,,,2,"3 Month warranty",1,"2026-01-07 12:27:07",NULL,NULL,0,NULL,NULL,NULL,NULL,2
227,02-2181,,NULL,"Famous Technologies",nosn00ooljo,"2025-07-23 00:00:00",2,92,152,,,,,"2025-10-23 12:29:48",NULL,,,2,"3-month warranty",1,"2026-01-07 12:29:48",NULL,NULL,1,14427,"2026-01-07 12:30:50",02-2181,"IT Device",2
228,02-2181,,NULL,"Famous Technologies",nosn00ooljodd,"2025-07-23 00:00:00",2,92,93,,,,,"2025-10-23 12:29:48",NULL,,,2,"3-month warranty",1,"2026-01-07 12:29:48",NULL,NULL,1,14428,"2026-01-07 12:31:48",02-2181,"IT Device",2
229,02-2181,,NULL,"Numeric Technology",nosn09092134,"2025-12-09 00:00:00",29,89,90,,,,,"2026-06-09 12:45:31",NULL,,,3,,1,"2026-01-07 12:45:31",NULL,NULL,1,14429,"2026-01-07 12:46:13",02-2181,"IT Device",2
230,02-2181,,NULL,"Numeric Technology",nosn09092136,"2025-12-09 00:00:00",29,89,90,,,,,"2026-06-09 12:45:31",NULL,,,3,,1,"2026-01-07 12:45:31",NULL,NULL,1,14430,"2026-01-07 12:47:02",02-2181,"IT Device",2
231,02-2181,,NULL,"Numeric Technology",nosn090921347,"2025-12-09 00:00:00",29,89,90,,,,,"2026-06-09 12:45:31",NULL,,,3,,1,"2026-01-07 12:45:31",NULL,NULL,1,14431,"2026-01-07 12:47:25",02-2181,"IT Device",2
232,02-2181,,NULL,"Famous Technologies",n0sn5602,"2025-07-31 00:00:00",2,153,154,,,,,"2025-10-31 12:56:47",NULL,,,1,,1,"2026-01-07 12:56:47",NULL,NULL,1,14432,"2026-01-07 12:57:11",02-2181,"IT Device",2
233,02-2181,,NULL,"Famous Technologies",n0sn4540196,"2025-08-18 00:00:00",64,145,146,,,,,"2026-02-18 12:59:56",NULL,,,1,,1,"2026-01-07 12:59:56",NULL,NULL,1,14433,"2026-01-07 13:00:23",02-2181,"IT Device",2
234,02-2181,,NULL,"Famous Technologies","nosn 3663  and 5673","2025-08-18 00:00:00",29,89,90,,,,,"2026-02-18 13:02:11",NULL,,,1,"2 battery",1,"2026-01-07 13:02:11",NULL,NULL,1,14434,"2026-01-07 13:02:48",02-2181,"IT Device",2
235,02-2181,,NULL,"Famous Technologies",n0sn4678923,"2025-08-18 00:00:00",9,85,86,,,,,"2026-08-18 13:08:39",NULL,,,1,,1,"2026-01-07 13:08:39",NULL,NULL,1,14435,"2026-01-07 13:09:02",02-2181,"IT Device",2
236,02-2181,,NULL,"Famous Technologies",n0sn56782,"2025-09-16 00:00:00",9,85,86,,,,,"2026-09-16 14:00:43",NULL,,,1,,1,"2026-01-07 14:00:43",NULL,NULL,1,14436,"2026-01-07 14:01:15",02-2181,"IT Device",2
237,02-2181,,NULL,"Famous Technologies",nosn77887,"2025-09-16 00:00:00",9,85,86,,,,,"2026-09-16 14:04:57",NULL,,,1,,1,"2026-01-07 14:04:57",NULL,NULL,1,14437,"2026-01-07 14:06:24",02-2181,"IT Device",2
238,02-2181,,NULL,"Fiber@Home IT store/stock",WFZJT0AGDFSRQ2,"2025-10-13 00:00:00",3,147,148,,,,,"2026-01-13 15:22:22",NULL,,,1,,1,"2026-01-07 15:22:22",NULL,NULL,1,14438,"2026-01-07 15:22:56",02-2181,"IT Device",2
239,02-2181,,NULL,"Fiber@Home IT store/stock",nosn5288sg,"2025-12-12 00:00:00",37,165,166,,,,,"2026-03-12 13:29:33",NULL,,,1,,1,"2026-01-11 13:29:33",NULL,NULL,1,14445,"2026-01-11 13:30:32",02-2181,"IT Device",2
240,02-2181,,NULL,"Famous Technologies",nosn54643,"2025-09-16 00:00:00",9,85,86,,,,,"2026-09-16 12:54:53",NULL,,,2,,1,"2026-01-15 12:54:53",NULL,NULL,1,14451,"2026-01-15 12:55:18",02-2181,"IT Device",2
241,02-2181,,NULL,"Famous Technologies",nosn54643d,"2025-09-16 00:00:00",9,85,86,,,,,"2026-09-16 12:54:53",NULL,,,2,,1,"2026-01-15 12:54:53",NULL,NULL,1,14452,"2026-01-15 12:56:55",02-2181,"IT Device",2
242,02-2181,,NULL,"IT Solutations",ITS-15182,"2026-01-20 00:00:00",10,124,125,,,,,"2026-07-20 13:53:14",NULL,,,2,SERVICE,1,"2026-01-25 13:53:14",NULL,NULL,1,14459,"2026-01-25 13:55:43",02-2181,"IT Device",2
243,02-2181,,NULL,"IT Solutations",ITS-15187,"2026-01-20 00:00:00",10,124,125,,,,,"2026-07-20 13:53:14",NULL,,,2,SERVICE,1,"2026-01-25 13:53:14",NULL,NULL,1,14460,"2026-01-25 14:01:18",02-2181,"IT Device",2
244,02-2297,,NULL,"IT Solutations","ITS 15186","2026-01-20 00:00:00",67,173,174,,,,,"2026-04-20 14:12:22",NULL,,,1,"Local Purchase by Petty Cash (IT SOLUTION)",1,"2026-01-25 14:12:22",NULL,NULL,0,NULL,NULL,NULL,NULL,2
245,02-2181,,NULL,"IT Solutations",n0s3mmmm1,"2026-01-20 00:00:00",37,170,172,,,,,"2027-01-20 14:12:54",NULL,,,5,,1,"2026-01-25 14:12:54",NULL,NULL,1,14461,"2026-01-25 14:14:55",02-2181,"IT Device",2
246,02-2181,,NULL,"IT Solutations",n0s3mmmm2,"2026-01-20 00:00:00",37,170,172,,,,,"2027-01-20 14:12:54",NULL,,,5,,1,"2026-01-25 14:12:54",NULL,NULL,1,14462,"2026-01-25 14:15:41",02-2181,"IT Device",2
247,02-2181,,NULL,"IT Solutations",n0s3mmmm12,"2026-01-20 00:00:00",37,170,171,,,,,"2027-01-20 14:12:54",NULL,,,5,,1,"2026-01-25 14:12:54",NULL,NULL,1,14463,"2026-01-25 14:16:42",02-2181,"IT Device",2
248,02-2181,,NULL,"IT Solutations",n0s3mmmm3,"2026-01-20 00:00:00",37,170,171,,,,,"2027-01-20 14:12:54",NULL,,,5,,1,"2026-01-25 14:12:54",NULL,NULL,0,NULL,NULL,NULL,NULL,2
249,02-2181,,NULL,"IT Solutations",n0s3mmmm4,"2026-01-20 00:00:00",37,170,171,,,,,"2027-01-20 14:12:54",NULL,,,5,,1,"2026-01-25 14:12:54",NULL,NULL,1,14465,"2026-01-25 14:37:30",02-2181,"IT Device",2
250,02-2181,,NULL,"Famous Technologies",GS0699124,"2026-01-20 00:00:00",3,147,148,,,,,"2026-07-20 14:50:49",NULL,,,1,GS0699124,1,"2026-01-25 14:50:49",NULL,NULL,1,14466,"2026-01-25 14:51:16",02-2181,"IT Device",2
251,02-2181,,NULL,"Famous Technologies",SN2501600398794,"2025-01-19 00:00:00",37,162,175,,,,,"2025-04-19 10:28:02",NULL,,,1,,1,"2026-01-26 10:28:02",NULL,NULL,1,93,"2026-01-26 10:30:23",02-2181,"IT Accessories",2
252,02-2181,,NULL,"Fiber@Home IT store/stock",2234LZD2KZ59,"2022-01-01 00:00:00",9,82,83,,,,,"2022-04-01 16:24:43",NULL,,,1,,1,"2026-01-29 16:24:43",NULL,NULL,1,14475,"2026-01-29 16:27:01",02-2181,"IT Device",2
253,02-2297,FAHSC02-22972026-01-11MR132446,FAHSC02-20142025-12-11PR14159,"Computer City Technologies Ltd.",27IFRW0177,"2026-01-04 12:45:41",21,178,179,,,,"27 Inch FHD 100Hz IPS, 5ms GtG","2029-01-04 12:45:41","Computer Accessories","Monitor-LED 27 Inch",FAHSC2026-01-04GR345425,1,"Ruslan Vai Using",1,"2026-02-02 13:28:53",NULL,NULL,1,14484,"2026-02-02 13:32:23",02-2297,"IT Device",1
254,02-2297,FAHSC02-22972025-12-23MR131059,FAHSC02-20142025-12-02PR14108,"Computer City Technologies Ltd.",S27IFRW0189,"2025-12-18 14:08:15",21,178,179,,,,"27 Inch FHD 100Hz IPS, 5ms GtG","2028-12-18 14:08:15","Computer Accessories","Monitor-LED 27 Inch",FAHSC2025-12-18GR343645,1,"User : Jahirul Bhai",1,"2026-02-02 13:52:16",NULL,NULL,1,14485,"2026-02-02 13:53:01",02-2297,"IT Device",1
255,02-2181,,NULL,"Famous Technologies",2546ALJ0G5Q9,"2026-02-01 00:00:00",30,73,180,,,,,"2028-02-01 16:28:46",NULL,,,1,"2546ALJ0G5Q9   LAST DIGIT IS 8(BODY SERIAL)",1,"2026-02-02 16:28:46",NULL,NULL,1,14486,"2026-02-02 16:29:09",02-2181,"IT Device",2
256,02-2297,FAHSC02-22972026-02-08MR134554,FAHSC02-22972025-12-15PR14171,"Daffodil Computers Limited",5CD536F2Q9,"2026-02-08 13:51:03",1,98,181,"Core Ultra 5-125U (up to 4.3 GHz, 12 MB L3 cache)","16 GB DDR5 5600MHz ","512GB PCIe NVMe SSD",14,"2029-02-08 13:51:03","Computer Accessories",Laptop-STANDARD,FAHSC2026-02-08GR349991,20,,1,"2026-02-09 11:04:30",NULL,NULL,1,14665,"2026-04-12 16:15:12",02-2181,"IT Device",1
257,02-2297,FAHSC02-22972026-02-08MR134554,FAHSC02-22972025-12-15PR14171,"Daffodil Computers Limited",5CD536F2KS,"2026-02-08 13:51:03",1,98,181,"Core Ultra 5-125U (up to 4.3 GHz, 12 MB L3 cache)","16 GB DDR5 5600MHz ","512GB PCIe NVMe SSD",14,"2029-02-08 13:51:03","Computer Accessories",Laptop-STANDARD,FAHSC2026-02-08GR349991,20,,1,"2026-02-09 11:04:30",NULL,NULL,1,14681,"2026-04-15 15:28:21",02-2181,"IT Device",1
258,02-2297,FAHSC02-22972026-02-08MR134554,FAHSC02-22972025-12-15PR14171,"Daffodil Computers Limited",5CD536F2R4,"2026-02-08 13:51:03",1,98,181,"Core Ultra 5-125U (up to 4.3 GHz, 12 MB L3 cache)","16 GB DDR5 5600MHz ","512GB PCIe NVMe SSD",14,"2029-02-08 13:51:03","Computer Accessories",Laptop-STANDARD,FAHSC2026-02-08GR349991,20,,1,"2026-02-09 11:04:30",NULL,NULL,1,14641,"2026-04-02 12:50:54",02-2248,"IT Device",1
259,02-2297,FAHSC02-22972026-02-08MR134554,FAHSC02-22972025-12-15PR14171,"Daffodil Computers Limited",5CD536F2P3,"2026-02-08 13:51:03",1,98,181,"Core Ultra 5-125U (up to 4.3 GHz, 12 MB L3 cache)","16 GB DDR5 5600MHz ","512GB PCIe NVMe SSD",14,"2029-02-08 13:51:03","Computer Accessories",Laptop-STANDARD,FAHSC2026-02-08GR349991,20,,1,"2026-02-09 11:04:30",NULL,NULL,1,14499,"2026-02-09 12:23:31",02-2297,"IT Device",1
260,02-2297,FAHSC02-22972026-02-08MR134554,FAHSC02-22972025-12-15PR14171,"Daffodil Computers Limited",5CD536F2KF,"2026-02-08 13:51:03",1,98,181,"Core Ultra 5-125U (up to 4.3 GHz, 12 MB L3 cache)","16 GB DDR5 5600MHz ","512GB PCIe NVMe SSD",14,"2029-02-08 13:51:03","Computer Accessories",Laptop-STANDARD,FAHSC2026-02-08GR349991,20,,1,"2026-02-09 11:04:30",NULL,NULL,1,14637,"2026-04-02 11:12:32",02-2181,"IT Device",1
261,02-2297,FAHSC02-22972026-02-08MR134554,FAHSC02-22972025-12-15PR14171,"Daffodil Computers Limited",5CD536GCV8,"2026-02-08 13:51:03",1,98,181,"Core Ultra 5-125U (up to 4.3 GHz, 12 MB L3 cache)","16 GB DDR5 5600MHz ","512GB PCIe NVMe SSD",14,"2029-02-08 13:51:03","Computer Accessories",Laptop-STANDARD,FAHSC2026-02-08GR349991,20,,1,"2026-02-09 11:04:30",NULL,NULL,1,14686,"2026-04-15 15:49:55",02-2181,"IT Device",1
262,02-2297,FAHSC02-22972026-02-08MR134554,FAHSC02-22972025-12-15PR14171,"Daffodil Computers Limited",5CD536F2SN,"2026-02-08 13:51:03",1,98,181,"Core Ultra 5-125U (up to 4.3 GHz, 12 MB L3 cache)","16 GB DDR5 5600MHz ","512GB PCIe NVMe SSD",14,"2029-02-08 13:51:03","Computer Accessories",Laptop-STANDARD,FAHSC2026-02-08GR349991,20,,1,"2026-02-09 11:04:30",NULL,NULL,1,14558,"2026-02-25 14:26:40",02-2248,"IT Device",1
263,02-2297,FAHSC02-22972026-02-08MR134554,FAHSC02-22972025-12-15PR14171,"Daffodil Computers Limited",5CD536F3FC,"2026-02-08 13:51:03",1,98,181,"Core Ultra 5-125U (up to 4.3 GHz, 12 MB L3 cache)","16 GB DDR5 5600MHz ","512GB PCIe NVMe SSD",14,"2029-02-08 13:51:03","Computer Accessories",Laptop-STANDARD,FAHSC2026-02-08GR349991,20,,1,"2026-02-09 11:04:30",NULL,NULL,1,14630,"2026-03-30 10:08:14",02-2181,"IT Device",1
264,02-2297,FAHSC02-22972026-02-08MR134554,FAHSC02-22972025-12-15PR14171,"Daffodil Computers Limited",5CD536F2Q3,"2026-02-08 13:51:03",1,98,181,"Core Ultra 5-125U (up to 4.3 GHz, 12 MB L3 cache)","16 GB DDR5 5600MHz ","512GB PCIe NVMe SSD",14,"2029-02-08 13:51:03","Computer Accessories",Laptop-STANDARD,FAHSC2026-02-08GR349991,20,,1,"2026-02-09 11:04:30",NULL,NULL,1,14508,"2026-02-16 16:08:03",02-2297,"IT Device",1
265,02-2297,FAHSC02-22972026-02-08MR134554,FAHSC02-22972025-12-15PR14171,"Daffodil Computers Limited",5CD536GCYY,"2026-02-08 13:51:03",1,98,181,"Core Ultra 5-125U (up to 4.3 GHz, 12 MB L3 cache)","16 GB DDR5 5600MHz ","512GB PCIe NVMe SSD",14,"2029-02-08 13:51:03","Computer Accessories",Laptop-STANDARD,FAHSC2026-02-08GR349991,20,,1,"2026-02-09 11:04:30",NULL,NULL,1,14666,"2026-04-12 16:46:49",02-2181,"IT Device",1
266,02-2297,FAHSC02-22972026-02-08MR134554,FAHSC02-22972025-12-15PR14171,"Daffodil Computers Limited",5CD536GCXV,"2026-02-08 13:51:03",1,98,181,"Core Ultra 5-125U (up to 4.3 GHz, 12 MB L3 cache)","16 GB DDR5 5600MHz ","512GB PCIe NVMe SSD",14,"2029-02-08 13:51:03","Computer Accessories",Laptop-STANDARD,FAHSC2026-02-08GR349991,20,,1,"2026-02-09 11:04:30",NULL,NULL,1,14629,"2026-03-29 11:14:29",02-2297,"IT Device",1
267,02-2297,FAHSC02-22972026-02-08MR134554,FAHSC02-22972025-12-15PR14171,"Daffodil Computers Limited",5CD536GCWD,"2026-02-08 13:51:03",1,98,181,"Core Ultra 5-125U (up to 4.3 GHz, 12 MB L3 cache)","16 GB DDR5 5600MHz ","512GB PCIe NVMe SSD",14,"2029-02-08 13:51:03","Computer Accessories",Laptop-STANDARD,FAHSC2026-02-08GR349991,20,,1,"2026-02-09 11:04:30",NULL,NULL,1,14503,"2026-02-09 18:26:03",02-2014,"IT Device",1
268,02-2297,FAHSC02-22972026-02-08MR134554,FAHSC02-22972025-12-15PR14171,"Daffodil Computers Limited",5CD536GCX8,"2026-02-08 13:51:03",1,98,181,"Core Ultra 5-125U (up to 4.3 GHz, 12 MB L3 cache)","16 GB DDR5 5600MHz ","512GB PCIe NVMe SSD",14,"2029-02-08 13:51:03","Computer Accessories",Laptop-STANDARD,FAHSC2026-02-08GR349991,20,,1,"2026-02-09 11:04:30",NULL,NULL,1,14688,"2026-04-15 17:38:25",02-2248,"IT Device",1
269,02-2297,FAHSC02-22972026-02-08MR134554,FAHSC02-22972025-12-15PR14171,"Daffodil Computers Limited",5CD536GCVJ,"2026-02-08 13:51:03",1,98,181,"Core Ultra 5-125U (up to 4.3 GHz, 12 MB L3 cache)","16 GB DDR5 5600MHz ","512GB PCIe NVMe SSD",14,"2029-02-08 13:51:03","Computer Accessories",Laptop-STANDARD,FAHSC2026-02-08GR349991,20,,1,"2026-02-09 11:04:30",NULL,NULL,1,14557,"2026-02-23 15:08:21",02-2297,"IT Device",1
270,02-2297,FAHSC02-22972026-02-08MR134554,FAHSC02-22972025-12-15PR14171,"Daffodil Computers Limited",5CD536GCWC,"2026-02-08 13:51:03",1,98,181,"Core Ultra 5-125U (up to 4.3 GHz, 12 MB L3 cache)","16 GB DDR5 5600MHz ","512GB PCIe NVMe SSD",14,"2029-02-08 13:51:03","Computer Accessories",Laptop-STANDARD,FAHSC2026-02-08GR349991,20,,1,"2026-02-09 11:04:30",NULL,NULL,1,14505,"2026-02-10 10:28:33",02-2248,"IT Device",1
271,02-2297,FAHSC02-22972026-02-08MR134554,FAHSC02-22972025-12-15PR14171,"Daffodil Computers Limited",5CD536GCVM,"2026-02-08 13:51:03",1,98,181,"Core Ultra 5-125U (up to 4.3 GHz, 12 MB L3 cache)","16 GB DDR5 5600MHz ","512GB PCIe NVMe SSD",14,"2029-02-08 13:51:03","Computer Accessories",Laptop-STANDARD,FAHSC2026-02-08GR349991,20,,1,"2026-02-09 11:04:30",NULL,NULL,1,14685,"2026-04-15 15:49:03",02-2181,"IT Device",1
272,02-2297,FAHSC02-22972026-02-08MR134554,FAHSC02-22972025-12-15PR14171,"Daffodil Computers Limited",5CD536GCTD,"2026-02-08 13:51:03",1,98,181,"Core Ultra 5-125U (up to 4.3 GHz, 12 MB L3 cache)","16 GB DDR5 5600MHz ","512GB PCIe NVMe SSD",14,"2029-02-08 13:51:03","Computer Accessories",Laptop-STANDARD,FAHSC2026-02-08GR349991,20,,1,"2026-02-09 11:04:30",NULL,NULL,1,14546,"2026-02-18 15:07:19",02-2181,"IT Device",1
273,02-2297,FAHSC02-22972026-02-08MR134554,FAHSC02-22972025-12-15PR14171,"Daffodil Computers Limited",5CD536F31R,"2026-02-08 13:51:03",1,98,181,"Core Ultra 5-125U (up to 4.3 GHz, 12 MB L3 cache)","16 GB DDR5 5600MHz ","512GB PCIe NVMe SSD",14,"2029-02-08 13:51:03","Computer Accessories",Laptop-STANDARD,FAHSC2026-02-08GR349991,20,,1,"2026-02-09 11:04:30",NULL,NULL,1,14645,"2026-04-02 16:37:20",02-2181,"IT Device",1
274,02-2297,FAHSC02-22972026-02-08MR134554,FAHSC02-22972025-12-15PR14171,"Daffodil Computers Limited",5CD536GD0V,"2026-02-08 13:51:03",1,98,181,"Core Ultra 5-125U (up to 4.3 GHz, 12 MB L3 cache)","16 GB DDR5 5600MHz ","512GB PCIe NVMe SSD",14,"2029-02-08 13:51:03","Computer Accessories",Laptop-STANDARD,FAHSC2026-02-08GR349991,20,,1,"2026-02-09 11:04:30",NULL,NULL,1,14660,"2026-04-09 12:19:01",02-2248,"IT Device",1
275,02-2297,FAHSC02-22972026-02-08MR134554,FAHSC02-22972025-12-15PR14171,"Daffodil Computers Limited",5CD536GD15,"2026-02-08 13:51:03",1,98,181,"Core Ultra 5-125U (up to 4.3 GHz, 12 MB L3 cache)","16 GB DDR5 5600MHz ","512GB PCIe NVMe SSD",14,"2029-02-08 13:51:03","Computer Accessories",Laptop-STANDARD,FAHSC2026-02-08GR349991,20,,1,"2026-02-09 11:04:30",NULL,NULL,1,14653,"2026-04-07 16:13:14",02-2248,"IT Device",1
276,02-2297,FAHSC02-22972026-02-08MR134557,FAHSC02-22972025-12-15PR14171,"Daffodil Computers Limited",2527APV5FMG9,"2026-02-08 13:51:03",9,82,150,,,,,"2029-02-08 13:51:03","Computer Accessories","Mouse-Wireless (Standard)",FAHSC2026-02-08GR349991,20,,1,"2026-02-09 11:10:06",NULL,NULL,0,NULL,NULL,NULL,NULL,1
277,02-2297,FAHSC02-22972026-02-08MR134557,FAHSC02-22972025-12-15PR14171,"Daffodil Computers Limited",2527APL7BAS9,"2026-02-08 13:51:03",9,82,150,,,,,"2029-02-08 13:51:03","Computer Accessories","Mouse-Wireless (Standard)",FAHSC2026-02-08GR349991,20,,1,"2026-02-09 11:10:06",NULL,NULL,1,14738,"2026-05-10 18:20:58",02-2181,"IT Device",1
278,02-2297,FAHSC02-22972026-02-08MR134557,FAHSC02-22972025-12-15PR14171,"Daffodil Computers Limited",2527APB5FN79,"2026-02-08 13:51:03",9,82,150,,,,,"2029-02-08 13:51:03","Computer Accessories","Mouse-Wireless (Standard)",FAHSC2026-02-08GR349991,20,,1,"2026-02-09 11:10:06",NULL,NULL,1,14659,"2026-04-09 11:30:49",02-2014,"IT Device",1
279,02-2297,FAHSC02-22972026-02-08MR134557,FAHSC02-22972025-12-15PR14171,"Daffodil Computers Limited",2527APP8P6A9,"2026-02-08 13:51:03",9,82,150,,,,,"2029-02-08 13:51:03","Computer Accessories","Mouse-Wireless (Standard)",FAHSC2026-02-08GR349991,20,,1,"2026-02-09 11:10:06",NULL,NULL,1,14631,"2026-03-30 10:57:41",02-2181,"IT Device",1
280,02-2297,FAHSC02-22972026-02-08MR134557,FAHSC02-22972025-12-15PR14171,"Daffodil Computers Limited",2527APZ5FN89,"2026-02-08 13:51:03",9,82,150,,,,,"2029-02-08 13:51:03","Computer Accessories","Mouse-Wireless (Standard)",FAHSC2026-02-08GR349991,20,,1,"2026-02-09 11:10:06",NULL,NULL,1,14741,"2026-05-11 11:20:49",02-2181,"IT Device",1
281,02-2297,FAHSC02-22972026-02-08MR134557,FAHSC02-22972025-12-15PR14171,"Daffodil Computers Limited",2527APP5FN19,"2026-02-08 13:51:03",9,82,150,,,,,"2029-02-08 13:51:03","Computer Accessories","Mouse-Wireless (Standard)",FAHSC2026-02-08GR349991,20,,1,"2026-02-09 11:10:06",NULL,NULL,1,14698,"2026-04-20 17:35:57",02-2297,"IT Device",1
282,02-2297,FAHSC02-22972026-02-08MR134557,FAHSC02-22972025-12-15PR14171,"Daffodil Computers Limited",2521APJ2AN69,"2026-02-08 13:51:03",9,82,150,,,,,"2029-02-08 13:51:03","Computer Accessories","Mouse-Wireless (Standard)",FAHSC2026-02-08GR349991,20,,1,"2026-02-09 11:10:06",NULL,NULL,1,14739,"2026-05-10 19:32:26",02-2297,"IT Device",1
283,02-2297,FAHSC02-22972026-02-08MR134557,FAHSC02-22972025-12-15PR14171,"Daffodil Computers Limited",2527APQ5FNA9,"2026-02-08 13:51:03",9,82,150,,,,,"2029-02-08 13:51:03","Computer Accessories","Mouse-Wireless (Standard)",FAHSC2026-02-08GR349991,20,,1,"2026-02-09 11:10:06",NULL,NULL,0,NULL,NULL,NULL,NULL,1
284,02-2297,FAHSC02-22972026-02-08MR134557,FAHSC02-22972025-12-15PR14171,"Daffodil Computers Limited",2527APG5FMR9,"2026-02-08 13:51:03",9,82,150,,,,,"2029-02-08 13:51:03","Computer Accessories","Mouse-Wireless (Standard)",FAHSC2026-02-08GR349991,20,,1,"2026-02-09 11:10:06",NULL,NULL,0,NULL,NULL,NULL,NULL,1
285,02-2297,FAHSC02-22972026-02-08MR134557,FAHSC02-22972025-12-15PR14171,"Daffodil Computers Limited",2521APA2GXB9,"2026-02-08 13:51:03",9,82,150,,,,,"2029-02-08 13:51:03","Computer Accessories","Mouse-Wireless (Standard)",FAHSC2026-02-08GR349991,20,,1,"2026-02-09 11:10:06",NULL,NULL,1,14766,"2026-05-18 17:29:23",02-2297,"IT Device",1
286,02-2297,FAHSC02-22972026-02-08MR134557,FAHSC02-22972025-12-15PR14171,"Daffodil Computers Limited",2527APB5FMM9,"2026-02-08 13:51:03",9,82,150,,,,,"2029-02-08 13:51:03","Computer Accessories","Mouse-Wireless (Standard)",FAHSC2026-02-08GR349991,20,,1,"2026-02-09 11:10:06",NULL,NULL,1,14643,"2026-04-02 13:04:14",02-2248,"IT Device",1
287,02-2297,FAHSC02-22972026-02-08MR134557,FAHSC02-22972025-12-15PR14171,"Daffodil Computers Limited",2527APS5G1N9,"2026-02-08 13:51:03",9,82,150,,,,,"2029-02-08 13:51:03","Computer Accessories","Mouse-Wireless (Standard)",FAHSC2026-02-08GR349991,20,,1,"2026-02-09 11:10:06",NULL,NULL,1,14676,"2026-04-15 11:38:58",02-2181,"IT Device",1
288,02-2297,FAHSC02-22972026-02-08MR134557,FAHSC02-22972025-12-15PR14171,"Daffodil Computers Limited",2521APR2B2M9,"2026-02-08 13:51:03",9,82,150,,,,,"2029-02-08 13:51:03","Computer Accessories","Mouse-Wireless (Standard)",FAHSC2026-02-08GR349991,20,,1,"2026-02-09 11:10:06",NULL,NULL,1,14724,"2026-05-05 16:58:04",02-2181,"IT Device",1
289,02-2297,FAHSC02-22972026-02-08MR134557,FAHSC02-22972025-12-15PR14171,"Daffodil Computers Limited",2527AP68P5X9,"2026-02-08 13:51:03",9,82,150,,,,,"2029-02-08 13:51:03","Computer Accessories","Mouse-Wireless (Standard)",FAHSC2026-02-08GR349991,20,,1,"2026-02-09 11:10:06",NULL,NULL,1,14647,"2026-04-05 18:38:27",02-2181,"IT Device",1
290,02-2297,FAHSC02-22972026-02-08MR134557,FAHSC02-22972025-12-15PR14171,"Daffodil Computers Limited",2521AP92D129,"2026-02-08 13:51:03",9,82,150,,,,,"2029-02-08 13:51:03","Computer Accessories","Mouse-Wireless (Standard)",FAHSC2026-02-08GR349991,20,,1,"2026-02-09 11:10:06",NULL,NULL,0,NULL,NULL,NULL,NULL,1
291,02-2297,FAHSC02-22972026-02-08MR134557,FAHSC02-22972025-12-15PR14171,"Daffodil Computers Limited",2527APM7BB19,"2026-02-08 13:51:03",9,82,150,,,,,"2029-02-08 13:51:03","Computer Accessories","Mouse-Wireless (Standard)",FAHSC2026-02-08GR349991,20,,1,"2026-02-09 11:10:06",NULL,NULL,0,NULL,NULL,NULL,NULL,1
292,02-2297,FAHSC02-22972026-02-08MR134557,FAHSC02-22972025-12-15PR14171,"Daffodil Computers Limited",2527APM5FMS9,"2026-02-08 13:51:03",9,82,150,,,,,"2029-02-08 13:51:03","Computer Accessories","Mouse-Wireless (Standard)",FAHSC2026-02-08GR349991,20,,1,"2026-02-09 11:10:06",NULL,NULL,1,14632,"2026-03-30 15:06:13",02-2181,"IT Device",1
293,02-2297,FAHSC02-22972026-02-08MR134557,FAHSC02-22972025-12-15PR14171,"Daffodil Computers Limited",2527APP8P6X9,"2026-02-08 13:51:03",9,82,150,,,,,"2029-02-08 13:51:03","Computer Accessories","Mouse-Wireless (Standard)",FAHSC2026-02-08GR349991,20,,1,"2026-02-09 11:10:06",NULL,NULL,1,14640,"2026-04-02 12:31:21",02-2181,"IT Device",1
294,02-2297,FAHSC02-22972026-02-08MR134557,FAHSC02-22972025-12-15PR14171,"Daffodil Computers Limited",2527APQ5FME9,"2026-02-08 13:51:03",9,82,150,,,,,"2029-02-08 13:51:03","Computer Accessories","Mouse-Wireless (Standard)",FAHSC2026-02-08GR349991,20,,1,"2026-02-09 11:10:06",NULL,NULL,0,NULL,NULL,NULL,NULL,1
295,02-2297,FAHSC02-22972026-02-08MR134557,FAHSC02-22972025-12-15PR14171,"Daffodil Computers Limited",2527APU8P699,"2026-02-08 13:51:03",9,82,150,,,,,"2029-02-08 13:51:03","Computer Accessories","Mouse-Wireless (Standard)",FAHSC2026-02-08GR349991,20,,1,"2026-02-09 11:10:06",NULL,NULL,1,14642,"2026-04-02 13:01:27",02-2248,"IT Device",1
296,02-2297,FAHSC02-22972026-02-01MR134023,FAHSC02-20142025-11-03PR13983AB,"Daffodil Computers Limited",CE2M125700015,"2026-01-26 13:37:31",21,182,183,,,,"27 Inch Rapid IPS, 180Hz, 0.5ms (GtG, Min.) WQHD (2560x1440)","2029-01-26 13:37:31","Computer Accessories","Monitor-LED 27 Inch",FAHSC2026-01-26GR348610,8,,1,"2026-02-16 10:48:09",NULL,NULL,1,14525,"2026-02-17 15:52:41",02-2297,"IT Device",1
297,02-2297,FAHSC02-22972026-02-01MR134023,FAHSC02-20142025-11-03PR13983AC,"Daffodil Computers Limited",CE2M125700263,"2026-01-26 13:30:45",21,182,183,,,,"27 Inch Rapid IPS, 180Hz, 0.5ms (GtG, Min.) WQHD (2560x1440)","2029-01-26 13:30:45","Computer Accessories","Monitor-LED 27 Inch",FAHSC2026-01-26GR348603,8,,1,"2026-02-16 10:48:09",NULL,NULL,1,14512,"2026-02-17 13:28:31",02-2297,"IT Device",1
298,02-2297,FAHSC02-22972026-02-01MR134023,FAHSC02-20142025-11-03PR13983AC,"Daffodil Computers Limited",CE2M125700270,"2026-01-26 13:30:45",21,182,183,,,,"27 Inch Rapid IPS, 180Hz, 0.5ms (GtG, Min.) WQHD (2560x1440)","2029-01-26 13:30:45","Computer Accessories","Monitor-LED 27 Inch",FAHSC2026-01-26GR348603,8,,1,"2026-02-16 10:48:09",NULL,NULL,0,NULL,NULL,NULL,NULL,1
299,02-2297,FAHSC02-22972026-02-01MR134023,FAHSC02-20142025-11-03PR13983AC,"Daffodil Computers Limited",CE2M355804628,"2026-01-26 13:30:45",21,182,183,,,,"27 Inch Rapid IPS, 180Hz, 0.5ms (GtG, Min.) WQHD (2560x1440)","2029-01-26 13:30:45","Computer Accessories","Monitor-LED 27 Inch",FAHSC2026-01-26GR348603,8,,1,"2026-02-16 10:48:09",NULL,NULL,1,14519,"2026-02-17 15:33:19",02-2297,"IT Device",1
300,02-2297,FAHSC02-22972026-02-01MR134023,FAHSC02-20142025-11-03PR13983AC,"Daffodil Computers Limited",CE2M125700180,"2026-01-26 13:30:45",21,182,183,,,,"27 Inch Rapid IPS, 180Hz, 0.5ms (GtG, Min.) WQHD (2560x1440)","2029-01-26 13:30:45","Computer Accessories","Monitor-LED 27 Inch",FAHSC2026-01-26GR348603,8,,1,"2026-02-16 10:48:09",NULL,NULL,1,14518,"2026-02-17 15:32:02",02-2297,"IT Device",1
301,02-2297,FAHSC02-22972026-02-01MR134023,FAHSC02-20142025-11-03PR13983AA,"Daffodil Computers Limited",CE2M125700276,"2026-01-26 16:04:27",21,182,183,,,,"27 Inch Rapid IPS, 180Hz, 0.5ms (GtG, Min.) WQHD (2560x1440)","2029-01-26 16:04:27","Computer Accessories","Monitor-LED 27 Inch",FAHSC2026-01-26GR348679,8,,1,"2026-02-16 10:48:09",NULL,NULL,0,NULL,NULL,NULL,NULL,1
302,02-2297,FAHSC02-22972026-02-01MR134023,FAHSC02-20142025-11-03PR13983AB,"Daffodil Computers Limited",CE2M125700260,"2026-01-26 13:37:31",21,182,183,,,,"27 Inch Rapid IPS, 180Hz, 0.5ms (GtG, Min.) WQHD (2560x1440)","2029-01-26 13:37:31","Computer Accessories","Monitor-LED 27 Inch",FAHSC2026-01-26GR348610,8,,1,"2026-02-16 10:48:09",NULL,NULL,1,14511,"2026-02-17 13:28:06",02-2297,"IT Device",1
303,02-2297,FAHSC02-22972026-02-01MR134023,FAHSC02-20142025-11-03PR13983AB,"Daffodil Computers Limited",CE2M125700258,"2026-01-26 13:37:31",21,182,183,,,,"27 Inch Rapid IPS, 180Hz, 0.5ms (GtG, Min.) WQHD (2560x1440)","2029-01-26 13:37:31","Computer Accessories","Monitor-LED 27 Inch",FAHSC2026-01-26GR348610,8,,1,"2026-02-16 10:48:09",NULL,NULL,1,14524,"2026-02-17 15:52:25",02-2297,"IT Device",1
304,02-2297,FAHSC02-22972026-02-01MR134022,FAHSC02-20142025-11-03PR13983AC,"Daffodil Computers Limited",5CD5168BB4,"2026-01-26 13:30:45",1,98,184,"Intel Core i5-1335U (up to 4.6 GHz, 12 MB L3 cache)","16 GB DDR4 3200MHz","512GB PCIe NVMe SSD",15.6,"2029-01-26 13:30:45","Computer Accessories",Laptop-STANDARD,FAHSC2026-01-26GR348603,9,,1,"2026-02-16 12:09:07",NULL,NULL,1,14548,"2026-02-19 11:19:09",02-2181,"IT Device",1
305,02-2297,FAHSC02-22972026-02-01MR134022,FAHSC02-20142025-11-03PR13983AC,"Daffodil Computers Limited",5CD5260NX2,"2026-01-26 13:30:45",1,98,184,"Intel Core i5-1335U (up to 4.6 GHz, 12 MB L3 cache)","16 GB DDR4 3200MHz","512GB PCIe NVMe SSD",15.6,"2029-01-26 13:30:45","Computer Accessories",Laptop-STANDARD,FAHSC2026-01-26GR348603,9,,1,"2026-02-16 12:09:07",NULL,NULL,0,NULL,NULL,NULL,NULL,1
306,02-2297,FAHSC02-22972026-02-01MR134022,FAHSC02-20142025-11-03PR13983AC,"Daffodil Computers Limited",5CD5168BB6,"2026-01-26 13:30:45",1,98,184,"Intel Core i5-1335U (up to 4.6 GHz, 12 MB L3 cache)","16 GB DDR4 3200MHz","512GB PCIe NVMe SSD",15.6,"2029-01-26 13:30:45","Computer Accessories",Laptop-STANDARD,FAHSC2026-01-26GR348603,9,,1,"2026-02-16 12:09:07",NULL,NULL,0,NULL,NULL,NULL,NULL,1
307,02-2297,FAHSC02-22972026-02-01MR134022,FAHSC02-20142025-11-03PR13983AC,"Daffodil Computers Limited",5CD5260NX0,"2026-01-26 13:30:45",1,98,184,"Intel Core i5-1335U (up to 4.6 GHz, 12 MB L3 cache)","16 GB DDR4 3200MHz","512GB PCIe NVMe SSD",15.6,"2029-01-26 13:30:45","Computer Accessories",Laptop-STANDARD,FAHSC2026-01-26GR348603,9,,1,"2026-02-16 12:09:07",NULL,NULL,1,14864,"2026-06-29 12:13:36",02-2181,"IT Device",1
308,02-2297,FAHSC02-22972026-02-01MR134022,FAHSC02-20142025-11-03PR13983AA,"Daffodil Computers Limited",PF5RALCK,"2026-01-26 16:04:27",1,185,186,"Intel Core i5-1335U (up to 4.6 GHz, 12 MB L3 cache)","16 GB DDR5 4800MHz","512GB PCIe NVMe SSD","15.6 Inch ","2028-01-26 16:04:27","Computer Accessories",Laptop-STANDARD,FAHSC2026-01-26GR348679,9,,1,"2026-02-16 12:09:07",NULL,NULL,0,NULL,NULL,NULL,NULL,1
309,02-2297,FAHSC02-22972026-02-01MR134022,FAHSC02-20142025-11-03PR13983A,"Daffodil Computers Limited",MP2SBJ51,"2026-01-26 13:46:32",1,185,186,"Intel Core i5-1335U (up to 4.6 GHz, 12 MB L3 cache)","16 GB DDR5 4800MHz","512GB PCIe NVMe SSD","15.6 Inch ","2028-01-26 13:46:32","Computer Accessories",Laptop-STANDARD,FAHSC2026-01-26GR348624,9,,1,"2026-02-16 12:09:07",NULL,NULL,0,NULL,NULL,NULL,NULL,1
310,02-2297,FAHSC02-22972026-02-01MR134022,FAHSC02-20142025-11-03PR13983AB,"Daffodil Computers Limited",MP2SZF3A,"2026-01-26 13:37:31",1,185,186,"Intel Core i5-1335U (up to 4.6 GHz, 12 MB L3 cache)","16 GB DDR5 4800MHz","512GB PCIe NVMe SSD","15.6 Inch ","2028-01-26 13:37:31","Computer Accessories",Laptop-STANDARD,FAHSC2026-01-26GR348610,9,,1,"2026-02-16 12:09:07",NULL,NULL,1,14823,"2026-06-16 13:35:32",02-2181,"IT Device",1
311,02-2297,FAHSC02-22972026-02-01MR134022,FAHSC02-20142025-11-03PR13983AB,"Daffodil Computers Limited",MP2SZF3R,"2026-01-26 13:37:31",18,187,188,"Intel Core i7-14700 HX (33MB Cache, Up to 5.5 Ghz)","16 GB DDR4 3200MHz","512GB PCIe NVMe SSD","15.1 Inch OLED","2028-01-26 13:37:31","Computer Accessories",Laptop-STANDARD,FAHSC2026-01-26GR348610,9,,1,"2026-02-16 12:09:07",NULL,NULL,0,NULL,NULL,NULL,NULL,1
312,02-2297,FAHSC02-22972026-02-01MR134022,FAHSC02-20142025-11-03PR13983AB,"Daffodil Computers Limited",MP2SZF36,"2026-01-26 13:37:31",18,187,189,"Intel Core i7-1355U (up to 5.0GHz, 12 MB L3 cache)","16 GB DDR5 4800MHz","512GB PCIe NVMe SSD","15.6 Inch ","2028-01-26 13:37:31","Computer Accessories",Laptop-STANDARD,FAHSC2026-01-26GR348610,9,,1,"2026-02-16 12:09:07",NULL,NULL,0,NULL,NULL,NULL,NULL,1
313,02-2297,FAHSC02-22972026-02-01MR134020,FAHSC02-20142025-11-03PR13983AB,"Daffodil Computers Limited",61391190412815,"2026-01-26 13:37:31",4,190,191,,,,,"2027-01-26 13:37:31","Computer Accessories","Keyboard USB",FAHSC2026-01-26GR348610,9,,1,"2026-02-16 12:29:06",NULL,NULL,0,NULL,NULL,NULL,NULL,1
314,02-2297,FAHSC02-22972026-02-01MR134020,FAHSC02-20142025-11-03PR13983AB,"Daffodil Computers Limited",61391190412814,"2026-01-26 13:37:31",4,190,191,,,,,"2027-01-26 13:37:31","Computer Accessories","Keyboard USB",FAHSC2026-01-26GR348610,9,,1,"2026-02-16 12:29:06",NULL,NULL,0,NULL,NULL,NULL,NULL,1
315,02-2297,FAHSC02-22972026-02-01MR134020,FAHSC02-20142025-11-03PR13983AB,"Daffodil Computers Limited",69391190412813,"2026-01-26 13:37:31",4,190,191,,,,,"2027-01-26 13:37:31","Computer Accessories","Keyboard USB",FAHSC2026-01-26GR348610,9,,1,"2026-02-16 12:29:06",NULL,NULL,0,NULL,NULL,NULL,NULL,1
316,02-2297,FAHSC02-22972026-02-01MR134020,FAHSC02-20142025-11-03PR13983AC,"Daffodil Computers Limited",69391190412819,"2026-01-26 13:30:45",4,190,191,,,,,"2027-01-26 13:30:45","Computer Accessories","Keyboard USB",FAHSC2026-01-26GR348603,9,,1,"2026-02-16 12:29:06",NULL,NULL,0,NULL,NULL,NULL,NULL,1
317,02-2297,FAHSC02-22972026-02-01MR134020,FAHSC02-20142025-11-03PR13983AC,"Daffodil Computers Limited",69391190412818,"2026-01-26 13:30:45",4,190,191,,,,,"2027-01-26 13:30:45","Computer Accessories","Keyboard USB",FAHSC2026-01-26GR348603,9,,1,"2026-02-16 12:29:06",NULL,NULL,0,NULL,NULL,NULL,NULL,1
318,02-2297,FAHSC02-22972026-02-01MR134020,FAHSC02-20142025-11-03PR13983AC,"Daffodil Computers Limited",69391190412817,"2026-01-26 13:30:45",4,190,191,,,,,"2027-01-26 13:30:45","Computer Accessories","Keyboard USB",FAHSC2026-01-26GR348603,9,,1,"2026-02-16 12:29:06",NULL,NULL,0,NULL,NULL,NULL,NULL,1
319,02-2297,FAHSC02-22972026-02-01MR134020,FAHSC02-20142025-11-03PR13983AC,"Daffodil Computers Limited",69391190412816,"2026-01-26 13:30:45",4,190,191,,,,,"2027-01-26 13:30:45","Computer Accessories","Keyboard USB",FAHSC2026-01-26GR348603,9,,1,"2026-02-16 12:29:06",NULL,NULL,0,NULL,NULL,NULL,NULL,1
320,02-2297,FAHSC02-22972026-02-01MR134020,FAHSC02-20142025-11-03PR13983AA,"Daffodil Computers Limited",69391190412812,"2026-01-26 16:04:27",4,190,191,,,,,"2027-01-26 16:04:27","Computer Accessories","Keyboard USB",FAHSC2026-01-26GR348679,9,,1,"2026-02-16 12:29:06",NULL,NULL,0,NULL,NULL,NULL,NULL,1
321,02-2297,FAHSC02-22972026-02-01MR134020,FAHSC02-20142025-11-03PR13983A,"Daffodil Computers Limited",69391190412811,"2026-01-26 13:46:32",4,190,191,,,,,"2027-01-26 13:46:32","Computer Accessories","Keyboard USB",FAHSC2026-01-26GR348624,9,,1,"2026-02-16 12:29:06",NULL,NULL,0,NULL,NULL,NULL,NULL,1
322,02-2297,FAHSC02-22972026-02-01MR134018,FAHSC02-20142025-11-03PR13983AB,"Daffodil Computers Limited",2515AP9DJXK9,"2026-01-26 13:37:31",9,82,83,,,,,"2029-01-26 13:37:31","Computer Accessories","Mouse-Wireless (Standard)",FAHSC2026-01-26GR348610,9,,1,"2026-02-16 12:31:26",NULL,NULL,1,14825,"2026-06-16 13:47:08",02-2181,"IT Device",1
323,02-2297,FAHSC02-22972026-02-01MR134018,FAHSC02-20142025-11-03PR13983AB,"Daffodil Computers Limited",2532APCLER89,"2026-01-26 13:37:31",9,82,83,,,,,"2029-01-26 13:37:31","Computer Accessories","Mouse-Wireless (Standard)",FAHSC2026-01-26GR348610,9,,1,"2026-02-16 12:31:26",NULL,NULL,1,14513,"2026-02-17 13:29:45",02-2297,"IT Device",1
324,02-2297,FAHSC02-22972026-02-01MR134018,FAHSC02-20142025-11-03PR13983AB,"Daffodil Computers Limited",2532APLLDAB9,"2026-01-26 13:37:31",9,82,83,,,,,"2029-01-26 13:37:31","Computer Accessories","Mouse-Wireless (Standard)",FAHSC2026-01-26GR348610,9,,1,"2026-02-16 12:31:26",NULL,NULL,0,NULL,NULL,NULL,NULL,1
325,02-2297,FAHSC02-22972026-02-01MR134018,FAHSC02-20142025-11-03PR13983AC,"Daffodil Computers Limited",2515APMDK109,"2026-01-26 13:30:45",9,82,83,,,,,"2029-01-26 13:30:45","Computer Accessories","Mouse-Wireless (Standard)",FAHSC2026-01-26GR348603,9,,1,"2026-02-16 12:31:26",NULL,NULL,0,NULL,NULL,NULL,NULL,1
326,02-2297,FAHSC02-22972026-02-01MR134018,FAHSC02-20142025-11-03PR13983AC,"Daffodil Computers Limited",2515APVDLQ09,"2026-01-26 13:30:45",9,82,83,,,,,"2029-01-26 13:30:45","Computer Accessories","Mouse-Wireless (Standard)",FAHSC2026-01-26GR348603,9,,1,"2026-02-16 12:31:26",NULL,NULL,0,NULL,NULL,NULL,NULL,1
327,02-2297,FAHSC02-22972026-02-01MR134018,FAHSC02-20142025-11-03PR13983AC,"Daffodil Computers Limited",2515APMDNSS49,"2026-01-26 13:30:45",9,82,83,,,,,"2029-01-26 13:30:45","Computer Accessories","Mouse-Wireless (Standard)",FAHSC2026-01-26GR348603,9,,1,"2026-02-16 12:31:26",NULL,NULL,0,NULL,NULL,NULL,NULL,1
328,02-2297,FAHSC02-22972026-02-01MR134018,FAHSC02-20142025-11-03PR13983AA,"Daffodil Computers Limited",2532AP9LE109,"2026-01-26 16:04:27",9,82,83,,,,,"2029-01-26 16:04:27","Computer Accessories","Mouse-Wireless (Standard)",FAHSC2026-01-26GR348679,9,,1,"2026-02-16 12:31:26",NULL,NULL,0,NULL,NULL,NULL,NULL,1
329,02-2297,FAHSC02-22972026-02-01MR134018,FAHSC02-20142025-11-03PR13983A,"Daffodil Computers Limited",2532AP5LEUT9,"2026-01-26 13:46:32",9,82,83,,,,,"2029-01-26 13:46:32","Computer Accessories","Mouse-Wireless (Standard)",FAHSC2026-01-26GR348624,9,,1,"2026-02-16 12:31:26",NULL,NULL,0,NULL,NULL,NULL,NULL,1
330,02-2297,FAHSC02-22972026-02-01MR134017,FAHSC02-20142025-11-03PR13983AB,"Daffodil Computers Limited",2534ME11F1C9,"2026-01-26 13:37:31",30,73,192,,,,,"2028-01-26 13:37:31","Computer Accessories",Headphone-Standard,FAHSC2026-01-26GR348610,8,,1,"2026-02-16 12:37:19",NULL,NULL,0,NULL,NULL,NULL,NULL,1
331,02-2297,FAHSC02-22972026-02-01MR134017,FAHSC02-20142025-11-03PR13983AB,"Daffodil Computers Limited",2534ME91F4U9,"2026-01-26 13:37:31",30,73,192,,,,,"2028-01-26 13:37:31","Computer Accessories",Headphone-Standard,FAHSC2026-01-26GR348610,8,,1,"2026-02-16 12:37:19",NULL,NULL,0,NULL,NULL,NULL,NULL,1
332,02-2297,FAHSC02-22972026-02-01MR134017,FAHSC02-20142025-11-03PR13983AB,"Daffodil Computers Limited",2534ME91F3Q9,"2026-01-26 13:37:31",30,73,192,,,,,"2028-01-26 13:37:31","Computer Accessories",Headphone-Standard,FAHSC2026-01-26GR348610,8,,1,"2026-02-16 12:37:19",NULL,NULL,1,14828,"2026-06-16 14:00:52",02-2181,"IT Device",1
333,02-2297,FAHSC02-22972026-02-01MR134017,FAHSC02-20142025-11-03PR13983AC,"Daffodil Computers Limited",2534ME21FPW9,"2026-01-26 13:30:45",30,73,192,,,,,"2028-01-26 13:30:45","Computer Accessories",Headphone-Standard,FAHSC2026-01-26GR348603,8,,1,"2026-02-16 12:37:19",NULL,NULL,0,NULL,NULL,NULL,NULL,1
334,02-2297,FAHSC02-22972026-02-01MR134017,FAHSC02-20142025-11-03PR13983AC,"Daffodil Computers Limited",2534MEN1F2D9,"2026-01-26 13:30:45",30,73,192,,,,,"2028-01-26 13:30:45","Computer Accessories",Headphone-Standard,FAHSC2026-01-26GR348603,8,,1,"2026-02-16 12:37:19",NULL,NULL,0,NULL,NULL,NULL,NULL,1
335,02-2297,FAHSC02-22972026-02-01MR134017,FAHSC02-20142025-11-03PR13983AC,"Daffodil Computers Limited",2534MER1F679,"2026-01-26 13:30:45",30,73,192,,,,,"2028-01-26 13:30:45","Computer Accessories",Headphone-Standard,FAHSC2026-01-26GR348603,8,,1,"2026-02-16 12:37:19",NULL,NULL,0,NULL,NULL,NULL,NULL,1
336,02-2297,FAHSC02-22972026-02-01MR134017,FAHSC02-20142025-11-03PR13983AC,"Daffodil Computers Limited",2534MET1FNM9,"2026-01-26 13:30:45",30,73,192,,,,,"2028-01-26 13:30:45","Computer Accessories",Headphone-Standard,FAHSC2026-01-26GR348603,8,,1,"2026-02-16 12:37:19",NULL,NULL,0,NULL,NULL,NULL,NULL,1
337,02-2297,FAHSC02-22972026-02-01MR134017,FAHSC02-22482025-12-08PR14129A,"Global Brand Pvt. Lt",4711421957724,"2026-01-26 11:58:04",30,73,192,,,,,"2028-01-26 11:58:04","Computer Accessories",Headphone-Standard,FAHSC2026-01-26GR348589,8,,1,"2026-02-16 12:37:19",NULL,NULL,0,NULL,NULL,NULL,NULL,1
338,02-2297,FAHSC02-22972025-12-23MR131058,FAHSC02-20142025-11-03PR13983B,"Digital Equipment Ltd.",E83667D5H862987,"2025-12-18 14:22:05",26,193,194,,,,,"2026-12-18 14:22:05","Computer Accessories","Printer-Brother DCP-T730DW Multifunction Ink Tank",FAHSC2025-12-18GR343653,2,,1,"2026-02-16 13:22:23",NULL,NULL,0,NULL,NULL,NULL,NULL,1
339,02-2297,FAHSC02-22972025-12-23MR131058,FAHSC02-20142025-11-03PR13983B,"Digital Equipment Ltd.",CN48D5M0CF,"2025-12-18 14:22:05",34,195,196,,,,,"2026-12-18 14:22:05","Computer Accessories","Plotter- HP DesignJet T250 24 inch Plotter",FAHSC2025-12-18GR343653,2,,1,"2026-02-16 13:22:23",NULL,NULL,0,NULL,NULL,NULL,NULL,1
340,02-2297,FAHSC02-22972026-01-11MR132441,FAHSC02-20142025-11-03PR13983,"Star Tech & Engineer",25361B009051,"2026-01-04 12:51:10",23,199,200,"Intel Core Ultra 7 265K Arrow Lake Processor","32 GB 6000 Mhz DDR5 Gaming Memory","1TB M.2 NVMe SSD Gen4",,"2029-01-04 12:51:10","Computer Accessories","Clone Desktop with Std. Acc.",FAHSC2026-01-04GR345427,7,"Teamgroup RAM

SSD Colorful

Gigabyte Motherboard

GPU MSI GeForce RTX 5070 12GVENTUS 2X OC 12GBGDDR7 Graphics Card",1,"2026-02-17 13:13:24",NULL,NULL,1,14523,"2026-02-17 15:51:49",02-2297,"IT Device",1
341,02-2297,FAHSC02-22972026-01-11MR132441,FAHSC02-20142025-11-03PR13983I,"Star Tech & Engineer","25361B009161   M-25361B009239","2026-01-04 13:19:48",23,199,200,"Intel Core Ultra 7 265K Arrow Lake Processor","32 GB 6000 Mhz DDR5 Gaming Memory","1TB M.2 NVMe SSD Gen4",,"2029-01-04 13:19:48","Computer Accessories","Clone Desktop with Std. Acc.",FAHSC2026-01-04GR345430,7,"Teamgroup RAM

SSD Colorful

Gigabyte Motherboard

GPU MSI GeForce RTX 5070 12GVENTUS 2X OC 12GBGDDR7 Graphics Card",1,"2026-02-17 13:13:24",NULL,NULL,1,14516,"2026-02-17 15:23:11",02-2297,"IT Device",1
342,02-2297,FAHSC02-22972026-01-11MR132441,FAHSC02-20142025-11-03PR13983I,"Star Tech & Engineer","25361B009123   M- 25361B009223","2026-01-04 13:19:48",23,199,200,"Intel Core Ultra 7 265K Arrow Lake Processor","32 GB 6000 Mhz DDR5 Gaming Memory","1TB M.2 NVMe SSD Gen4",,"2029-01-04 13:19:48","Computer Accessories","Clone Desktop with Std. Acc.",FAHSC2026-01-04GR345430,7,"Teamgroup RAM

SSD Colorful

Gigabyte Motherboard

GPU MSI GeForce RTX 5070 12GVENTUS 2X OC 12GBGDDR7 Graphics Card

",1,"2026-02-17 13:13:24",NULL,NULL,1,14517,"2026-02-17 15:29:11",02-2297,"IT Device",1
343,02-2297,FAHSC02-22972026-01-11MR132441,FAHSC02-20142025-11-03PR13983H,"Star Tech & Engineer","25361B009105    M- 25361B009140","2026-01-04 13:12:02",23,199,200,"IntelÂ® Coreâ„¢ i7- 13700k 13th Gen Processor Raptor Lake processor","32 GB 6000 Mhz DDR5 Gaming Memory","1TB M.2 NVMe SSD Gen4",,"2029-01-04 13:12:02","Computer Accessories","Clone Desktop with Std. Acc.",FAHSC2026-01-04GR345429,7,"Motherboard MSIB760M BOMBERWIFI DDR5 IntelÂ®B760 Chipset 14th/13th/ 12th GenmATX

RAM Teamgroup

SSD colorful

GIGABYTE GeForce RTX 5060 GAMING OC 8G GDDR7 Graphics Card",1,"2026-02-17 13:13:24",NULL,NULL,1,14541,"2026-02-17 17:57:21",02-2297,"IT Device",1
344,02-2297,FAHSC02-22972026-01-11MR132441,FAHSC02-20142025-11-03PR13983G,"Star Tech & Engineer","C5BLDHL041025018      M- 25361B009134","2026-01-04 13:04:11",19,197,198,"Intel Core i5 14500 14th Gen Raptor Lake Processor","RGB 16GB (KIT) 6000MHz DDR5 GAMING MEMORY","1TB M.2 NVMe SSD Gen4",,"2029-01-04 13:04:11","Computer Accessories","Clone Desktop with Std. Acc.",FAHSC2026-01-04GR345428,7,"MSIB760M BOMBER WIFI DDR5IntelÂ® B760 Chipset 14th Gen mATX Motherboard

RAM DELTA BLACK RGB16GB (KIT) 6000MHz DDR5GAMING MEMORY

Colorful CN700 PRO 1TB M.2NVMe SSD Gen4

GPU MSI RTX5050 8GB DDR6

",1,"2026-02-17 13:13:24",NULL,NULL,1,14664,"2026-04-12 12:53:33",02-2181,"IT Device",1
345,02-2297,FAHSC02-22972026-01-11MR132441,FAHSC02-20142025-11-03PR13983G,"Star Tech & Engineer","C5BLDHL041025017       M- 25361B009112","2026-01-04 13:04:11",19,197,198,"Intel 12th Gen Core i5-12400 Alder Lake Processor","RGB 16GB (KIT) 6000MHz DDR5 GAMING MEMORY","1TB M.2 NVMe SSD Gen4",,"2029-01-04 13:04:11","Computer Accessories","Clone Desktop with Std. Acc.",FAHSC2026-01-04GR345428,7,"RTX 3050 6GB Graphics

",1,"2026-02-17 13:13:24",NULL,NULL,1,14528,"2026-02-17 16:20:15",02-2297,"IT Device",1
346,02-2297,FAHSC02-22972026-01-11MR132441,FAHSC02-20142025-11-03PR13983G,"Star Tech & Engineer","C5BLDHL041025016       M- 25361B009098","2026-01-04 13:04:11",19,197,198,"Intel 12th Gen Core i5-12400 Alder Lake Processor","RGB 16GB (KIT) 6000MHz DDR5 GAMING MEMORY","1TB M.2 NVMe SSD Gen4",,"2029-01-04 13:04:11","Computer Accessories","Clone Desktop with Std. Acc.",FAHSC2026-01-04GR345428,7,"RTX 3050 6GB Graphics",1,"2026-02-17 13:13:24",NULL,NULL,1,14533,"2026-02-17 17:22:48",02-2297,"IT Device",1
347,02-2248,FAHSC02-22482026-01-25MR133479,FAHSC02-20142025-12-21PR14191,"Global Brand Pvt. Lt",XVD252800097,"2026-01-18 15:52:51",21,201,202,,,,"27 Inch FHD 100Hz IPS, 5ms GtG","2029-01-18 15:52:51","Computer Accessories","Monitor-LED 27 Inch",FAHSC2026-01-18GR347333,4,,1,"2026-02-18 10:21:23",NULL,NULL,0,NULL,NULL,NULL,NULL,1
348,02-2248,FAHSC02-22482026-01-25MR133479,FAHSC02-20142026-01-04PR14243,"Corporate Point",34905XB3B9,"2026-01-18 15:51:52",36,203,204,,,,,"2027-01-18 15:51:52","Computer Accessories","IP Phone-Standard",FAHSC2026-01-18GR347332,4,,1,"2026-02-18 10:21:23",NULL,NULL,1,14545,"2026-02-18 10:34:07",02-2248,"IT Device",1
349,02-2248,FAHSC02-22482026-01-25MR133479,FAHSC02-20142026-01-04PR14243,"Corporate Point",34A05E829F,"2026-01-18 15:51:52",36,203,204,,,,,"2027-01-18 15:51:52","Computer Accessories","IP Phone-Standard",FAHSC2026-01-18GR347332,4,,1,"2026-02-18 10:21:23",NULL,NULL,1,14544,"2026-02-18 10:31:32",02-2248,"IT Device",1
350,02-2248,FAHSC02-22482026-01-25MR133479,FAHSC02-22482025-12-08PR14129,"APT Technology",ORI08202503623,"2026-01-18 15:54:56",10,124,125,,,,,"2026-07-18 15:54:56","Computer Accessories","Laptop Battery (All Brand)",FAHSC2026-01-18GR347334,4,,1,"2026-02-18 10:21:23",NULL,NULL,1,14542,"2026-02-18 10:23:12",02-2248,"IT Device",1
351,02-2248,FAHSC02-22482026-02-05MR134416,FAHSC02-20142025-11-03PR13983AA,"Daffodil Computers Limited",2534ME21F4P9,"2026-01-26 16:04:27",30,96,205,,,,,"2028-01-26 16:04:27","Computer Accessories",Headphone-Standard,FAHSC2026-01-26GR348679,1,,1,"2026-02-18 10:26:17",NULL,NULL,1,14543,"2026-02-18 10:28:15",02-2248,"IT Device",1
352,02-2181,,NULL,"Famous Technologies",6FSTH06TQ1F699,"2025-11-30 00:00:00",10,126,206,,,,,"2026-05-30 14:07:32",NULL,,,1,,1,"2026-02-19 14:07:32",NULL,NULL,1,14549,"2026-02-19 14:08:13",02-2181,"IT Device",2
353,02-2181,,NULL,"IT Solutations",15077,"2026-02-02 00:00:00",10,124,207,,,,,"2026-08-02 12:15:53",NULL,,,2,,1,"2026-02-22 12:15:53",NULL,NULL,1,14553,"2026-02-22 12:17:28",02-2181,"IT Device",2
354,02-2181,,NULL,"IT Solutations",15074,"2026-02-02 00:00:00",10,124,208,,,,,"2026-08-02 12:15:53",NULL,,,2,,1,"2026-02-22 12:15:53",NULL,NULL,1,14554,"2026-02-22 12:17:50",02-2181,"IT Device",2
355,02-2297,FAHSC02-22972025-12-07MR129678,FAHSC02-20142025-11-02PR13981,"Intelligent Solutions Limited",224A5M9000356,"2025-11-13 15:09:43",12,71,209,,,,,"2026-11-13 15:09:43","Computer Accessories","Router (Wireless)",FAHSC2025-11-13GR339026,1,,1,"2026-02-23 15:23:44",NULL,NULL,0,NULL,NULL,NULL,NULL,1
356,02-2297,FAHSC02-22972026-02-05MR134401,FAHSC02-22972025-12-22PR14199,"Corporate Point",22590KU001008,"2026-02-03 12:43:07",12,71,72,,,,,"2027-02-03 12:43:07","Computer Accessories","Router (Wireless)",FAHSC2026-02-03GR349609,13,,1,"2026-02-23 15:24:34",NULL,NULL,0,NULL,NULL,NULL,NULL,1
357,02-2297,FAHSC02-22972026-02-05MR134401,FAHSC02-22972025-12-22PR14199,"Corporate Point",22590KU001011,"2026-02-03 12:43:07",12,71,72,,,,,"2027-02-03 12:43:07","Computer Accessories","Router (Wireless)",FAHSC2026-02-03GR349609,13,,1,"2026-02-23 15:24:34",NULL,NULL,0,NULL,NULL,NULL,NULL,1
358,02-2297,FAHSC02-22972026-02-05MR134401,FAHSC02-22972025-12-22PR14199,"Corporate Point",22590KU012443,"2026-02-03 12:43:07",12,71,72,,,,,"2027-02-03 12:43:07","Computer Accessories","Router (Wireless)",FAHSC2026-02-03GR349609,13,,1,"2026-02-23 15:24:34",NULL,NULL,0,NULL,NULL,NULL,NULL,1
359,02-2297,FAHSC02-22972026-02-05MR134401,FAHSC02-22972025-12-22PR14199,"Corporate Point",22590KU001113,"2026-02-03 12:43:07",12,71,72,,,,,"2027-02-03 12:43:07","Computer Accessories","Router (Wireless)",FAHSC2026-02-03GR349609,13,,1,"2026-02-23 15:24:34",NULL,NULL,0,NULL,NULL,NULL,NULL,1
360,02-2297,FAHSC02-22972026-02-05MR134401,FAHSC02-22482025-04-17PR13286B,"Intelligent Solutions Limited",22436S7013409,"2025-06-19 11:17:38",12,71,210,,,,,"2026-06-19 11:17:38","Computer Accessories","Router (Wireless)",FAHSC2025-06-19GR317675,13,,1,"2026-02-23 15:24:34",NULL,NULL,0,NULL,NULL,NULL,NULL,1
361,02-2297,FAHSC02-22972026-02-05MR134401,FAHSC02-22972025-12-22PR14199,"Corporate Point",22590KU001119,"2026-02-03 12:43:07",12,71,72,,,,,"2027-02-03 12:43:07","Computer Accessories","Router (Wireless)",FAHSC2026-02-03GR349609,13,,1,"2026-02-23 15:24:34",NULL,NULL,0,NULL,NULL,NULL,NULL,1
362,02-2297,FAHSC02-22972026-02-05MR134401,FAHSC02-22972025-12-22PR14199,"Corporate Point",22590KU001126,"2026-02-03 12:43:07",12,71,72,,,,,"2027-02-03 12:43:07","Computer Accessories","Router (Wireless)",FAHSC2026-02-03GR349609,13,,1,"2026-02-23 15:24:34",NULL,NULL,0,NULL,NULL,NULL,NULL,1
363,02-2297,FAHSC02-22972026-02-05MR134401,FAHSC02-22972025-12-22PR14199,"Corporate Point",22590KU001120,"2026-02-03 12:43:07",12,71,72,,,,,"2027-02-03 12:43:07","Computer Accessories","Router (Wireless)",FAHSC2026-02-03GR349609,13,,1,"2026-02-23 15:24:34",NULL,NULL,0,NULL,NULL,NULL,NULL,1
364,02-2297,FAHSC02-22972026-02-05MR134401,FAHSC02-22972025-12-22PR14199,"Corporate Point",22590KU006354,"2026-02-03 12:43:07",12,71,72,,,,,"2027-02-03 12:43:07","Computer Accessories","Router (Wireless)",FAHSC2026-02-03GR349609,13,,1,"2026-02-23 15:24:34",NULL,NULL,0,NULL,NULL,NULL,NULL,1
365,02-2297,FAHSC02-22972026-02-05MR134401,FAHSC02-22972025-12-22PR14199,"Corporate Point",22590KU001268,"2026-02-03 12:43:07",12,71,72,,,,,"2027-02-03 12:43:07","Computer Accessories","Router (Wireless)",FAHSC2026-02-03GR349609,13,,1,"2026-02-23 15:24:34",NULL,NULL,0,NULL,NULL,NULL,NULL,1
366,02-2297,FAHSC02-22972026-02-05MR134401,FAHSC02-22972025-12-22PR14199,"Corporate Point",22590KU001110,"2026-02-03 12:43:07",12,71,72,,,,,"2027-02-03 12:43:07","Computer Accessories","Router (Wireless)",FAHSC2026-02-03GR349609,13,,1,"2026-02-23 15:24:34",NULL,NULL,0,NULL,NULL,NULL,NULL,1
367,02-2297,FAHSC02-22972026-02-05MR134401,FAHSC02-22972025-12-22PR14199,"Corporate Point",22590KU001123,"2026-02-03 12:43:07",12,71,72,,,,,"2027-02-03 12:43:07","Computer Accessories","Router (Wireless)",FAHSC2026-02-03GR349609,13,,1,"2026-02-23 15:24:34",NULL,NULL,0,NULL,NULL,NULL,NULL,1
368,02-2297,FAHSC02-22972026-02-05MR134401,FAHSC02-22972025-12-22PR14199,"Corporate Point",22590KU001118,"2026-02-03 12:43:07",12,71,72,,,,,"2027-02-03 12:43:07","Computer Accessories","Router (Wireless)",FAHSC2026-02-03GR349609,13,,1,"2026-02-23 15:24:34",NULL,NULL,0,NULL,NULL,NULL,NULL,1
369,02-2181,,NULL,"Famous Technologies",GB2511089682,"2026-02-28 00:00:00",9,85,86,,,,,"2027-02-28 15:31:16",NULL,,,15,,1,"2026-03-01 15:31:16",NULL,NULL,1,14562,"2026-03-01 15:33:18",02-2181,"IT Device",2
370,02-2181,,NULL,"Famous Technologies",GB2511089696,"2026-02-28 00:00:00",9,85,86,,,,,"2027-02-28 15:31:16",NULL,,,15,,1,"2026-03-01 15:31:16",NULL,NULL,1,14626,"2026-03-24 12:19:19",02-2181,"IT Device",2
371,02-2181,,NULL,"Famous Technologies",GB2511089694,"2026-02-28 00:00:00",9,85,86,,,,,"2027-02-28 15:31:16",NULL,,,15,,1,"2026-03-01 15:31:16",NULL,NULL,1,14570,"2026-03-02 12:59:59",02-2181,"IT Device",2
372,02-2181,,NULL,"Famous Technologies",GB2511089692,"2026-02-28 00:00:00",9,85,86,,,,,"2027-02-28 15:31:16",NULL,,,15,,1,"2026-03-01 15:31:16",NULL,NULL,1,14575,"2026-03-02 14:22:57",02-2181,"IT Device",2
373,02-2181,,NULL,"Famous Technologies",GB2511089666,"2026-02-28 00:00:00",9,85,86,,,,,"2027-02-28 15:31:16",NULL,,,15,,1,"2026-03-01 15:31:16",NULL,NULL,1,14576,"2026-03-02 14:27:04",02-2181,"IT Device",2
374,02-2181,,NULL,"Famous Technologies",GB2511089686,"2026-02-28 00:00:00",9,85,86,,,,,"2027-02-28 15:31:16",NULL,,,15,,1,"2026-03-01 15:31:16",NULL,NULL,1,14577,"2026-03-02 14:31:45",02-2181,"IT Device",2
375,02-2181,,NULL,"Famous Technologies",GB2511089700,"2026-02-28 00:00:00",9,85,86,,,,,"2027-02-28 15:31:16",NULL,,,15,,1,"2026-03-01 15:31:16",NULL,NULL,1,14622,"2026-03-15 14:15:17",02-2181,"IT Device",2
376,02-2181,,NULL,"Famous Technologies",GB2511089690,"2026-02-28 00:00:00",9,85,86,,,,,"2027-02-28 15:31:16",NULL,,,15,,1,"2026-03-01 15:31:16",NULL,NULL,1,14627,"2026-03-24 12:38:19",02-2181,"IT Device",2
377,02-2181,,NULL,"Famous Technologies",GB2511089677,"2026-02-28 00:00:00",9,85,86,,,,,"2027-02-28 15:31:16",NULL,,,15,,1,"2026-03-01 15:31:16",NULL,NULL,1,14634,"2026-03-31 09:57:51",02-2181,"IT Device",2
378,02-2181,,NULL,"Famous Technologies",GB2511089687,"2026-02-28 00:00:00",9,85,86,,,,,"2027-02-28 15:31:16",NULL,,,15,,1,"2026-03-01 15:31:16",NULL,NULL,1,14615,"2026-03-11 15:44:08",02-2181,"IT Device",2
379,02-2181,,NULL,"Famous Technologies",GB2511078796,"2026-02-28 00:00:00",9,85,86,,,,,"2195-01-28 00:00:00",NULL,,,15,,1,"2026-03-01 15:31:16",02-2181,"2026-07-15 15:33:19",1,14896,"2026-07-15 15:33:53",02-2181,"IT Device",2
380,02-2181,,NULL,"Famous Technologies",GB2511089673,"2026-02-28 00:00:00",9,85,86,,,,,"2027-02-28 15:31:16",NULL,,,15,,1,"2026-03-01 15:31:16",NULL,NULL,1,14586,"2026-03-03 14:05:39",02-2181,"IT Device",2
381,02-2181,,NULL,"Famous Technologies",GB2511089684,"2026-02-28 00:00:00",9,85,86,,,,,"2027-02-28 15:31:16",NULL,,,15,,1,"2026-03-01 15:31:16",NULL,NULL,1,14569,"2026-03-02 12:58:56",02-2181,"IT Device",2
382,02-2181,,NULL,"Famous Technologies",GB2511089738,"2026-02-28 00:00:00",9,85,86,,,,,"2027-02-28 15:31:16",NULL,,,15,,1,"2026-03-01 15:31:16",NULL,NULL,1,14623,"2026-03-15 14:17:46",02-2181,"IT Device",2
383,02-2181,,NULL,"Famous Technologies",GB2511089702,"2026-02-28 00:00:00",9,85,86,,,,,"2027-02-28 15:31:16",NULL,,,15,,1,"2026-03-01 15:31:16",NULL,NULL,1,14579,"2026-03-02 15:18:28",02-2181,"IT Device",2
384,02-2181,,NULL,"Famous Technologies",20251010nosn1,"2025-10-10 00:00:00",9,85,91,,,,,"2026-10-10 15:48:43",NULL,,,2,,1,"2026-03-01 15:48:43",NULL,NULL,1,14563,"2026-03-01 15:50:18",02-2181,"IT Device",2
385,02-2181,,NULL,"Famous Technologies",20251010nosn2,"2025-10-10 00:00:00",9,85,91,,,,,"2026-10-10 15:48:43",NULL,,,2,,1,"2026-03-01 15:48:43",NULL,NULL,1,14564,"2026-03-01 15:52:59",02-2181,"IT Device",2
386,02-2297,FAHSC02-22972026-03-01MR135929,FAHSC02-22972026-02-05PR14355,RYANS,M2NVMEDCD508270435,"2026-02-25 12:03:56",17,212,213,,,"1 TB M.2 SSD",,"2029-02-25 12:03:56","Computer Accessories","SSD 1TB",FAHSC2026-02-25GR352193,1,,1,"2026-03-02 12:16:41",NULL,NULL,1,14568,"2026-03-02 12:28:16",02-2297,"IT Device",1
387,02-2181,,NULL,"Famous Technologies",GZYC38069,"2026-02-28 00:00:00",3,147,148,,,,,"2026-08-28 13:13:49",NULL,,,5,,1,"2026-03-02 13:13:49",NULL,NULL,1,14571,"2026-03-02 13:42:30",02-2181,"IT Device",2
388,02-2181,,NULL,"Famous Technologies",GZYC37821,"2026-02-28 00:00:00",3,147,148,,,,,"2026-08-28 13:13:49",NULL,,,5,,1,"2026-03-02 13:13:49",NULL,NULL,1,14587,"2026-03-03 16:21:15",02-2181,"IT Device",2
389,02-2181,,NULL,"Famous Technologies",GZYC38110,"2026-02-28 00:00:00",3,147,148,,,,,"2026-08-28 13:13:49",NULL,,,5,,1,"2026-03-02 13:13:49",NULL,NULL,1,14608,"2026-03-05 12:51:36",02-2181,"IT Device",2
390,02-2181,,NULL,"Famous Technologies",GZYC38036,"2026-02-28 00:00:00",3,147,148,,,,,"2026-08-28 13:13:49",NULL,,,5,,1,"2026-03-02 13:13:49",NULL,NULL,1,14657,"2026-04-09 10:28:33",02-2181,"IT Device",2
391,02-2181,,NULL,"Famous Technologies",GZYC37872,"2026-02-28 00:00:00",3,147,148,,,,,"2026-08-28 13:13:49",NULL,,,5,,1,"2026-03-02 13:13:49",NULL,NULL,1,14609,"2026-03-05 12:56:13",02-2181,"IT Device",2
392,02-2181,,NULL,"Famous Technologies",Z0IKAA8H,"2026-02-28 00:00:00",20,214,215,,,,,"2027-02-28 14:09:29",NULL,,,1,,1,"2026-03-02 14:09:29",NULL,NULL,1,14574,"2026-03-02 14:10:43",02-2181,"IT Device",2
393,02-2181,,NULL,"Famous Technologies",20260228n0sn,"2026-02-28 00:00:00",66,216,217,,,,,"2026-05-28 14:37:03",NULL,,,1,,1,"2026-03-02 14:37:03",NULL,NULL,1,14578,"2026-03-02 14:37:22",02-2181,"IT Device",2
394,02-2181,,NULL,"Famous Technologies",20251010nosn,"2025-10-10 00:00:00",9,85,91,,,,,"2026-10-10 15:28:40",NULL,,,1,,1,"2026-03-02 15:28:40",NULL,NULL,1,14580,"2026-03-02 15:28:58",02-2181,"IT Device",2
395,02-2181,,NULL,"Numeric Technology",2026022401,"2026-02-24 00:00:00",29,89,90,,,,,"2026-08-24 14:12:47",NULL,,,4,,1,"2026-03-04 14:12:47",NULL,NULL,1,14589,"2026-03-04 14:13:08",02-2181,"IT Device",2
396,02-2181,,NULL,"Numeric Technology",2026022402,"2026-02-24 00:00:00",29,89,90,,,,,"2026-08-24 14:12:47",NULL,,,4,,1,"2026-03-04 14:12:47",NULL,NULL,1,14590,"2026-03-04 14:14:48",02-2181,"IT Device",2
397,02-2181,,NULL,"Numeric Technology",2026022403,"2026-02-24 00:00:00",29,89,90,,,,,"2026-08-24 14:12:47",NULL,,,4,,1,"2026-03-04 14:12:47",NULL,NULL,1,14613,"2026-03-08 10:54:36",02-2181,"IT Device",2
398,02-2181,,NULL,"Numeric Technology",2026022404,"2026-02-24 00:00:00",29,89,90,,,,,"2026-08-24 14:12:47",NULL,,,4,,1,"2026-03-04 14:12:47",NULL,NULL,1,14614,"2026-03-08 10:54:51",02-2181,"IT Device",2
399,02-2181,,NULL,"Famous Technologies",GS0750195,"2026-02-28 00:00:00",3,133,134,,,,,"2026-08-28 14:26:18",NULL,,,3,,1,"2026-03-05 14:26:18",NULL,NULL,1,14610,"2026-03-05 14:27:26",02-2181,"IT Device",2
400,02-2181,,NULL,"Famous Technologies",GS0750205,"2026-02-28 00:00:00",3,133,134,,,,,"2026-08-28 14:26:18",NULL,,,3,,1,"2026-03-05 14:26:18",NULL,NULL,1,14849,"2026-06-17 20:30:24",02-2181,"IT Device",2
401,02-2181,,NULL,"Famous Technologies",GS0698612,"2026-02-28 00:00:00",3,133,134,,,,,"2194-12-28 00:00:00",NULL,,,3,,1,"2026-03-05 14:26:18",02-2181,"2026-07-13 11:19:19",1,14893,"2026-07-13 11:20:11",02-2181,"IT Device",2
402,02-2297,FAHSC02-22972026-03-03MR136122,FAHSC02-22972026-02-08PR14361,"Computer City Technologies Ltd.",S27IFRW0202,"2026-02-25 12:06:49",21,178,179,,,,"27 Inch FHD 100Hz IPS, 5ms GtG","2029-02-25 12:06:49","Computer Accessories","Monitor-LED 27 Inch",FAHSC2026-02-25GR352194,3,,1,"2026-03-15 09:28:34",NULL,NULL,1,14620,"2026-03-15 09:30:55",02-2297,"IT Device",1
403,02-2297,FAHSC02-22972026-03-03MR136122,FAHSC02-22972026-02-08PR14361,"Computer City Technologies Ltd.",S27IFRW0075,"2026-02-25 12:06:49",21,178,179,,,,"27 Inch FHD 100Hz IPS, 5ms GtG","2029-02-25 12:06:49","Computer Accessories","Monitor-LED 27 Inch",FAHSC2026-02-25GR352194,3,,1,"2026-03-15 09:28:34",NULL,NULL,1,14619,"2026-03-15 09:30:23",02-2297,"IT Device",1
404,02-2297,FAHSC02-22972026-03-03MR136122,FAHSC02-22972026-02-08PR14361,"Computer City Technologies Ltd.",S27IFRW0020,"2026-02-25 12:06:49",21,178,179,,,,"27 Inch FHD 100Hz IPS, 5ms GtG","2029-02-25 12:06:49","Computer Accessories","Monitor-LED 27 Inch",FAHSC2026-02-25GR352194,3,,1,"2026-03-15 09:28:34",NULL,NULL,1,14618,"2026-03-15 09:29:44",02-2297,"IT Device",1
405,02-2181,,NULL,"Famous Technologies",VTI20250115004,"2025-03-09 00:00:00",10,124,208,,,,,"2026-03-09 12:02:32",NULL,,,1,,1,"2026-04-01 12:02:32",NULL,NULL,1,14636,"2026-04-01 12:03:22",02-2181,"IT Device",2
406,02-2181,,NULL,"Fiber@Home IT store/stock",78RFC2LZT,"2018-01-01 00:00:00",39,218,219,,,,,"2019-01-01 11:08:16",NULL,,,2,,1,"2026-04-07 11:08:16",NULL,NULL,1,14651,"2026-04-07 11:16:17",02-2181,"IT Device",2
407,02-2181,,NULL,"Famous Technologies",BE0DSHRR0755,"2026-04-01 00:00:00",10,126,127,,,,,"2026-10-01 11:08:16",NULL,,,2,,1,"2026-04-07 11:08:16",NULL,NULL,1,14661,"2026-04-09 22:01:41",02-2181,"IT Device",2
408,02-2297,FAHSC02-22972026-02-08MR134581,FAHSC02-22972025-12-15PR14172,"Tech Land",CND52719ML,"2026-02-08 13:54:10",18,106,211,"Intel Core Ultra 7 155U (12 MB L3 Cache, Up to 4.8 GHz)","16GB LPDDR5 6400MHz (Non Removable)","1 TB M.2 SSD",14,"2028-02-08 13:54:10","Computer Accessories",Laptop-STANDARD,FAHSC2026-02-08GR349993,1,,1,"2026-04-07 12:49:09",NULL,NULL,1,14722,"2026-05-05 15:25:35",02-2297,"IT Device",1
409,02-2181,,NULL,"Famous Technologies",GB2511087474,"2026-04-08 00:00:00",9,85,86,,,,,"2027-04-08 22:07:06",NULL,,,1,,1,"2026-04-09 22:07:06",NULL,NULL,1,14662,"2026-04-09 22:07:49",02-2181,"IT Device",2
410,02-2181,,NULL,"Famous Technologies",GB2511087538,"2026-04-11 00:00:00",9,85,86,,,,,"2027-04-11 17:53:44",NULL,,,2,,1,"2026-04-12 17:53:44",NULL,NULL,1,14669,"2026-04-12 17:55:39",02-2181,"IT Device",2
411,02-2181,,NULL,"Famous Technologies",GB2511087568,"2026-04-11 00:00:00",9,85,86,,,,,"2027-04-11 17:53:44",NULL,,,2,,1,"2026-04-12 17:53:44",NULL,NULL,1,14668,"2026-04-12 17:54:03",02-2181,"IT Device",2
412,02-2181,,NULL,"Famous Technologies",GB2511087608,"2026-04-11 00:00:00",9,85,86,,,,,"2027-04-11 15:41:20",NULL,,,2,,1,"2026-04-13 15:41:20",NULL,NULL,1,14671,"2026-04-13 15:42:05",02-2181,"IT Device",2
413,02-2181,,NULL,"Famous Technologies",GB2511087572,"2026-04-11 00:00:00",9,85,86,,,,,"2027-04-11 15:41:20",NULL,,,2,,1,"2026-04-13 15:41:20",NULL,NULL,1,14672,"2026-04-13 15:46:31",02-2181,"IT Device",2
414,02-2181,,NULL,"Famous Technologies",20260411n0sn,"2026-04-11 00:00:00",220,221,222,,,,,"2026-07-11 19:52:32",NULL,,,1,"5 port 5 switch",1,"2026-04-13 19:52:32",NULL,NULL,1,14673,"2026-04-13 19:52:50",02-2181,"IT Device",2
415,02-2181,,NULL,"Famous Technologies",GB2511087606,"2026-04-11 00:00:00",9,85,86,,,,,"2027-04-11 20:30:58",NULL,,,1,,1,"2026-04-13 20:30:58",NULL,NULL,1,14674,"2026-04-13 20:31:16",02-2181,"IT Device",2
416,02-2181,,NULL,"Famous Technologies",GB2511087566,"2026-04-11 00:00:00",9,85,86,,,,,"2027-04-11 12:08:59",NULL,,,10,"1-YEAR WARRANTY",1,"2026-04-15 12:08:59",NULL,NULL,1,14687,"2026-04-15 15:50:00",02-2181,"IT Device",2
417,02-2181,,NULL,"Famous Technologies",GB2511087533,"2026-04-11 00:00:00",9,85,86,,,,,"2027-04-11 12:08:59",NULL,,,10,"1-YEAR WARRANTY",1,"2026-04-15 12:08:59",NULL,NULL,1,14690,"2026-04-16 10:23:22",02-2181,"IT Device",2
418,02-2181,,NULL,"Famous Technologies",GB2511087604,"2026-04-11 00:00:00",9,85,86,,,,,"2027-04-11 12:08:59",NULL,,,10,"1-YEAR WARRANTY",1,"2026-04-15 12:08:59",NULL,NULL,1,14684,"2026-04-15 15:38:23",02-2181,"IT Device",2
419,02-2181,,NULL,"Famous Technologies",GB2511087627,"2026-04-11 00:00:00",9,85,86,,,,,"2027-04-11 12:08:59",NULL,,,10,"1-YEAR WARRANTY",1,"2026-04-15 12:08:59",NULL,NULL,1,14689,"2026-04-15 18:07:09",02-2248,"IT Device",2
420,02-2181,,NULL,"Famous Technologies",GB2511087617,"2026-04-11 00:00:00",9,85,86,,,,,"2027-04-11 12:08:59",NULL,,,10,"1-YEAR WARRANTY",1,"2026-04-15 12:08:59",NULL,NULL,1,14682,"2026-04-15 15:35:47",02-2181,"IT Device",2
421,02-2181,,NULL,"Famous Technologies",GB2511087570,"2026-04-11 00:00:00",9,85,86,,,,,"2027-04-11 12:08:59",NULL,,,10,"1-YEAR WARRANTY",1,"2026-04-15 12:08:59",NULL,NULL,1,14683,"2026-04-15 15:36:43",02-2181,"IT Device",2
422,02-2181,,NULL,"Famous Technologies",GB2511087613,"2026-04-11 00:00:00",9,85,86,,,,,"2027-04-11 12:08:59",NULL,,,10,"1-YEAR WARRANTY",1,"2026-04-15 12:08:59",NULL,NULL,1,14677,"2026-04-15 12:15:56",02-2181,"IT Device",2
423,02-2181,,NULL,"Famous Technologies",GB2511087611,"2026-04-11 00:00:00",9,85,86,,,,,"2027-04-11 12:08:59",NULL,,,10,"1-YEAR WARRANTY",1,"2026-04-15 12:08:59",NULL,NULL,1,14694,"2026-04-16 15:57:40",02-2181,"IT Device",2
424,02-2181,,NULL,"Famous Technologies",GB2511087574,"2026-04-11 00:00:00",9,85,86,,,,,"2027-04-11 12:08:59",NULL,,,10,"1-YEAR WARRANTY",1,"2026-04-15 12:08:59",NULL,NULL,1,14680,"2026-04-15 14:02:57",02-2181,"IT Device",2
425,02-2181,,NULL,"Famous Technologies",GS0699170,"2026-04-11 00:00:00",3,147,148,,,,,"2026-10-11 12:27:35",NULL,,,1,,1,"2026-04-16 12:27:35",NULL,NULL,1,14691,"2026-04-16 12:28:01",02-2181,"IT Device",2
426,02-2181,,NULL,"IT Solutations",15187,"2026-03-01 00:00:00",10,124,125,,,,,"2026-06-01 12:35:04",NULL,,,1,,1,"2026-04-19 12:35:04",NULL,NULL,1,14695,"2026-04-19 12:35:43",02-2181,"IT Device",2
427,02-2297,,NULL,"Famous Technologies",GB2509057161,"2026-04-21 00:00:00",9,85,86,,,,,"2027-04-21 15:13:09",NULL,,,2,,1,"2026-04-27 15:13:09",NULL,NULL,1,14713,"2026-04-27 15:15:08",02-2297,"IT Device",2
428,02-2297,,NULL,"Famous Technologies",GB2509041933,"2026-04-21 00:00:00",9,85,86,,,,,"2027-04-21 15:13:09",NULL,,,2,,1,"2026-04-27 15:13:09",NULL,NULL,1,14712,"2026-04-27 15:13:56",02-2297,"IT Device",2
429,02-2181,,NULL,"Famous Technologies",GB2509051259,"2026-04-21 00:00:00",9,85,86,,,,,"2027-04-21 15:45:26",NULL,,,1,,1,"2026-04-27 15:45:26",NULL,NULL,1,14714,"2026-04-27 15:46:06",02-2181,"IT Device",2
430,02-2181,,NULL,"IT Solutations",16300,"2026-04-29 00:00:00",10,126,227,,,,,"2026-10-29 10:02:19",NULL,,,1,,1,"2026-05-04 10:02:19",NULL,NULL,1,14721,"2026-05-04 10:02:50",02-2181,"IT Device",2
431,02-2297,FAHSC02-22972026-04-15MR138906,FAHSC02-22972025-12-15PR14171,"Daffodil Computers Limited",5CD536F30G,"2026-03-12 16:31:58",1,98,181,"Core Ultra 5-125U (up to 4.3 GHz, 12 MB L3 cache)","16 GB DDR5 5600MHz ","512GB PCIe NVMe SSD",14,"2029-03-12 16:31:58","Computer Accessories",Laptop-STANDARD,FAHSC2026-03-12GR354218,20,,1,"2026-05-05 16:01:09",NULL,NULL,1,14793,"2026-06-08 18:50:32",02-2297,"IT Device",1
432,02-2297,FAHSC02-22972026-04-15MR138906,FAHSC02-22972025-12-15PR14171,"Daffodil Computers Limited",5CD536GCXW,"2026-03-12 16:31:58",1,98,181,"Core Ultra 5-125U (up to 4.3 GHz, 12 MB L3 cache)","16 GB DDR5 5600MHz ","512GB PCIe NVMe SSD",14,"2029-03-12 16:31:58","Computer Accessories",Laptop-STANDARD,FAHSC2026-03-12GR354218,20,,1,"2026-05-05 16:01:09",NULL,NULL,1,14801,"2026-06-10 18:16:31",02-2181,"IT Device",1
433,02-2297,FAHSC02-22972026-04-15MR138906,FAHSC02-22972025-12-15PR14171,"Daffodil Computers Limited",5CD536GCY0,"2026-03-12 16:31:58",1,98,181,"Core Ultra 5-125U (up to 4.3 GHz, 12 MB L3 cache)","16 GB DDR5 5600MHz ","512GB PCIe NVMe SSD",14,"2029-03-12 16:31:58","Computer Accessories",Laptop-STANDARD,FAHSC2026-03-12GR354218,20,,1,"2026-05-05 16:01:09",NULL,NULL,1,14785,"2026-06-07 15:28:09",02-2297,"IT Device",1
434,02-2297,FAHSC02-22972026-04-15MR138906,FAHSC02-22972025-12-15PR14171,"Daffodil Computers Limited",5CD536GCXT,"2026-03-12 16:31:58",1,98,181,"Core Ultra 5-125U (up to 4.3 GHz, 12 MB L3 cache)","16 GB DDR5 5600MHz ","512GB PCIe NVMe SSD",14,"2029-03-12 16:31:58","Computer Accessories",Laptop-STANDARD,FAHSC2026-03-12GR354218,20,,1,"2026-05-05 16:01:09",NULL,NULL,1,14742,"2026-05-12 15:26:04",02-2181,"IT Device",1
435,02-2297,FAHSC02-22972026-04-15MR138906,FAHSC02-22972025-12-15PR14171,"Daffodil Computers Limited",5CD536GD1H,"2026-03-12 16:31:58",1,98,181,"Core Ultra 5-125U (up to 4.3 GHz, 12 MB L3 cache)","16 GB DDR5 5600MHz ","512GB PCIe NVMe SSD",14,"2029-03-12 16:31:58","Computer Accessories",Laptop-STANDARD,FAHSC2026-03-12GR354218,20,,1,"2026-05-05 16:01:09",NULL,NULL,1,14726,"2026-05-05 17:09:48",02-2181,"IT Device",1
436,02-2297,FAHSC02-22972026-04-15MR138906,FAHSC02-22972025-12-15PR14171,"Daffodil Computers Limited",5CD536F2RL,"2026-03-12 16:31:58",1,98,181,"Core Ultra 5-125U (up to 4.3 GHz, 12 MB L3 cache)","16 GB DDR5 5600MHz ","512GB PCIe NVMe SSD",14,"2029-03-12 16:31:58","Computer Accessories",Laptop-STANDARD,FAHSC2026-03-12GR354218,20,,1,"2026-05-05 16:01:09",NULL,NULL,1,14821,"2026-06-16 11:01:02",02-2248,"IT Device",1
437,02-2297,FAHSC02-22972026-04-15MR138906,FAHSC02-22972025-12-15PR14171,"Daffodil Computers Limited",5CD536F2L7,"2026-03-12 16:31:58",1,98,181,"Core Ultra 5-125U (up to 4.3 GHz, 12 MB L3 cache)","16 GB DDR5 5600MHz ","512GB PCIe NVMe SSD",14,"2029-03-12 16:31:58","Computer Accessories",Laptop-STANDARD,FAHSC2026-03-12GR354218,20,,1,"2026-05-05 16:01:09",NULL,NULL,1,14816,"2026-06-15 16:27:00",02-2181,"IT Device",1
438,02-2297,FAHSC02-22972026-04-15MR138906,FAHSC02-22972025-12-15PR14171,"Daffodil Computers Limited",5CD536F3FB,"2026-03-12 16:31:58",1,98,181,"Core Ultra 5-125U (up to 4.3 GHz, 12 MB L3 cache)","16 GB DDR5 5600MHz ","512GB PCIe NVMe SSD",14,"2029-03-12 16:31:58","Computer Accessories",Laptop-STANDARD,FAHSC2026-03-12GR354218,20,,1,"2026-05-05 16:01:09",NULL,NULL,1,14829,"2026-06-16 14:42:44",02-2014,"IT Device",1
439,02-2297,FAHSC02-22972026-04-15MR138906,FAHSC02-22972025-12-15PR14171,"Daffodil Computers Limited",5CD536F2Q6,"2026-03-12 16:31:58",1,98,181,"Core Ultra 5-125U (up to 4.3 GHz, 12 MB L3 cache)","16 GB DDR5 5600MHz ","512GB PCIe NVMe SSD",14,"2029-03-12 16:31:58","Computer Accessories",Laptop-STANDARD,FAHSC2026-03-12GR354218,20,,1,"2026-05-05 16:01:09",NULL,NULL,1,14792,"2026-06-08 15:11:01",02-2181,"IT Device",1
440,02-2297,FAHSC02-22972026-04-15MR138906,FAHSC02-22972025-12-15PR14171,"Daffodil Computers Limited",5CD536F2QB,"2026-03-12 16:31:58",1,98,181,"Core Ultra 5-125U (up to 4.3 GHz, 12 MB L3 cache)","16 GB DDR5 5600MHz ","512GB PCIe NVMe SSD",14,"2029-03-12 16:31:58","Computer Accessories",Laptop-STANDARD,FAHSC2026-03-12GR354218,20,,1,"2026-05-05 16:01:09",NULL,NULL,1,14818,"2026-06-15 17:41:57",02-2181,"IT Device",1
441,02-2297,FAHSC02-22972026-04-15MR138906,FAHSC02-22972025-12-15PR14171,"Daffodil Computers Limited",5CD536F2D6,"2026-03-12 16:31:58",1,98,181,"Core Ultra 5-125U (up to 4.3 GHz, 12 MB L3 cache)","16 GB DDR5 5600MHz ","512GB PCIe NVMe SSD",14,"2029-03-12 16:31:58","Computer Accessories",Laptop-STANDARD,FAHSC2026-03-12GR354218,20,,1,"2026-05-05 16:01:09",NULL,NULL,1,14767,"2026-05-18 18:35:26",02-2297,"IT Device",1
442,02-2297,FAHSC02-22972026-04-15MR138906,FAHSC02-22972025-12-15PR14171,"Daffodil Computers Limited",5CD536F2XG,"2026-03-12 16:31:58",1,98,181,"Core Ultra 5-125U (up to 4.3 GHz, 12 MB L3 cache)","16 GB DDR5 5600MHz ","512GB PCIe NVMe SSD",14,"2029-03-12 16:31:58","Computer Accessories",Laptop-STANDARD,FAHSC2026-03-12GR354218,20,,1,"2026-05-05 16:01:09",NULL,NULL,1,14770,"2026-05-21 15:06:39",02-2248,"IT Device",1
443,02-2297,FAHSC02-22972026-04-15MR138906,FAHSC02-22972025-12-15PR14171,"Daffodil Computers Limited",5CD536F331,"2026-03-12 16:31:58",1,98,181,"Core Ultra 5-125U (up to 4.3 GHz, 12 MB L3 cache)","16 GB DDR5 5600MHz ","512GB PCIe NVMe SSD",14,"2029-03-12 16:31:58","Computer Accessories",Laptop-STANDARD,FAHSC2026-03-12GR354218,20,,1,"2026-05-05 16:01:09",NULL,NULL,1,14847,"2026-06-17 16:51:21",02-2181,"IT Device",1
444,02-2297,FAHSC02-22972026-04-15MR138906,FAHSC02-22972025-12-15PR14171,"Daffodil Computers Limited",5CD536F2XB,"2026-03-12 16:31:58",1,98,181,"Core Ultra 5-125U (up to 4.3 GHz, 12 MB L3 cache)","16 GB DDR5 5600MHz ","512GB PCIe NVMe SSD",14,"2029-03-12 16:31:58","Computer Accessories",Laptop-STANDARD,FAHSC2026-03-12GR354218,20,,1,"2026-05-05 16:01:09",NULL,NULL,1,14740,"2026-05-10 19:41:24",02-2297,"IT Device",1
445,02-2297,FAHSC02-22972026-04-15MR138906,FAHSC02-22972025-12-15PR14171,"Daffodil Computers Limited",5CD536F33Q,"2026-03-12 16:31:58",1,98,181,"Core Ultra 5-125U (up to 4.3 GHz, 12 MB L3 cache)","16 GB DDR5 5600MHz ","512GB PCIe NVMe SSD",14,"2029-03-12 16:31:58","Computer Accessories",Laptop-STANDARD,FAHSC2026-03-12GR354218,20,,1,"2026-05-05 16:01:09",NULL,NULL,1,14845,"2026-06-17 15:28:59",02-2248,"IT Device",1
446,02-2297,FAHSC02-22972026-04-15MR138906,FAHSC02-22972025-12-15PR14171,"Daffodil Computers Limited",5CD536GCXX,"2026-03-12 16:31:58",1,98,181,"Core Ultra 5-125U (up to 4.3 GHz, 12 MB L3 cache)","16 GB DDR5 5600MHz ","512GB PCIe NVMe SSD",14,"2029-03-12 16:31:58","Computer Accessories",Laptop-STANDARD,FAHSC2026-03-12GR354218,20,,1,"2026-05-05 16:01:09",NULL,NULL,1,14806,"2026-06-11 15:54:29",02-2248,"IT Device",1
447,02-2297,FAHSC02-22972026-04-15MR138906,FAHSC02-22972025-12-15PR14171,"Daffodil Computers Limited",5CD536GCZF,"2026-03-12 16:31:58",1,98,181,"Core Ultra 5-125U (up to 4.3 GHz, 12 MB L3 cache)","16 GB DDR5 5600MHz ","512GB PCIe NVMe SSD",14,"2029-03-12 16:31:58","Computer Accessories",Laptop-STANDARD,FAHSC2026-03-12GR354218,20,,1,"2026-05-05 16:01:09",NULL,NULL,1,14836,"2026-06-17 11:56:06",02-2181,"IT Device",1
448,02-2297,FAHSC02-22972026-04-15MR138906,FAHSC02-22972025-12-15PR14171,"Daffodil Computers Limited",5CD536F2Q7,"2026-03-12 16:31:58",1,98,181,"Core Ultra 5-125U (up to 4.3 GHz, 12 MB L3 cache)","16 GB DDR5 5600MHz ","512GB PCIe NVMe SSD",14,"2029-03-12 16:31:58","Computer Accessories",Laptop-STANDARD,FAHSC2026-03-12GR354218,20,,1,"2026-05-05 16:01:09",NULL,NULL,1,14787,"2026-06-07 18:56:45",02-2181,"IT Device",1
449,02-2297,FAHSC02-22972026-04-15MR138906,FAHSC02-22972025-12-15PR14171,"Daffodil Computers Limited",5CD536GCYL,"2026-03-12 16:31:58",1,98,181,"Core Ultra 5-125U (up to 4.3 GHz, 12 MB L3 cache)","16 GB DDR5 5600MHz ","512GB PCIe NVMe SSD",14,"2029-03-12 16:31:58","Computer Accessories",Laptop-STANDARD,FAHSC2026-03-12GR354218,20,,1,"2026-05-05 16:01:09",NULL,NULL,1,14832,"2026-06-16 17:39:20",02-2181,"IT Device",1
450,02-2297,FAHSC02-22972026-04-15MR138906,FAHSC02-22972025-12-15PR14171,"Daffodil Computers Limited",5CD536F38V,"2026-03-12 16:31:58",1,98,181,"Core Ultra 5-125U (up to 4.3 GHz, 12 MB L3 cache)","16 GB DDR5 5600MHz ","512GB PCIe NVMe SSD",14,"2029-03-12 16:31:58","Computer Accessories",Laptop-STANDARD,FAHSC2026-03-12GR354218,20,,1,"2026-05-05 16:01:09",NULL,NULL,1,14778,"2026-06-02 16:54:12",02-2253,"IT Device",1
451,02-2181,,NULL,"Famous Technologies",GB2509051251,"2026-04-21 00:00:00",9,85,86,,,,,"2027-04-21 17:44:37",NULL,,,1,,1,"2026-05-05 17:44:37",NULL,NULL,1,14729,"2026-05-05 17:45:02",02-2181,"IT Device",2
452,02-2181,,NULL,"Famous Technologies",GB2509051253,"2026-04-21 00:00:00",9,85,86,,,,,"2027-04-21 11:37:13",NULL,,,2,,1,"2026-05-06 11:37:13",NULL,NULL,1,14730,"2026-05-06 11:38:18",02-2181,"IT Device",2
453,02-2181,,NULL,"Famous Technologies",GB2511060697,"2026-04-21 00:00:00",4,228,229,,,,,"2027-04-21 11:37:13",NULL,,,2,,1,"2026-05-06 11:37:13",NULL,NULL,1,14731,"2026-05-06 11:38:50",02-2181,"IT Device",2
454,02-2181,,NULL,"Famous Technologies",GS0699123,"2026-04-21 00:00:00",3,147,148,,,,,"2026-10-21 12:26:04",NULL,,,3,,1,"2026-05-06 12:26:04",NULL,NULL,1,14732,"2026-05-06 12:34:19",02-2181,"IT Device",2
455,02-2181,,NULL,"Famous Technologies",GS0699126,"2026-04-21 00:00:00",3,147,148,,,,,"2026-10-21 12:26:04",NULL,,,3,,1,"2026-05-06 12:26:04",NULL,NULL,1,14733,"2026-05-06 12:35:33",02-2181,"IT Device",2
456,02-2181,,NULL,"Famous Technologies",GS0699131,"2026-04-21 00:00:00",3,147,148,,,,,"2026-10-21 12:26:04",NULL,,,3,,1,"2026-05-06 12:26:04",NULL,NULL,1,14765,"2026-05-18 16:30:14",02-2181,"IT Device",2
457,02-2014,FAHSC02-22972026-05-04MR140395,null,null,MP2J34B6,"2026-04-27 13:15:53",5,230,231,"AMD Athlon Silver 7120U Processor","8GB DDR4 3200MHz","256 NVMe","15.6 Inch ","2028-04-27 13:15:53","Computer Accessories",Laptop-STANDARD,FAHSC2026-04-27IGR358585,5,,1,"2026-05-06 16:07:07",NULL,NULL,0,NULL,NULL,NULL,NULL,1
458,02-2014,FAHSC02-22972026-05-04MR140395,null,null,MP2J34AH,"2026-04-27 13:15:53",5,230,231,"AMD Athlon Silver 7120U Processor","8GB DDR4 3200MHz","256 NVMe","15.6 Inch ","2028-04-27 13:15:53","Computer Accessories",Laptop-STANDARD,FAHSC2026-04-27IGR358585,5,,1,"2026-05-06 16:07:07",NULL,NULL,1,14877,"2026-07-06 12:33:31",02-2297,"IT Device",1
459,02-2014,FAHSC02-22972026-05-04MR140395,null,null,MP2J34CH,"2026-04-27 13:15:53",5,230,231,"AMD Athlon Silver 7120U Processor","8GB DDR4 3200MHz","256 NVMe","15.6 Inch ","2028-04-27 13:15:53","Computer Accessories",Laptop-STANDARD,FAHSC2026-04-27IGR358585,5,,1,"2026-05-06 16:07:07",NULL,NULL,1,14734,"2026-05-06 16:11:16",02-2181,"IT Device",1
460,02-2014,FAHSC02-22972026-05-04MR140395,null,null,MP2J34B2,"2026-04-27 13:15:53",5,230,231,"AMD Athlon Silver 7120U Processor","8GB DDR4 3200MHz","256 NVMe","15.6 Inch ","2028-04-27 13:15:53","Computer Accessories",Laptop-STANDARD,FAHSC2026-04-27IGR358585,5,,1,"2026-05-06 16:07:07",NULL,NULL,1,14735,"2026-05-06 16:12:12",02-2181,"IT Device",1
461,02-2014,FAHSC02-22972026-05-04MR140395,null,null,MP2J34AM,"2026-04-27 13:15:53",5,230,231,"AMD Athlon Silver 7120U Processor","8GB DDR4 3200MHz","256 NVMe","15.6 Inch ","2028-04-27 13:15:53","Computer Accessories",Laptop-STANDARD,FAHSC2026-04-27IGR358585,5,,1,"2026-05-06 16:07:07",NULL,NULL,1,14769,"2026-05-19 17:49:16",02-2181,"IT Device",1
462,02-2181,,NULL,"Famous Technologies",GB2509051261,"2026-04-21 00:00:00",9,85,86,,,,,"2027-04-21 12:21:04",NULL,,,1,,1,"2026-05-07 12:21:04",NULL,NULL,1,14736,"2026-05-07 12:21:33",02-2181,"IT Device",2
463,02-2181,,NULL,"Famous Technologies",GB2511078804,"2026-04-21 00:00:00",9,85,86,,,,,"2195-03-21 00:00:00",NULL,,,1,,1,"2026-05-11 10:28:44",02-2181,"2026-07-15 10:23:44",1,14895,"2026-07-15 10:24:04",02-2181,"IT Device",2
464,02-2297,FAHSC02-22972026-04-15MR138907,FAHSC02-22972025-12-15PR14171,"Daffodil Computers Limited",2527APS76P19,"2026-03-12 16:31:58",9,82,150,,,,,"2029-03-12 16:31:58","Computer Accessories","Mouse-Wireless (Standard)",FAHSC2026-03-12GR354218,20,"Vendor Daffodil Computers",1,"2026-05-12 16:21:55",NULL,NULL,1,14846,"2026-06-17 16:33:25",02-2181,"IT Device",1
465,02-2297,FAHSC02-22972026-04-15MR138907,FAHSC02-22972025-12-15PR14171,"Daffodil Computers Limited",2527APN73HX9,"2026-03-12 16:31:58",9,82,150,,,,,"2029-03-12 16:31:58","Computer Accessories","Mouse-Wireless (Standard)",FAHSC2026-03-12GR354218,20,,1,"2026-05-12 16:21:55",NULL,NULL,1,14817,"2026-06-15 16:34:27",02-2181,"IT Device",1
466,02-2297,FAHSC02-22972026-04-15MR138907,FAHSC02-22972025-12-15PR14171,"Daffodil Computers Limited",2527APK76P79,"2026-03-12 16:31:58",9,82,150,,,,,"2029-03-12 16:31:58","Computer Accessories","Mouse-Wireless (Standard)",FAHSC2026-03-12GR354218,20,,1,"2026-05-12 16:21:55",NULL,NULL,1,14837,"2026-06-17 11:59:50",02-2181,"IT Device",1
467,02-2297,FAHSC02-22972026-04-15MR138907,FAHSC02-22972025-12-15PR14171,"Daffodil Computers Limited",2527APJ76PP9,"2026-03-12 16:31:58",9,82,150,,,,,"2029-03-12 16:31:58","Computer Accessories","Mouse-Wireless (Standard)",FAHSC2026-03-12GR354218,20,,1,"2026-05-12 16:21:55",NULL,NULL,1,14848,"2026-06-17 17:04:58",02-2181,"IT Device",1
468,02-2297,FAHSC02-22972026-04-15MR138907,FAHSC02-22972025-12-15PR14171,"Daffodil Computers Limited",2527APD76PY9,"2026-03-12 16:31:58",9,82,150,,,,,"2029-03-12 16:31:58","Computer Accessories","Mouse-Wireless (Standard)",FAHSC2026-03-12GR354218,20,,1,"2026-05-12 16:21:55",NULL,NULL,0,NULL,NULL,NULL,NULL,1
469,02-2297,FAHSC02-22972026-04-15MR138907,FAHSC02-22972025-12-15PR14171,"Daffodil Computers Limited",2527APB73G89,"2026-03-12 16:31:58",9,82,150,,,,,"2029-03-12 16:31:58","Computer Accessories","Mouse-Wireless (Standard)",FAHSC2026-03-12GR354218,20,,1,"2026-05-12 16:21:55",NULL,NULL,0,NULL,NULL,NULL,NULL,1
470,02-2297,FAHSC02-22972026-04-15MR138907,FAHSC02-22972025-12-15PR14171,"Daffodil Computers Limited",2527APF73J39,"2026-03-12 16:31:58",9,82,150,,,,,"2029-03-12 16:31:58","Computer Accessories","Mouse-Wireless (Standard)",FAHSC2026-03-12GR354218,20,,1,"2026-05-12 16:21:55",NULL,NULL,1,14788,"2026-06-07 19:02:58",02-2181,"IT Device",1
471,02-2297,FAHSC02-22972026-04-15MR138907,FAHSC02-22972025-12-15PR14171,"Daffodil Computers Limited",2527APS76PA9,"2026-03-12 16:31:58",9,82,150,,,,,"2029-03-12 16:31:58","Computer Accessories","Mouse-Wireless (Standard)",FAHSC2026-03-12GR354218,20,,1,"2026-05-12 16:21:55",NULL,NULL,1,14879,"2026-07-08 16:03:52",02-2014,"IT Device",1
472,02-2297,FAHSC02-22972026-04-15MR138907,FAHSC02-22972025-12-15PR14171,"Daffodil Computers Limited",2527APV76Q09,"2026-03-12 16:31:58",9,82,150,,,,,"2029-03-12 16:31:58","Computer Accessories","Mouse-Wireless (Standard)",FAHSC2026-03-12GR354218,20,,1,"2026-05-12 16:21:55",NULL,NULL,1,14831,"2026-06-16 17:18:42",02-2297,"IT Device",1
473,02-2297,FAHSC02-22972026-04-15MR138907,FAHSC02-22972025-12-15PR14171,"Daffodil Computers Limited",2527APL73GH9,"2026-03-12 16:31:58",9,82,150,,,,,"2029-03-12 16:31:58","Computer Accessories","Mouse-Wireless (Standard)",FAHSC2026-03-12GR354218,20,,1,"2026-05-12 16:21:55",NULL,NULL,1,14786,"2026-06-07 15:33:44",02-2297,"IT Device",1
474,02-2297,FAHSC02-22972026-04-15MR138907,FAHSC02-22972025-12-15PR14171,"Daffodil Computers Limited",2527AP373E09,"2026-03-12 16:31:58",9,82,150,,,,,"2029-03-12 16:31:58","Computer Accessories","Mouse-Wireless (Standard)",FAHSC2026-03-12GR354218,20,,1,"2026-05-12 16:21:55",NULL,NULL,1,14790,"2026-06-08 15:05:54",02-2181,"IT Device",1
475,02-2297,FAHSC02-22972026-04-15MR138907,FAHSC02-22972025-12-15PR14171,"Daffodil Computers Limited",2527AP976P59,"2026-03-12 16:31:58",9,82,150,,,,,"2029-03-12 16:31:58","Computer Accessories","Mouse-Wireless (Standard)",FAHSC2026-03-12GR354218,20,,1,"2026-05-12 16:21:55",NULL,NULL,1,14835,"2026-06-16 18:22:28",02-2181,"IT Device",1
476,02-2297,FAHSC02-22972026-04-15MR138907,FAHSC02-22972025-12-15PR14171,"Daffodil Computers Limited",2527APK73GC9,"2026-03-12 16:31:58",9,82,150,,,,,"2029-03-12 16:31:58","Computer Accessories","Mouse-Wireless (Standard)",FAHSC2026-03-12GR354218,20,,1,"2026-05-12 16:21:55",NULL,NULL,1,14802,"2026-06-10 18:20:48",02-2181,"IT Device",1
477,02-2297,FAHSC02-22972026-04-15MR138907,FAHSC02-22972025-12-15PR14171,"Daffodil Computers Limited",2527APN73GE9,"2026-03-12 16:31:58",9,82,150,,,,,"2029-03-12 16:31:58","Computer Accessories","Mouse-Wireless (Standard)",FAHSC2026-03-12GR354218,20,,1,"2026-05-12 16:21:55",NULL,NULL,1,14819,"2026-06-15 17:45:00",02-2181,"IT Device",1
478,02-2297,FAHSC02-22972026-04-15MR138907,FAHSC02-22972025-12-15PR14171,"Daffodil Computers Limited",2527APT76PF9,"2026-03-12 16:31:58",9,82,150,,,,,"2029-03-12 16:31:58","Computer Accessories","Mouse-Wireless (Standard)",FAHSC2026-03-12GR354218,20,,1,"2026-05-12 16:21:55",NULL,NULL,1,14834,"2026-06-16 18:20:21",02-2181,"IT Device",1
479,02-2297,FAHSC02-22972026-04-15MR138907,FAHSC02-22972025-12-15PR14171,"Daffodil Computers Limited",2527APY73G29,"2026-03-12 16:31:58",9,82,150,,,,,"2029-03-12 16:31:58","Computer Accessories","Mouse-Wireless (Standard)",FAHSC2026-03-12GR354218,20,,1,"2026-05-12 16:21:55",NULL,NULL,1,14771,"2026-05-21 17:14:10",02-2248,"IT Device",1
480,02-2297,FAHSC02-22972026-04-15MR138907,FAHSC02-22972025-12-15PR14171,"Daffodil Computers Limited",2527APP76PB9,"2026-03-12 16:31:58",9,82,150,,,,,"2029-03-12 16:31:58","Computer Accessories","Mouse-Wireless (Standard)",FAHSC2026-03-12GR354218,20,,1,"2026-05-12 16:21:55",NULL,NULL,1,14822,"2026-06-16 11:03:21",02-2248,"IT Device",1
481,02-2297,FAHSC02-22972026-04-15MR138907,FAHSC02-22972025-12-15PR14171,"Daffodil Computers Limited",2527AP473ZH9,"2026-03-12 16:31:58",9,82,150,,,,,"2029-03-12 16:31:58","Computer Accessories","Mouse-Wireless (Standard)",FAHSC2026-03-12GR354218,20,,1,"2026-05-12 16:21:55",NULL,NULL,1,14794,"2026-06-08 18:51:28",02-2297,"IT Device",1
482,02-2297,FAHSC02-22972026-04-15MR138907,FAHSC02-22972025-12-15PR14171,"Daffodil Computers Limited",2527APM73NQ9,"2026-03-12 16:31:58",9,82,150,,,,,"2029-03-12 16:31:58","Computer Accessories","Mouse-Wireless (Standard)",FAHSC2026-03-12GR354218,20,,1,"2026-05-12 16:21:55",NULL,NULL,0,NULL,NULL,NULL,NULL,1
483,02-2297,FAHSC02-22972026-04-15MR138907,FAHSC02-22972025-12-15PR14171,"Daffodil Computers Limited",2527APE73J09,"2026-03-12 16:31:58",9,82,150,,,,,"2029-03-12 16:31:58","Computer Accessories","Mouse-Wireless (Standard)",FAHSC2026-03-12GR354218,20,,1,"2026-05-12 16:21:55",NULL,NULL,0,NULL,NULL,NULL,NULL,1
484,02-2181,,NULL,"Famous Technologies",439330H15A1726,"2026-05-09 00:00:00",30,232,233,,,,,"2027-05-09 16:56:55",NULL,,,3,,1,"2026-05-12 16:56:55",NULL,NULL,1,14746,"2026-05-12 16:58:26",02-2181,"IT Device",2
485,02-2181,,NULL,"Famous Technologies",422330H151A0447,"2026-05-09 00:00:00",30,232,233,,,,,"2027-05-09 16:56:55",NULL,,,3,,1,"2026-05-12 16:56:55",NULL,NULL,1,14745,"2026-05-12 16:58:03",02-2181,"IT Device",2
486,02-2181,,NULL,"Famous Technologies",439330H15A1736,"2026-05-09 00:00:00",30,232,233,,,,,"2027-05-09 16:56:55",NULL,,,3,,1,"2026-05-12 16:56:55",NULL,NULL,1,14744,"2026-05-12 16:57:37",02-2181,"IT Device",2
487,02-2181,,NULL,"Famous Technologies",GB2509041931,"2026-04-21 00:00:00",9,85,86,,,,,"2027-04-21 11:25:40",NULL,,,1,,1,"2026-05-13 11:25:40",NULL,NULL,1,14748,"2026-05-13 11:26:32",02-2181,"IT Device",2
488,02-2181,,NULL,"Famous Technologies",GB2509041929,"2026-04-21 00:00:00",9,85,86,,,,,"2027-04-21 12:49:21",NULL,,,1,"1 YEARS WARRANTY",1,"2026-05-13 12:49:21",NULL,NULL,1,14749,"2026-05-13 12:49:42",02-2181,"IT Device",2
489,02-2181,,NULL,"Famous Technologies",GB2509041943,"2026-04-11 00:00:00",9,85,86,,,,,"2027-04-11 14:49:43",NULL,,,1,,1,"2026-05-13 14:49:43",NULL,NULL,1,14751,"2026-05-13 14:50:21",02-2181,"IT Device",2
490,02-2297,FAHSC02-22972026-05-12MR140999,FAHSC02-22972026-04-06PR14545,"Corporate Point",22590Y9005637,"2026-05-12 14:05:24",12,71,72,,,,,"2027-05-12 14:05:24","Computer Accessories","Router (Wireless)",FAHSC2026-05-12GR360333,17,,1,"2026-05-13 16:44:46",NULL,NULL,0,NULL,NULL,NULL,NULL,1
491,02-2297,FAHSC02-22972026-05-12MR140999,FAHSC02-22972026-04-06PR14545,"Corporate Point",22590Y9014406,"2026-05-12 14:05:24",12,71,72,,,,,"2027-05-12 14:05:24","Computer Accessories","Router (Wireless)",FAHSC2026-05-12GR360333,17,,1,"2026-05-13 16:44:46",NULL,NULL,0,NULL,NULL,NULL,NULL,1
492,02-2297,FAHSC02-22972026-05-12MR140999,FAHSC02-22972026-04-06PR14545,"Corporate Point",22590Y9005635,"2026-05-12 14:05:24",12,71,72,,,,,"2027-05-12 14:05:24","Computer Accessories","Router (Wireless)",FAHSC2026-05-12GR360333,17,,1,"2026-05-13 16:44:46",NULL,NULL,0,NULL,NULL,NULL,NULL,1
493,02-2297,FAHSC02-22972026-05-12MR140999,FAHSC02-22972026-04-06PR14545,"Corporate Point",22590Y9014402,"2026-05-12 14:05:24",12,71,72,,,,,"2027-05-12 14:05:24","Computer Accessories","Router (Wireless)",FAHSC2026-05-12GR360333,17,,1,"2026-05-13 16:44:46",NULL,NULL,0,NULL,NULL,NULL,NULL,1
494,02-2297,FAHSC02-22972026-05-12MR140999,FAHSC02-22972026-04-06PR14545,"Corporate Point",22590Y9005626,"2026-05-12 14:05:24",12,71,72,,,,,"2027-05-12 14:05:24","Computer Accessories","Router (Wireless)",FAHSC2026-05-12GR360333,17,,1,"2026-05-13 16:44:46",NULL,NULL,0,NULL,NULL,NULL,NULL,1
495,02-2297,FAHSC02-22972026-05-12MR140999,FAHSC02-22972026-04-06PR14545,"Corporate Point",22590Y9014399,"2026-05-12 14:05:24",12,71,72,,,,,"2027-05-12 14:05:24","Computer Accessories","Router (Wireless)",FAHSC2026-05-12GR360333,17,,1,"2026-05-13 16:44:46",NULL,NULL,0,NULL,NULL,NULL,NULL,1
496,02-2297,FAHSC02-22972026-05-12MR140999,FAHSC02-22972026-04-06PR14545,"Corporate Point",22590Y9005625,"2026-05-12 14:05:24",12,71,72,,,,,"2027-05-12 14:05:24","Computer Accessories","Router (Wireless)",FAHSC2026-05-12GR360333,17,,1,"2026-05-13 16:44:46",NULL,NULL,0,NULL,NULL,NULL,NULL,1
497,02-2297,FAHSC02-22972026-05-12MR140999,FAHSC02-22972026-04-06PR14545,"Corporate Point",22590Y9014396,"2026-05-12 14:05:24",12,71,72,,,,,"2027-05-12 14:05:24","Computer Accessories","Router (Wireless)",FAHSC2026-05-12GR360333,17,,1,"2026-05-13 16:44:46",NULL,NULL,0,NULL,NULL,NULL,NULL,1
498,02-2297,FAHSC02-22972026-05-12MR140999,FAHSC02-22972026-04-06PR14545,"Corporate Point",22590Y9005620,"2026-05-12 14:05:24",12,71,72,,,,,"2027-05-12 14:05:24","Computer Accessories","Router (Wireless)",FAHSC2026-05-12GR360333,17,,1,"2026-05-13 16:44:46",NULL,NULL,0,NULL,NULL,NULL,NULL,1
499,02-2297,FAHSC02-22972026-05-12MR140999,FAHSC02-22972026-04-06PR14545,"Corporate Point",22590Y9013903,"2026-05-12 14:05:24",12,71,72,,,,,"2027-05-12 14:05:24","Computer Accessories","Router (Wireless)",FAHSC2026-05-12GR360333,17,,1,"2026-05-13 16:44:46",NULL,NULL,0,NULL,NULL,NULL,NULL,1
500,02-2297,FAHSC02-22972026-05-12MR140999,FAHSC02-22972026-04-06PR14545,"Corporate Point",22590Y9014411,"2026-05-12 14:05:24",12,71,72,,,,,"2027-05-12 14:05:24","Computer Accessories","Router (Wireless)",FAHSC2026-05-12GR360333,17,,1,"2026-05-13 16:44:46",NULL,NULL,0,NULL,NULL,NULL,NULL,1
501,02-2297,FAHSC02-22972026-05-12MR140999,FAHSC02-22972026-04-06PR14545,"Corporate Point",22590Y9013714,"2026-05-12 14:05:24",12,71,72,,,,,"2027-05-12 14:05:24","Computer Accessories","Router (Wireless)",FAHSC2026-05-12GR360333,17,,1,"2026-05-13 16:44:46",NULL,NULL,0,NULL,NULL,NULL,NULL,1
502,02-2297,FAHSC02-22972026-05-12MR140999,FAHSC02-22972026-04-06PR14545,"Corporate Point",22590Y9005618,"2026-05-12 14:05:24",12,71,72,,,,,"2027-05-12 14:05:24","Computer Accessories","Router (Wireless)",FAHSC2026-05-12GR360333,17,,1,"2026-05-13 16:44:46",NULL,NULL,0,NULL,NULL,NULL,NULL,1
503,02-2297,FAHSC02-22972026-05-12MR140999,FAHSC02-22972026-04-06PR14545,"Corporate Point",22590Y9014410,"2026-05-12 14:05:24",12,71,72,,,,,"2027-05-12 14:05:24","Computer Accessories","Router (Wireless)",FAHSC2026-05-12GR360333,17,,1,"2026-05-13 16:44:46",NULL,NULL,0,NULL,NULL,NULL,NULL,1
504,02-2297,FAHSC02-22972026-05-12MR140999,FAHSC02-22972026-04-06PR14545,"Corporate Point",22590Y9013712,"2026-05-12 14:05:24",12,71,72,,,,,"2027-05-12 14:05:24","Computer Accessories","Router (Wireless)",FAHSC2026-05-12GR360333,17,,1,"2026-05-13 16:44:46",NULL,NULL,0,NULL,NULL,NULL,NULL,1
505,02-2297,FAHSC02-22972026-05-12MR140999,FAHSC02-22972026-04-06PR14545,"Corporate Point",22590Y9009681,"2026-05-12 14:05:24",12,71,72,,,,,"2027-05-12 14:05:24","Computer Accessories","Router (Wireless)",FAHSC2026-05-12GR360333,17,,1,"2026-05-13 16:44:46",NULL,NULL,0,NULL,NULL,NULL,NULL,1
506,02-2297,FAHSC02-22972026-05-12MR140999,FAHSC02-22972026-04-06PR14545,"Corporate Point",22590Y9014408,"2026-05-12 14:05:24",12,71,72,,,,,"2027-05-12 14:05:24","Computer Accessories","Router (Wireless)",FAHSC2026-05-12GR360333,17,,1,"2026-05-13 16:44:46",NULL,NULL,0,NULL,NULL,NULL,NULL,1
507,02-2297,FAHSC02-22972026-05-12MR141001,FAHSC02-22972026-04-20PR14587,"Computer City Technologies Ltd.",2508_S27IFRW0134,"2026-05-12 13:59:05",21,178,179,,,,,"2029-05-12 13:59:05","Computer Accessories","Monitor-LED 27 Inch",FAHSC2026-05-12GR360332,1,,1,"2026-05-13 16:46:12",NULL,NULL,1,14752,"2026-05-13 16:47:40",02-2297,"IT Device",1
508,02-2297,FAHSC02-22972026-03-30MR137798,FAHSC02-20142026-02-16PR14373,RYANS,J673260244,"2026-03-12 16:17:57",31,234,235,,,"2 TB Portbale",,"2029-03-12 16:17:57","Computer Accessories","Hard Disk-External",FAHSC2026-03-12GR354205,1,"Portbale HDD 2 TB ",1,"2026-05-17 15:36:04",NULL,NULL,1,14755,"2026-05-17 15:36:45",02-2297,"IT Device",1
509,02-2181,,NULL,"Fiber@Home IT store/stock",defaultsn25445,"2022-01-01 00:00:00",3,236,237,,,,,"2022-04-01 12:18:00",NULL,,,1,,1,"2026-06-07 12:18:00",NULL,NULL,1,14784,"2026-06-07 12:18:30",02-2181,"IT Device",2
510,02-2181,,NULL,"IT Solutations",2026051106,"2026-05-11 00:00:00",10,126,227,,,,,"2026-11-11 11:17:23",NULL,,,1,,1,"2026-06-08 11:17:23",NULL,NULL,1,14789,"2026-06-08 11:17:53",02-2181,"IT Device",2
511,02-2181,,NULL,"Famous Technologies",GB2511078779,"2026-06-06 00:00:00",9,85,86,,,,,"2027-06-06 16:02:49",NULL,,,1,,1,"2026-06-09 16:02:49",NULL,NULL,1,14795,"2026-06-09 16:03:10",02-2181,"IT Device",2
512,02-2181,,NULL,"Famous Technologies",GB2511078775,"2026-06-06 00:00:00",9,85,86,,,,,"2027-06-06 11:51:21",NULL,,,9,"1 years warranty",1,"2026-06-10 11:51:21",NULL,NULL,1,14799,"2026-06-10 12:08:49",02-2181,"IT Device",2
513,02-2181,,NULL,"Famous Technologies",GB2511078771,"2026-06-06 00:00:00",9,85,86,,,,,"2027-06-06 11:51:21",NULL,,,9,"1 years warranty",1,"2026-06-10 11:51:21",NULL,NULL,1,14811,"2026-06-14 18:17:13",02-2181,"IT Device",2
514,02-2181,,NULL,"Famous Technologies",GB2511078773,"2026-06-06 00:00:00",9,85,86,,,,,"2027-06-06 11:51:21",NULL,,,9,"1 years warranty",1,"2026-06-10 11:51:21",NULL,NULL,1,14809,"2026-06-14 17:17:56",02-2297,"IT Device",2
515,02-2181,,NULL,"Famous Technologies",GB2511078787,"2026-06-06 00:00:00",9,85,86,,,,,"2027-06-06 11:51:21",NULL,,,9,"1 years warranty",1,"2026-06-10 11:51:21",NULL,NULL,1,14843,"2026-06-17 14:19:04",02-2181,"IT Device",2
516,02-2181,,NULL,"Famous Technologies",GB2511078777,"2026-06-06 00:00:00",9,85,86,,,,,"2027-06-06 11:51:21",NULL,,,9,"1 years warranty",1,"2026-06-10 11:51:21",NULL,NULL,1,14853,"2026-06-18 10:41:18",02-2181,"IT Device",2
517,02-2181,,NULL,"Famous Technologies",GB2511078785,"2026-06-06 00:00:00",9,85,86,,,,,"2027-06-06 11:51:21",NULL,,,9,"1 years warranty",1,"2026-06-10 11:51:21",NULL,NULL,1,14858,"2026-06-24 10:40:50",02-2181,"IT Device",2
518,02-2181,,NULL,"Famous Technologies",GB2511078783,"2026-06-06 00:00:00",9,85,86,,,,,"2027-06-06 11:51:21",NULL,,,9,"1 years warranty",1,"2026-06-10 11:51:21",NULL,NULL,1,14833,"2026-06-16 17:50:16",02-2181,"IT Device",2
519,02-2181,,NULL,"Famous Technologies",GB2511078791,"2026-06-06 00:00:00",9,85,86,,,,,"2027-06-06 11:51:21",NULL,,,9,"1 years warranty",1,"2026-06-10 11:51:21",NULL,NULL,1,14814,"2026-06-14 18:24:48",02-2181,"IT Device",2
520,02-2181,,NULL,"Famous Technologies",GB2511078793,"2026-06-06 00:00:00",9,85,86,,,,,"2027-06-06 11:51:21",NULL,,,9,"1 years warranty",1,"2026-06-10 11:51:21",NULL,NULL,1,14820,"2026-06-15 18:41:44",02-2181,"IT Device",2
521,02-2181,,NULL,"Famous Technologies",436330H120A1848,"2026-06-06 00:00:00",30,232,238,,,,,"2027-06-06 13:06:33",NULL,,,2,"1-YEAR WARRANTY",1,"2026-06-10 13:06:33",NULL,NULL,1,14891,"2026-07-12 16:51:03",02-2181,"IT Device",2
522,02-2181,,NULL,"Famous Technologies",436330H120A1589,"2026-06-06 00:00:00",30,232,238,,,,,"2027-06-06 13:06:33",NULL,,,2,"1-YEAR WARRANTY",1,"2026-06-10 13:06:33",NULL,NULL,1,14815,"2026-06-15 16:09:17",02-2181,"IT Device",2
523,02-2181,,NULL,"IT Solutations",14710,"2026-06-10 00:00:00",10,124,125,,,,,"2026-12-10 14:52:46",NULL,,,2,,1,"2026-06-11 14:52:46",NULL,NULL,1,14803,"2026-06-11 14:54:14",02-2181,"IT Device",2
524,02-2181,,NULL,"IT Solutations",14709,"2026-06-10 00:00:00",10,124,125,,,,,"2026-12-10 14:52:46",NULL,,,2,,1,"2026-06-11 14:52:46",NULL,NULL,1,14882,"2026-07-11 10:59:38",02-2181,"IT Device",2
525,02-2181,,NULL,"Famous Technologies",74260,"2026-06-16 00:00:00",239,240,241,,,,,"2026-12-16 13:06:53",NULL,,,1,,1,"2026-06-17 13:06:53",NULL,NULL,1,14839,"2026-06-17 13:07:16",02-2181,"IT Device",2
526,02-2181,,NULL,"Famous Technologies",GS0698630,"2026-06-16 00:00:00",3,147,148,,,,,"2195-04-16 00:00:00",NULL,,,4,"6-MONTH WARRANTY",1,"2026-06-17 20:29:06",02-2181,"2026-07-13 11:15:06",1,14892,"2026-07-13 11:16:14",02-2181,"IT Device",2
527,02-2181,,NULL,"Famous Technologies",GS0698630,"2026-06-16 00:00:00",3,147,148,,,,,"2026-12-16 20:29:06",NULL,,,4,"6-MONTH WARRANTY",1,"2026-06-17 20:29:06",NULL,NULL,1,14850,"2026-06-17 20:30:59",02-2181,"IT Device",2
528,02-2181,,NULL,"Famous Technologies",GS0698645,"2026-06-16 00:00:00",3,147,148,,,,,"2026-12-16 20:29:06",NULL,,,4,"6-MONTH WARRANTY",1,"2026-06-17 20:29:06",NULL,NULL,1,14866,"2026-06-29 17:47:46",02-2181,"IT Device",2
529,02-2181,,NULL,"Famous Technologies",GS0698657,"2026-06-16 00:00:00",3,147,148,,,,,"2026-12-16 20:29:06",NULL,,,4,"6-MONTH WARRANTY",1,"2026-06-17 20:29:06",NULL,NULL,1,14851,"2026-06-17 20:31:26",02-2181,"IT Device",2
530,02-2181,,NULL,"Fiber@Home IT store/stock",3001437,"2022-01-01 00:00:00",40,242,243,,,,,"2022-04-01 10:27:58",NULL,,,1,"For an MSI laptop, given the vendor.",1,"2026-06-18 10:27:58",NULL,NULL,1,14852,"2026-06-18 10:28:18",02-2181,"IT Device",2
531,02-2181,,NULL,"Famous Technologies",AAADBE-J0RG-0275,"2026-06-22 00:00:00",10,124,244,,,,,"2026-12-22 11:05:30",NULL,,,1,"6month warranty",1,"2026-06-25 11:05:30",NULL,NULL,1,14859,"2026-06-25 11:06:20",02-2181,"IT Device",2
532,02-2181,,NULL,"Famous Technologies",AAADBE-J0RG-0476,"2026-06-22 00:00:00",10,124,125,,,,,"2026-12-22 11:47:31",NULL,,,1,"6 MONTH WARRANTY",1,"2026-06-29 11:47:31",NULL,NULL,1,14863,"2026-06-29 11:57:30",02-2181,"IT Device",2
533,02-2181,,NULL,"Famous Technologies",GB250913-7649,"2026-06-16 00:00:00",4,228,229,,,,,"2027-06-16 12:16:05",NULL,,,4,,1,"2026-07-02 12:16:05",NULL,NULL,1,14871,"2026-07-02 12:18:48",02-2181,"IT Device",2
534,02-2181,,NULL,"Famous Technologies",GB250913-7652,"2026-06-16 00:00:00",4,228,229,,,,,"2027-06-16 12:16:05",NULL,,,4,,1,"2026-07-02 12:16:05",NULL,NULL,1,14890,"2026-07-12 16:50:07",02-2181,"IT Device",2
535,02-2181,,NULL,"Famous Technologies",611330H120A1508,"2026-06-16 00:00:00",30,232,238,,,,,"2027-06-16 12:16:05",NULL,,,4,,1,"2026-07-02 12:16:05",NULL,NULL,1,14872,"2026-07-02 12:19:31",02-2181,"IT Device",2
536,02-2181,,NULL,"Famous Technologies",611330H120A1543,"2026-06-16 00:00:00",4,228,229,,,,,"2027-06-16 12:16:05",NULL,,,4,,1,"2026-07-02 12:16:05",NULL,NULL,1,14870,"2026-07-02 12:17:58",02-2181,"IT Device",2
537,02-2181,,NULL,"Famous Technologies",430330H120A1589,"2026-06-16 00:00:00",30,232,238,,,,,"2027-06-16 12:24:16",NULL,,,1,,1,"2026-07-02 12:24:16",NULL,NULL,1,14873,"2026-07-02 12:24:46",02-2181,"IT Device",2
538,02-2181,,NULL,"Famous Technologies",GB2511078795,"2026-06-16 00:00:00",9,85,86,,,,,"2027-06-16 17:16:27",NULL,,,1,,1,"2026-07-02 17:16:27",NULL,NULL,1,14874,"2026-07-02 17:16:48",02-2181,"IT Device",2
539,02-2181,,NULL,"Famous Technologies",gzyc37646,"2026-06-20 00:00:00",3,147,148,,,,,"2026-12-20 16:29:01",NULL,,,1,"6-month warranty",1,"2026-07-09 16:29:01",NULL,NULL,1,14881,"2026-07-09 16:29:22",02-2181,"IT Device",2
540,02-2181,,NULL,"Famous Technologies",611330h120a1553,"2026-06-24 00:00:00",30,232,238,,,,,"2027-06-24 11:06:04",NULL,,,1,"1-year warranty",1,"2026-07-11 11:06:04",NULL,NULL,1,14883,"2026-07-11 11:06:23",02-2181,"IT Device",2
541,02-2181,,NULL,"Fiber@Home IT store/stock",SN224308910207,"2023-07-06 00:00:00",17,112,113,,,,,"2026-07-06 16:01:20",NULL,,,1,"DELL VOSTRO 3400 SN: FL719T3	 THE LAPTOP DAMAGED",1,"2026-07-12 16:01:20",NULL,NULL,1,14885,"2026-07-12 16:01:50",02-2181,"IT Device",2
542,02-2181,,NULL,"Famous Technologies",611330H120A1543-2026,"2026-07-02 00:00:00",30,232,238,,,,,"2027-07-02 16:22:03",NULL,,,1,,1,"2026-07-12 16:22:03",NULL,NULL,1,14888,"2026-07-12 16:22:32",02-2181,"IT Device",2
543,02-2181,,NULL,"Famous Technologies",GB2511078792,"2026-06-16 00:00:00",9,85,86,,,,,"2027-06-16 16:47:05",NULL,,,1,"1 YEARS",1,"2026-07-12 16:47:05",NULL,NULL,1,14889,"2026-07-12 16:47:37",02-2181,"IT Device",2
544,02-2181,,NULL,"Fiber@Home IT store/stock",2I3900267925,"2022-06-30 00:00:00",7,110,111,,,,,"0000-00-00 00:00:00",NULL,,,1,"The laptop is damaged. RAM is good.",1,"2026-07-16 17:19:13",NULL,NULL,1,14899,"2026-07-16 17:21:14",02-2181,"IT Device",2
545,02-2181,,NULL,"Famous Technologies",GB2511078798,"2026-07-12 00:00:00",9,85,86,,,,,"2027-07-12 17:14:45",NULL,,,1,"1 YEARS WARRANTY",1,"2026-07-21 17:14:45",NULL,NULL,1,14908,"2026-07-21 17:15:09",02-2181,"IT Device",2
546,02-2181,,NULL,"Famous Technologies",GS0698627,"2026-06-12 00:00:00",3,147,148,,,,,"2026-12-12 16:40:22",NULL,,,1,,1,"2026-07-22 16:40:22",NULL,NULL,1,14910,"2026-07-22 16:41:02",02-2181,"IT Device",2
