id,fault_name,user,date,tt_no,status,edit_by,edit_date
3224,"MS word activation fail ",kh.hasan,"2026-07-23 14:44:36",2026072329736,1,NULL,NULL
3223,"Graphics of Display problem, Laptop is quite slow and unable to execute many tasks using our portal.",saumitro.kumer,"2026-07-21 13:58:46",2026072129719,1,NULL,NULL
3222,"Dear Sir,  VPN is not connecting to my Android mobile and Laptop, Please take a look.   Username   : 02-0416 Password   : 160204",momin,"2026-07-15 10:51:00",2026071529656,1,NULL,NULL
3221,VPN,hasan.ali,"2026-07-13 11:31:46",2026071329628,1,NULL,NULL
3220,"Mail locked.",saminur.rahman,"2026-07-05 11:53:09",2026070529583,1,NULL,NULL
3219,"VPN Problem Issue",md.saidur,"2026-06-25 10:04:14",2026062529534,1,NULL,NULL
3218,"Suspicious email received from personal email.",fabliha,"2026-06-24 13:39:01",2026062429521,1,NULL,NULL
3217,"Banani office Internet  wifi router problem",khairul.islam,"2026-06-24 11:51:11",2026062429511,1,NULL,NULL
3216,"Windows has crashed. Need to fix it",shahriar.hossain,"2026-06-21 09:43:52",2026062129490,1,NULL,NULL
3215,"Windows Issue",fabliha,"2026-06-04 12:08:02",2026060429409,1,NULL,NULL
3214,"Laptop Malfuntioned",mamun.roshid,"2026-05-17 11:28:08",2026051729346,1,NULL,NULL
3213,"Laptop malfuntioned.",mamun.roshid,"2026-05-17 10:39:10",2026051729341,1,NULL,NULL
3212,"Laptop camera",arafat.nazmul,"2026-05-10 15:49:30",2026051029309,1,NULL,NULL
3211,"New 24 Inch Monitor for Spreadsheet Based Analytical Work",lutful.kabir,"2026-05-04 16:54:47",2026050429273,1,NULL,NULL
3210,"Need maintanance the Plotter HP DesignJet T830 MFP",rehsanul.mahbub,"2026-04-29 19:07:50",2026042929256,1,NULL,NULL
3209,"Need to update Adobe Acrobat.",kanij,"2026-04-28 13:44:14",2026042829246,1,NULL,NULL
3208,"Printer problem",raisul.islam,"2026-04-07 11:48:47",2026040729119,1,NULL,NULL
3207,"Outlook problem",s.saiful,"2026-04-01 11:57:59",2026040129085,1,NULL,NULL
3206,"Fingerprint Access Error",risat.sarker,"2026-03-24 10:38:12",2026032429012,1,NULL,NULL
3205,"Showing Restore Up in laptop screen",mh.kabir,"2026-02-24 16:04:17",2026022428911,1,NULL,NULL
3204,"MS Project license issue",ashraful.jishan,"2026-02-24 10:24:27",2026022428898,1,NULL,NULL
3203,"Need to verify allocated devices & correct it",rashedul.hasan,"2026-02-22 10:45:52",2026022228874,1,NULL,NULL
3202,"Fan Malfunction",nazmulhuda,"2026-01-26 09:35:03",2026012628724,1,NULL,NULL
3201,"Need a M365",rifat,"2026-01-12 15:47:44",2026011228627,1,NULL,NULL
3200,"IS3 Ping not Reacheable. ",mehedihasan.imran,"2026-01-04 12:38:29",2026010428572,1,NULL,NULL
3199,"Fingerprint Access",babul.hossen,"2026-01-04 08:18:41",2026010428568,1,NULL,NULL
3198,"The phone call is disconnected when the receiver is picked up.",jamirul.islam,"2025-12-30 10:20:27",2025123028559,1,NULL,NULL
3197,"eportal issue",mazbah,"2025-12-28 14:00:19",2025122828540,1,NULL,NULL
3196,"IP Phone related",jamirul.islam,"2025-12-23 14:07:22",2025122328523,1,NULL,NULL
3195,"Laptop Touchpad is not working",rakibul.hasan,"2025-12-18 14:32:33",2025121828492,1,NULL,NULL
3194,"over heating & shut down issue ",md.rashedul,"2025-12-07 12:41:21",2025120728423,1,NULL,NULL
3193,"VPN for Team member ID-02-2755 ",mmizanur,"2025-11-16 08:56:48",2025111628307,1,NULL,NULL
3192,Fingerprint,risat.sarker,"2025-11-11 08:35:44",2025111128289,1,NULL,NULL
3191,"Need  ip phone extension",eshan,"2025-11-04 11:58:32",2025110428270,1,NULL,NULL
3190,"NOC TX workstation problem. Continuosly restarting. ",alvin,"2025-11-02 09:22:26",2025110228256,1,NULL,NULL
3189,"Need IP Phone Adapter and LAN Port Repair",anik.kumar,"2025-10-27 09:13:35",2025102728236,1,NULL,NULL
3188,"Display is blinking continuously. ",hasan.masud,"2025-10-26 11:02:57",2025102628227,1,NULL,NULL
3187,"Laptop Adapter faulty ",hakim,"2025-10-21 16:38:02",2025102128206,1,NULL,NULL
3186,"MS Visio Activation",chinmoy.biswas,"2025-10-08 16:08:40",2025100828126,1,NULL,NULL
3185,"Cannot Access IS3 NMS",risat.sarker,"2025-10-08 09:37:54",2025100828118,1,NULL,NULL
3184,"MS teams not working ",mh.kabir,"2025-10-07 14:30:25",2025100728117,1,NULL,NULL
3183,"Visio is not operational.",hasan,"2025-09-30 09:41:54",2025093028093,1,NULL,NULL
3182,"Zimmatur Rahman",abdullahal.noman,"2025-09-22 09:08:07",2025092228058,1,NULL,NULL
3181,"Id-02-0840 & 02-1617, Log in problem in HRIS system Pls solve it urgently",shibli.sadik,"2025-09-21 09:08:44",2025092128052,1,NULL,NULL
3180,"Adobe PDF Reader",abu.shaid,"2025-09-17 09:46:24",2025091728038,1,NULL,NULL
3179,"Laptop Performance very slow. ",mamun.roshid,"2025-09-15 13:47:35",2025091528030,1,NULL,NULL
3178,"Laptop Display Problem, Headphone Connection Problem & lot of noise when working in AutoCAD.",neaj.morshed,"2025-09-14 16:11:03",2025091428027,1,NULL,NULL
3177,"Laptop Display Problem",neaj.morshed,"2025-09-14 16:08:09",2025091428026,1,NULL,NULL
3176,"Microsoft word ",jamirul.islam,"2025-08-20 16:15:41",2025082027914,1,NULL,NULL
3175,"Telephone Adapter ",izaz,"2025-08-13 17:17:25",2025081327867,1,NULL,NULL
3174,"Laptop finger sensore is not working",ariful.islam,"2025-08-13 12:15:21",2025081327864,1,NULL,NULL
3173,"Due to desktopSHG025Q3KC was problamatic & returned to ITM Reff. TT-2025062427411",mh.kabir,"2025-08-06 16:53:27",2025080627823,1,NULL,NULL
3172,"Laptop Speaker do not working ",mamun.roshid,"2025-08-06 11:55:16",2025080627818,1,NULL,NULL
3171,"wired Mouse needed due to avoid frequent Battery changing. ",mamun.roshid,"2025-07-27 16:39:00",2025072727767,1,NULL,NULL
3170,"Key board problem",shahidul.islam,"2025-07-14 12:15:17",2025071427641,1,NULL,NULL
3169,"Two keys ( N & Delete) are faulty and also Laptop Casing cracked",mamun.roshid,"2025-07-09 10:20:01",2025070927581,1,NULL,NULL
3168,"Webcam not working",samiul,"2025-07-03 15:19:59",2025070327537,1,NULL,NULL
3167,"Camera Disfuntion",anik.kumar,"2025-07-02 09:11:18",2025070227512,1,NULL,NULL
3166,"Microsoft authentication mail (office mail) is not opening. An urgent solution is required.",mizanul,"2025-06-30 12:09:02",2025063027479,1,NULL,NULL
3165,"Headphone & Mouse",chanchal,"2025-06-19 11:38:18",2025061927370,1,NULL,NULL
3164,"Common drive access",ershadul,"2025-06-17 08:12:06",2025061727350,1,NULL,NULL
3163,"Need some IT equipments for Pico Public Cloud",md.imran,"2025-06-16 10:32:01",2025061627337,1,NULL,NULL
3162,"HDMI cable & power connection problem",abu.bakar,"2025-06-16 09:20:23",2025061627334,1,NULL,NULL
3161,"Fan problem",moshiul,"2025-06-15 12:14:03",2025061527329,1,NULL,NULL
3160,"Need Factory made UTP cable- CAT-6 around 2 for Troubleshoot Purpose.",sadik.hossain,"2025-06-02 14:18:06",2025060227304,1,NULL,NULL
3159,"Audio port problem in Laptop",anjuman,"2025-06-01 13:11:11",2025060127287,1,NULL,NULL
3158,"Cannot connect in WIFI",a.habib,"2025-06-01 12:30:09",2025060127286,1,NULL,NULL
3157,"need to  password recovery of Microsolft 365 ",mamun.roshid,"2025-05-25 11:51:39",2025052527239,1,NULL,NULL
3156,"Poor Bandwidth at F@H Mohakhali Office Internet SCR 109775",ariful.islam,"2025-05-24 17:23:24",2025052427228,1,NULL,NULL
3155,"Fingerprint Entry ",soiket,"2025-05-21 08:24:40",2025052127200,1,NULL,NULL
3154,"Suddenly, all of my email communications containing essential credentials have disappeared. I kindly request assistance in retri",ahsan.remoon,"2025-05-20 14:06:56",2025052027193,1,NULL,NULL
3153,"Also Need IP phone extension setup for 2613",mamun.ahmmed,"2025-05-18 13:23:46",2025051827158,1,NULL,NULL
3152,"Cleaver Problem",hakim,"2025-04-18 09:59:31",2025041826904,1,NULL,NULL
3151,"UPS Change for Desktop",abu.bakar,"2025-04-17 14:23:11",2025041726900,1,NULL,NULL
3150,"ID card & finger punch not working.",zahurul,"2025-04-17 08:58:53",2025041726892,1,NULL,NULL
3149,"Windows update installation issue",ashraful.jishan,"2025-03-23 10:05:38",2025032326758,1,NULL,NULL
3148,"When I have join the meeting then no working sound system. Mouse pad  Q, W button no working.",s.saiful,"2025-03-17 10:18:23",2025031726723,1,NULL,NULL
3147,"eportal issue",shohan.hossen,"2025-02-20 19:23:18",2025022026487,1,NULL,NULL
3146,"Wireless mouse",saifullah,"2025-02-19 15:59:08",2025021926461,1,NULL,NULL
3145,"need a mouse ",nabil,"2025-02-18 13:27:59",2025021826442,1,NULL,NULL
3144,"fingerprint access .",nabil,"2025-02-18 13:26:10",2025021826441,1,NULL,NULL
3143,Teams,rouppo,"2025-02-04 11:13:26",2025020426302,1,NULL,NULL
3142,"Sound problem of my laptop",tareq.rahman,"2025-01-29 13:50:35",2025012926246,1,NULL,NULL
3141,"Laptop bag",zosim.uddin,"2025-01-16 11:17:40",2025011626142,1,NULL,NULL
3140,Xshell7,probir,"2025-01-13 20:08:57",2025011326117,1,NULL,NULL
3139,"Cant login in my Zimbra mail",md.fazle,"2025-01-09 13:50:04",2025010926066,1,NULL,NULL
3138,"VPN not working",mh.kabir,"2025-01-06 11:07:13",2025010626026,1,NULL,NULL
3137,"Online printer access by password. Password no-2523",izaz,"2025-01-02 10:52:07",2025010225987,1,NULL,NULL
3136,"VPN access issue",dibakar,"2024-12-29 10:21:23",2024122925937,1,NULL,NULL
3135,"HDMI to VGA Converter",zahid.hasan,"2024-12-19 15:43:10",2024121925902,1,NULL,NULL
3134,"Finger Print and Damage ID card verify",uzzal.sarkar,"2024-12-17 10:01:21",2024121725875,1,NULL,NULL
3133,"Slow, Hang, Automatic Restart",probir,"2024-12-13 21:26:19",2024121325867,1,NULL,NULL
3132,"Equipments Ownership change.",tareq.rahman,"2024-12-05 08:52:32",2024120525803,1,NULL,NULL
3131,"Headphone set & Mouse for team Member of IP Network Operaiton.",chanchal,"2024-12-04 11:48:53",2024120425785,1,NULL,NULL
3130,"Malfunctioning the Logi Headphone",hasan,"2024-12-02 14:14:49",2024120225769,1,NULL,NULL
3129,"Access Control Device",shakil.khan,"2024-11-24 16:51:31",2024112425673,1,NULL,NULL
3128,"PoD CAST",shakil.khan,"2024-11-24 16:25:23",2024112425670,1,NULL,NULL
3127,"Micrsoft visio problem",saif.iqbal,"2024-11-12 09:42:35",2024111225513,1,NULL,NULL
3126,Switch,shakil.khan,"2024-11-06 12:58:35",2024110625465,1,NULL,NULL
3125,"NMC Ground floor Meeting room Accessories",shakil.khan,"2024-11-04 11:18:17",2024110425405,1,NULL,NULL
3124,"Printer,IP Phone, TV",shakil.khan,"2024-11-04 11:17:00",2024110425404,1,NULL,NULL
3123,Training,shakil.khan,"2024-11-04 11:15:08",2024110425403,1,NULL,NULL
3122,"I cannot access the office network",ariful.islam,"2024-10-22 08:10:47",2024102225187,1,NULL,NULL
3121,"IObit Driver ",arafat.rahman,"2024-10-21 13:56:52",2024102125175,1,NULL,NULL
3120,"Laptop or mouse problem",shahidul.islam,"2024-10-17 09:42:46",2024101725115,1,NULL,NULL
3119,"Laptop or mouse problem",shahidul.islam,"2024-10-17 09:42:46",2024101725114,1,NULL,NULL
3118,"the charging port and the installation of Microsoft 365 with sync previous outlook.",mohidul.morshed,"2024-10-07 09:31:59",2024100724929,1,NULL,NULL
3117,Headphone,farid.hossen,"2024-09-23 11:42:54",2024092324608,1,NULL,NULL
3116,"Need new SPR for office internet due to office shifted from Mymensingh to Netrokona.",mh.kabir,"2024-09-10 10:12:11",2024091024515,1,NULL,NULL
3115,"Fingerprint not working ",lutforrahman,"2024-08-22 11:19:16",2024082224347,1,NULL,NULL
3114,"Laptop problem",ariful.islam,"2024-08-13 13:32:21",2024081324218,1,NULL,NULL
3113,"Xshell 5 Installation",probir,"2024-08-07 09:08:43",2024080724140,1,NULL,NULL
3112,"Mouse faulty",ariful.islam,"2024-08-06 10:15:24",2024080624136,1,NULL,NULL
3111,"Wi-Fi router is required for new OSC (Bajitpur)",roctim,"2024-07-31 17:54:44",2024073124086,1,NULL,NULL
3110,"New Office Location at Bajitpur (Kishoregonj) where Internet Connection Required.",mh.kabir,"2024-07-28 11:50:15",2024072824027,1,NULL,NULL
3109,"Code of Printer",mustaquim,"2024-07-04 10:08:49",2024070423765,1,NULL,NULL
3108,"Need windows Activation",tawfiq.hossain,"2024-07-01 18:47:11",2024070123719,1,NULL,NULL
3107,"Laptop Sound Driver Problems",qudrat,"2024-06-11 08:02:53",2024061123461,1,NULL,NULL
3106,"Display Problem",saif.iqbal,"2024-05-30 11:24:37",2024053023216,1,NULL,NULL
3105,"BHTC NOC Room Internet connection fluctuating multiples times, Regular NOC activity is hampering ",samiul,"2024-05-27 16:15:05",2024052723129,1,NULL,NULL
3104,"Replacement of Desktop by Laptop",imtiaz.faruque,"2024-05-26 14:53:56",2024052623075,1,NULL,NULL
3103,"Vendor office meeting",saulad.alvi,"2024-05-26 14:06:00",2024052623072,1,NULL,NULL
3102,"IT Meeting ",saulad.alvi,"2024-05-26 13:59:58",2024052623069,1,NULL,NULL
3101,"VPN Not Open ",obaidurrahaman,"2024-05-20 16:41:03",2024052022845,1,NULL,NULL
3100,"VPN issue",hasan,"2024-05-20 13:23:29",2024052022777,1,NULL,NULL
3099,"please Need to VPN Configuer Laptop and Mobail",momin,"2024-05-20 11:10:14",2024052022737,1,NULL,NULL
3098,01894940362,abida.sultana,"2024-05-20 10:17:01",2024052022697,1,NULL,NULL
3097,"Requisition for New Laptop (replacement of Desktop PC)",imtiaz.faruque,"2024-05-15 14:17:05",2024051522619,1,NULL,NULL
3096,"office activation ",dilip.kumar,"2024-05-09 11:06:32",2024050922528,1,NULL,NULL
3095,"3 Headset required for CRM for regular client communication",jannatul.nayeem,"2024-04-30 16:48:10",2024043022458,1,NULL,NULL
3094,"Printing problem L1800",masud.mia,"2024-04-01 10:26:17",2024040122208,1,NULL,NULL
3093,"PDF Software ",neaj.morshed,"2024-03-28 14:07:59",2024032822189,1,NULL,NULL
3092,"Finger print access at BHTC, Kaliakoir",tareq.rahman,"2024-03-28 14:04:10",2024032822188,1,NULL,NULL
3091,"Wireless mouse",saifullah,"2024-03-21 10:54:53",2024032122126,1,NULL,NULL
3090,01999075214,sayed.firoz,"2024-03-20 10:51:03",2024032022120,1,NULL,NULL
3089,"Finger print access",shohan.hossen,"2024-03-04 18:22:38",2024030421966,1,NULL,NULL
3088,Fingerprint,ashik.khan,"2024-03-04 16:01:35",2024030421961,1,NULL,NULL
3087,"Laptop Screen Color/Display Issue",pavel,"2024-03-04 09:34:43",2024030421946,1,NULL,NULL
3086,"Need to configure outlook on laptop as mail server will close from today",mamun.ahmmed,"2024-02-25 10:18:00",2024022521870,1,NULL,NULL
3085,"Biometric Attendance system (finger print) ",ruman,"2024-02-13 14:54:56",2024021321747,1,NULL,NULL
3084,"Md. Hedayet Ullah",ariful.hasan,"2024-02-07 13:37:36",2024020721682,1,NULL,NULL
3083,"Mouse Problem",quamrul,"2024-02-06 17:25:23",2024020621674,1,NULL,NULL
3082,PR,nur.hosen,"2024-01-29 10:35:46",2024012921521,1,NULL,NULL
3081,"PC: Hardware issue",md.shahjada,"2024-01-21 18:24:03",2024012121434,1,NULL,NULL
3080,"Hardware issue",md.shahjada,"2024-01-21 18:22:36",2024012121433,1,NULL,NULL
3079,"Bandwith issue",mh.kabir,"2024-01-16 18:02:02",2024011621394,1,NULL,NULL
3078,"Windows activation",tawfiq.hossain,"2024-01-14 14:04:00",2024011421357,1,NULL,NULL
3077,"Laptop Transfer",muhammad.jahirul,"2024-01-09 11:37:36",2024010921309,1,NULL,NULL
3076,"C Drive Showing Overloaded and slow also",rahman.mizanur,"2024-01-04 10:36:55",2024010421273,1,NULL,NULL
3075,"Console cable ",anup.kumar,"2024-01-03 17:56:56",2024010321267,1,NULL,NULL
3074,"New Mouse",forhad.bhuiyan,"2023-12-27 11:40:10",2023122721199,1,NULL,NULL
3073,"Laptop Case Break",qudrat,"2023-12-20 17:48:43",2023122021156,1,NULL,NULL
3072,"Laptop Input & Output Sound system problem ",sazibul.islam,"2023-12-19 14:48:07",2023121921137,1,NULL,NULL
3071,"Need Mouse for Mehdi Bhai",rehsanul.mahbub,"2023-12-14 14:19:01",2023121421086,1,NULL,NULL
3070,"Required Windows 10 insatallation, Microsoft Office activation, Sound driver problem",masum.uzzaman,"2023-12-14 11:32:45",2023121421082,1,NULL,NULL
3069,MOu,barakat,"2023-12-10 16:57:23",2023121021025,1,NULL,NULL
3068,"Outlook Express configure",barakat,"2023-12-10 12:54:16",2023121021019,1,NULL,NULL
3067,"USB to LAN converter for LAPTOP",hasan.mahbub,"2023-11-12 18:02:41",2023111220753,1,NULL,NULL
3066,"Search option not worked",shahed.ali,"2023-11-09 15:37:47",2023110920736,1,NULL,NULL
3065,"morzila firefox hang on sentral",rafat.sarker,"2023-11-07 10:07:02",2023110720717,1,NULL,NULL
3064,"Need to update my dashboard ",mohidul.morshed,"2023-10-30 11:23:25",2023103020618,1,NULL,NULL
3063,01999075624,reaz.hossain,"2023-10-26 16:07:24",2023102620580,1,NULL,NULL
3062,"Old Laptop remove entryÂ from my end.",abusayed,"2023-10-18 12:08:51",2023101820449,1,NULL,NULL
3061,"Finger ",abu.bakar,"2023-10-17 17:06:52",2023101720441,1,NULL,NULL
3060,"Biometric Attendance (fingerprint) ",zubaer,"2023-10-11 10:56:26",2023101120367,1,NULL,NULL
3059,"Need to active my finger print for attendance.",jamirul.islam,"2023-10-11 09:07:06",2023101120361,1,NULL,NULL
3058," Biometric Attendance (fingerprint)",malik.istiaque,"2023-10-10 15:36:07",2023101020349,1,NULL,NULL
3057,"Laptop Camera",rahman.mizanur,"2023-10-09 11:47:20",2023100920327,1,NULL,NULL
3056,"Microphone problem ",ruksana,"2023-10-05 10:16:30",2023100520294,1,NULL,NULL
3055,"NOC CSD ! Headphone problem",abdullah.noman,"2023-10-04 14:51:47",2023100420285,1,NULL,NULL
3054,"Anty Virus required",probir,"2023-10-04 11:29:09",2023100420283,1,NULL,NULL
3053,"Windows activation problem",rejaul.karim,"2023-10-03 20:22:45",2023100320279,1,NULL,NULL
3052,"Antivirus Software update or Scan",shahriar.mustafa,"2023-10-03 09:29:40",2023100320263,1,NULL,NULL
3051,"Need Headphone for use IP Number & Zoom Meeting etc. Use Desktop PC.",neaj.morshed,"2023-09-26 16:38:04",2023092620214,1,NULL,NULL
3050,"Internet connection for PC, ",md.jahurul,"2023-09-26 09:58:13",2023092620202,1,NULL,NULL
3049,"BIOS Power-On",saifulislam,"2023-09-24 11:10:22",2023092420165,1,NULL,NULL
3048,"Excel (product activation failed)",ariful.islam,"2023-09-21 10:02:20",2023092120144,1,NULL,NULL
3047,"Download email from Outlook",rajibul.haque,"2023-09-21 09:43:14",2023092120143,1,NULL,NULL
3046,fingerprint,mortuza,"2023-09-19 11:03:48",2023091920113,1,NULL,NULL
3045,"Wireless Mouse",md.rezaulkarim,"2023-09-19 10:17:50",2023091920111,1,NULL,NULL
3044,SSD,abu.bakar,"2023-09-17 16:27:49",2023091720090,1,NULL,NULL
3043,"Need new Desktop",chinmoy.biswas,"2023-09-17 14:31:47",2023091720086,1,NULL,NULL
3042,"Headphone ",neaj.morshed,"2023-09-14 18:04:57",2023091420079,1,NULL,NULL
3041,Headphone,barakat,"2023-09-04 15:29:08",2023090419956,1,NULL,NULL
3040,"Key do not working due to accidentally water affected ",moksedul.alam,"2023-08-31 09:56:25",2023083119919,1,NULL,NULL
3039,"Installed office 365",arif,"2023-08-30 11:28:45",2023083019909,1,NULL,NULL
3038,"8 GB RAM returned to IT with laptop Category : Laptop LC1 Brand : HP Device Serial No. : 5CG7231ZKX",mh.kabir,"2023-08-22 11:12:42",2023082219828,1,NULL,NULL
3037,"Finger punch & mail set up in handset",shamim.reza,"2023-08-22 10:24:04",2023082219826,1,NULL,NULL
3036,"Bogura co Office Printer not gitting print, please check this issue.",momin,"2023-08-14 15:23:55",2023081419726,1,NULL,NULL
3035,"IP  Phone",nayma,"2023-08-14 11:15:11",2023081419705,1,NULL,NULL
3034,Biometric,taskin.ahsan,"2023-08-03 11:05:13",2023080319533,1,NULL,NULL
3033,Headphone,shormi,"2023-07-26 09:40:47",2023072619442,1,NULL,NULL
3032,Headphone,ashiqul.islam,"2023-07-25 17:34:24",2023072519436,1,NULL,NULL
3031,Headphone,mdmasud,"2023-07-24 21:03:46",2023072419424,1,NULL,NULL
3030,"IT item status",shishir,"2023-07-18 12:12:57",2023071819327,1,NULL,NULL
3029,"ITM device Status",shishir,"2023-07-18 11:53:01",2023071819326,1,NULL,NULL
3028,"Microsoft Office  Product key ",shohag,"2023-07-18 10:29:55",2023071819321,1,NULL,NULL
3027,"NOC TX desk pc Mouse faulty ",sajib,"2023-07-08 11:03:03",2023070819150,1,NULL,NULL
3026,"HOD of SCM TV Configuration ",raisul.islam,"2023-07-05 11:05:38",2023070519123,1,NULL,NULL
3025,"Outlook Setup",asif.mahmud,"2023-07-03 12:32:18",2023070319107,1,NULL,NULL
3024,01894940362,abida.sultana,"2023-06-26 10:12:55",2023062619093,1,NULL,NULL
3023,"printer access",ahsan.zaman,"2023-06-25 15:10:57",2023062519085,1,NULL,NULL
3022,"IP phone adaptor",ahsan.zaman,"2023-06-21 15:07:53",2023062119054,1,NULL,NULL
3021,"Need to install MS VISIO",tawfiq.hossain,"2023-06-21 10:41:42",2023062119045,1,NULL,NULL
3020,"Laptop Display Problem",tawfiq.hossain,"2023-06-21 10:40:45",2023062119044,1,NULL,NULL
3019,"fingerprint access",md.shuvo,"2023-06-20 10:39:53",2023062019032,1,NULL,NULL
3018,"Ip phone adaptor",ahsan.zaman,"2023-06-18 15:35:40",2023061819006,1,NULL,NULL
3017,"Laptop Bag",jahirul.islam,"2023-06-14 18:30:38",2023061418970,1,NULL,NULL
3016,"wireless mouse",ahsan.zaman,"2023-06-11 16:40:43",2023061118934,1,NULL,NULL
3015,"Pen Drive",abusayed,"2023-06-11 10:44:30",2023061118930,1,NULL,NULL
3014,"NEED SACCANER ACCESS BY FOLDER NAME OF USER(ME ) AND MUST NEED SINK WITH  MY MAIL SO THAT AFTER SCANNING ANY PAGES SCANNED FILE(",shamim.reza,"2023-06-04 15:59:28",2023060418863,1,NULL,NULL
3013,"Need scan folder by own name,besides need to access copy data into pendrive from scanner/printer machine.",shamim.reza,"2023-05-28 13:36:53",2023052818817,1,NULL,NULL
3012,"see the attached file for innitially configuration on going by Mobile hotspot. but hotspot net speed is very poor.",sohel,"2023-05-23 11:29:26",2023052318789,1,NULL,NULL
3011,"laptop slow working",shibli.sadik,"2023-05-21 23:37:49",2023052118775,1,NULL,NULL
3010,01703996465,abida.sultana,"2023-05-11 17:03:34",2023051118712,1,NULL,NULL
3009,"USB Mouse and Keyboard",md.imran,"2023-05-09 13:28:34",2023050918681,1,NULL,NULL
3008,"Fingerprint access ",md.rana,"2023-05-07 11:06:38",2023050718639,1,NULL,NULL
3007,"IP Phone",raisul.islam,"2023-05-02 17:11:09",2023050218610,1,NULL,NULL
3006,BTL,hasan.nazmul,"2023-04-26 15:13:46",2023042618555,1,NULL,NULL
3005,"Desktop CPU Cleaning ",hasan.wasim,"2023-04-18 09:41:14",2023041818530,1,NULL,NULL
3004,"PDF file not open.",mahfuzer.rahmanops,"2023-04-06 11:32:04",2023040618441,1,NULL,NULL
3003,"MD sir support",rafsun,"2023-04-03 13:01:47",2023040318397,1,NULL,NULL
3002,Antivirus,md.sayem,"2023-04-03 11:08:29",2023040318395,1,NULL,NULL
3001,"Director sir printer",rafsun,"2023-04-02 12:50:02",2023040218381,1,NULL,NULL
3000,"MD sir ",rafsun,"2023-03-30 11:16:14",2023033018363,1,NULL,NULL
2999,"Chairman sir",rafsun,"2023-03-30 11:15:33",2023033018362,1,NULL,NULL
2998,"Board room support",rafsun,"2023-03-29 15:35:02",2023032918358,1,NULL,NULL
2997,"Director sir support",rafsun,"2023-03-29 13:14:25",2023032918353,1,NULL,NULL
2996,"Board room",rafsun,"2023-03-29 13:12:02",2023032918352,1,NULL,NULL
2995,Test,muzaffar.ahmed,"2023-03-28 13:50:34",2023032818329,1,NULL,NULL
2994,"Deputy Manager",hasan.nazmul,"2023-03-28 10:47:36",2023032818328,1,NULL,NULL
2993,"Mobile outlook issue",moshiul,"2023-03-28 09:59:26",2023032818327,1,NULL,NULL
2992,Headphone,rajib.deuri,"2023-03-21 15:44:31",2023032118300,1,NULL,NULL
2991,01894940362,abida.sultana,"2023-03-20 15:45:11",2023032018294,1,NULL,NULL
2990,"New laptop requirement",owalid,"2023-03-19 15:16:40",2023031918283,1,NULL,NULL
2989,"Board room meeting",rafsun,"2023-03-16 12:43:13",2023031618261,1,NULL,NULL
2988,"Outlook ",minhaz.uddin,"2023-03-16 10:56:58",2023031618256,1,NULL,NULL
2987,"MD sir meeting",rafsun,"2023-03-15 16:31:54",2023031518252,1,NULL,NULL
2986,"MD sir meeting",rafsun,"2023-03-15 16:20:29",2023031518251,1,NULL,NULL
2985,"New laptop requirement.",moshiul,"2023-03-13 13:32:23",2023031318216,1,NULL,NULL
2984,"Inventory team room shift",raisul.islam,"2023-03-12 09:57:16",2023031218194,1,NULL,NULL
2983,"HDMI Cable",raisul.islam,"2023-03-09 18:07:52",2023030918190,1,NULL,NULL
2982,"Zoom Meeting Link",saugoto.sarker,"2023-03-06 10:13:08",2023030618167,1,NULL,NULL
2981,"For BTL Director Sir, Mahfuzul Siddiqui",hasan.nazmul,"2023-03-01 10:40:09",2023030118120,1,NULL,NULL
2980,"Widows license",mahfuzur,"2023-02-28 14:11:03",2023022818110,1,NULL,NULL
2979,"Wireless Mouse",kishor.mitra,"2023-02-28 11:30:00",2023022818106,1,NULL,NULL
2978,"PC working  slowly ",anayat.masum,"2023-02-26 15:42:19",2023022618085,1,NULL,NULL
2977,RAM,hasibur,"2023-02-23 12:46:38",2023022318065,1,NULL,NULL
2976,"New Logitech USB headphones",hasibuzzaman,"2023-02-22 09:39:09",2023022218041,1,NULL,NULL
2975,"Desktop internet connection",moshiul,"2023-02-16 10:47:20",2023021618000,1,NULL,NULL
2974,"Showing active desktop in my account",samiul,"2023-02-13 15:53:57",2023021317971,1,NULL,NULL
2973,"Mir Mynul Islam",afridin.sadia,"2023-02-07 11:35:53",2023020717915,1,NULL,NULL
2972,"Md.Shumon Chowdhury",afridin.sadia,"2023-02-07 11:34:30",2023020717914,1,NULL,NULL
2971,"Headset not working. (male jack issue from headset)",hasibuzzaman,"2023-02-06 15:12:35",2023020617902,1,NULL,NULL
2970,"Outlook install",mh.kabir,"2023-02-05 13:01:06",2023020517888,1,NULL,NULL
2969,"Desktop not opening",hasan.wasim,"2023-01-18 14:29:50",2023011817723,1,NULL,NULL
2968,"Microsoft Visio need to activate",chanchal,"2023-01-12 17:06:57",2023011217693,1,NULL,NULL
2967,"Windows password reset",anik.kumar,"2023-01-11 10:05:32",2023011117673,1,NULL,NULL
2966,"Laptop Bag",amran.hossain,"2023-01-09 11:19:22",2023010917631,1,NULL,NULL
2965,"Display Driver,OS",sumit,"2023-01-03 17:16:19",2023010317593,1,NULL,NULL
2964,"Need windows activation ",dilip.kumar,"2022-12-21 15:50:07",2022122117465,1,NULL,NULL
2963,"Laptop Bag",ariful.hasan,"2022-12-20 16:20:42",2022122017437,1,NULL,NULL
2962,"New Laptop Required",md.sharifahammed,"2022-12-13 15:42:41",2022121317351,1,NULL,NULL
2961,"Excel (Product Activition Faild)",probir,"2022-12-06 00:36:02",2022120617195,1,NULL,NULL
2960,"Pen Drive",abusayed,"2022-12-02 18:30:13",2022120217167,1,NULL,NULL
2959,"Laptop very slow",farid.hossen,"2022-11-22 12:24:24",2022112217066,1,NULL,NULL
2958,"HDMI cable",arafat.nazmul,"2022-11-19 13:22:03",2022111917029,1,NULL,NULL
2957,"Smart Printer Acess",hafizur.rahman,"2022-11-17 16:44:26",2022111717025,1,NULL,NULL
2956,"Smart printer Setup",abu.bakar,"2022-11-16 15:50:59",2022111616963,1,NULL,NULL
2955,"Printer add at HO GF",mamun.roshid,"2022-11-02 12:08:16",2022110216730,1,NULL,NULL
2954,"Laptop speaker ",jamirul.islam,"2022-11-01 11:15:39",2022110116717,1,NULL,NULL
2953,"Windows Activation",anik.kumar,"2022-10-30 09:33:39",2022103016669,1,NULL,NULL
2952,"Need security check  ",syed.majaharul,"2022-10-25 16:48:36",2022102516629,1,NULL,NULL
2951,"Laptop Camera Problem",saiful.khan,"2022-10-25 15:49:26",2022102516626,1,NULL,NULL
2950,"Need to install an SSD",tawfiq.hossain,"2022-10-25 15:01:07",2022102516625,1,NULL,NULL
2949,"1.Lan Connector  2.Printer problem",abu.bakar,"2022-10-20 12:37:20",2022102016566,1,NULL,NULL
2948,"PC Problem",siddiqur,"2022-10-20 11:03:59",2022102016563,1,NULL,NULL
2947,"PC Problem",siddiqur,"2022-10-19 18:26:52",2022101916561,1,NULL,NULL
2946,"Microsoft Excel issue",md.ramjan,"2022-10-19 17:55:25",2022101916560,1,NULL,NULL
2945,"Laptop web camera not working.",asid.saran,"2022-10-18 09:01:40",2022101816534,1,NULL,NULL
2944,"Replacement New Laptop",sweety,"2022-10-16 17:17:15",2022101616519,1,NULL,NULL
2943,"Windows Activation",abu.bakar,"2022-10-16 12:37:10",2022101616515,1,NULL,NULL
2942,"Requirement of head phone for Hi-tech office.",zahurul,"2022-10-15 20:32:08",2022101516510,1,NULL,NULL
2941,"Wifi Router required",mh.kabir,"2022-10-10 10:17:13",2022101016463,1,NULL,NULL
2940,"Speaker & Mobile hotspot connectivity problem",rashedul.hasan,"2022-10-06 13:10:46",2022100616456,1,NULL,NULL
2939,Excel,rezaul.karim,"2022-10-04 10:14:34",2022100416432,1,NULL,NULL
2938,Excel,rezaul.karim,"2022-10-04 10:12:34",2022100416431,1,NULL,NULL
2937,"display shows black",mdrashadul,"2022-09-29 09:41:31",2022092916412,1,NULL,NULL
2936,"Excel product activation failed",ariful.islam,"2022-09-21 15:35:27",2022092116304,1,NULL,NULL
2935,"Printer shifting.",smsumon,"2022-09-18 15:53:52",2022091816242,1,NULL,NULL
2934,"Secure Printer problem",akib.ahmed,"2022-09-18 10:35:27",2022091816234,1,NULL,NULL
2933,"SSD card",taifur,"2022-09-13 18:01:05",2022091316185,1,NULL,NULL
2932,"Laptop charging port faulty",arshadul,"2022-09-13 15:32:19",2022091316174,1,NULL,NULL
2931,"Google earth,  telegram software installation ",rashedul,"2022-09-12 11:54:16",2022091216131,1,NULL,NULL
2930,"Need a Mouse",aminul.haque,"2022-09-08 16:35:07",2022090816112,1,NULL,NULL
2929,"Laptop Bag",jannatul,"2022-09-07 18:07:43",2022090716100,1,NULL,NULL
2928,"Laptop Bag",rasif,"2022-09-07 11:31:18",2022090716085,1,NULL,NULL
2927,"Laptop Backpack",asadullah,"2022-09-05 18:15:37",2022090516060,1,NULL,NULL
2926,"SSD & RAM Upgrade ",mofazzal.hossain,"2022-09-01 19:35:10",2022090116031,1,NULL,NULL
2925,"Laptop Change Request",arafat.nazmul,"2022-08-30 15:10:37",2022083015975,1,NULL,NULL
2924,"1.Lan Connection Problem  2. Printer Access  3.IP Number",abu.bakar,"2022-08-21 15:28:13",2022082115798,1,NULL,NULL
2923,"ZOOM meeting ",nur.hosen,"2022-08-14 15:45:13",2022081415737,1,NULL,NULL
2922,"IP Phone ",quamrul,"2022-08-11 14:11:54",2022081115697,1,NULL,NULL
2921,Speaker,nur.hosen,"2022-08-04 12:10:02",2022080415615,1,NULL,NULL
2920,"All network monitoring chart",asraful.islam,"2022-08-03 12:50:31",2022080315587,1,NULL,NULL
2919,"IP Phone activation",jamirul.islam,"2022-08-02 13:24:55",2022080215565,1,NULL,NULL
2918,"Office Outlook",barakat,"2022-07-25 23:25:48",2022072515391,1,NULL,NULL
2917,"Need to replace Desktop",sazibul.islam,"2022-07-19 17:18:26",2022071915338,1,NULL,NULL
2916,"Need to Laptop Replace",sazibul.islam,"2022-07-19 16:55:02",2022071915337,1,NULL,NULL
2915,"Need to Laptop Replace ",sazibul.islam,"2022-07-19 16:51:52",2022071915336,1,NULL,NULL
2914,"Online Yoga Session Batch-2",rasif,"2022-07-19 14:59:24",2022071915330,1,NULL,NULL
2913,Headphone,khan.zobair,"2022-07-18 11:19:40",2022071815308,1,NULL,NULL
2912,"New wireless mouse requirements.",md.mrahman,"2022-07-17 15:16:44",2022071715296,1,NULL,NULL
2911,"Shut Down Problem",ruman,"2022-07-12 13:17:45",2022071215249,1,NULL,NULL
2910,"5 Years over, Need new one.",mh.kabir,"2022-07-06 08:50:58",2022070615225,1,NULL,NULL
2909,"Browser problem",probir,"2022-07-03 10:56:34",2022070315176,1,NULL,NULL
2908,"Not open any browser",probir,"2022-07-03 10:55:14",2022070315175,1,NULL,NULL
2907,"Windows Lincense Activation",barakat,"2022-07-03 09:20:23",2022070315172,1,NULL,NULL
2906,"PC Problems",quamrul,"2022-06-27 10:59:07",2022062715110,1,NULL,NULL
2905,"Any Browser can to open and Laptop Slow issue",probir,"2022-06-23 09:57:48",2022062315045,1,NULL,NULL
2904,Speaker/Headphone,arafat.nazmul,"2022-06-09 11:25:07",2022060914865,1,NULL,NULL
2903,"Poor Internet Connection.",abubakkar,"2022-06-05 15:58:30",2022060514766,1,NULL,NULL
2902,"Entry / exit",quamrul,"2022-05-24 15:02:30",2022052414647,1,NULL,NULL
2901,"Sony Bravia 32r302e",jurain.ahmed,"2022-05-12 13:49:24",2022051214508,1,NULL,NULL
2900,"4M CAT6 Ethernet Network Cable RJ45 Patch LAN Cord",shishir,"2022-05-10 14:22:46",2022051014478,1,NULL,NULL
2899,"Laptop Bag",jannatul,"2022-05-10 11:30:20",2022051014465,1,NULL,NULL
2898,"Windows Activation",anik.kumar,"2022-05-09 13:31:28",2022050914417,1,NULL,NULL
2897,"Laptop Sound",shishir,"2022-04-28 14:11:07",2022042814383,1,NULL,NULL
2896,"Laptop frequently ON/OFF",rashedul.hasan,"2022-04-19 13:13:04",2022041914333,1,NULL,NULL
2895,"excell sheet not open",amir.hamza,"2022-04-17 14:51:07",2022041714311,1,NULL,NULL
2894,antivirus,lutforrahman,"2022-04-17 09:57:24",2022041714294,1,NULL,NULL
2893,"My Laptop Many times Hang,Heavy Slow & Sound System problem",mamun.mia,"2022-04-12 09:47:10",2022041214251,1,NULL,NULL
2892,"Laptop Bag",md.sharifahammed,"2022-03-28 12:30:17",2022032814126,1,NULL,NULL
2891,"Laptop slowing down ",moksedul.alam,"2022-03-27 09:08:46",2022032714094,1,NULL,NULL
2890,"Antivirus fail",nasiruddin,"2022-03-23 10:15:38",2022032314060,1,NULL,NULL
2889,"needed to refil ink due to Printer Ink empty.",dilip.kumar,"2022-03-15 11:34:37",2022031514004,1,NULL,NULL
2888,"1.Printer problem 2.Laptop slow  required SSD",abu.bakar,"2022-03-07 14:00:39",2022030713918,1,NULL,NULL
2887,"Printing problems of my PC",jamirul.islam,"2022-02-24 08:55:40",2022022413786,1,NULL,NULL
2886,"Laptop running slow",syed.sazzad,"2022-02-22 10:09:24",2022022213757,1,NULL,NULL
2885,"HADMI-Serial Converter",muztahid,"2022-02-20 14:40:35",2022022013755,1,NULL,NULL
2884,"AutoCad installation",akib.ahmed,"2022-02-16 14:17:59",2022021613734,1,NULL,NULL
2883,"PC slow functioning",dibakar,"2022-02-13 12:26:13",2022021313694,1,NULL,NULL
2882," 	my laptop keyboard baton like (B,N,right baton key) some time dont work, so need your support",amir.hamza,"2022-02-13 09:19:25",2022021313686,1,NULL,NULL
2881,"Windows 10 Pro",ishtiaque.hasan,"2022-02-07 13:31:56",2022020713622,1,NULL,NULL
2880,"Currently, PC condition is very bad.",quamrul,"2022-02-02 14:33:54",2022020213580,1,NULL,NULL
2879,"Software for Saddam Hossain HR",asraful.islam,"2022-02-01 12:03:21",2022020113558,1,NULL,NULL
2878,"Adobe PDF",akib.ahmed,"2022-01-23 13:41:28",2022012313467,1,NULL,NULL
2877,Headphone,hasibur,"2022-01-18 16:58:26",2022011813418,1,NULL,NULL
2876,Headphone,hasibur,"2022-01-18 16:50:52",2022011813416,1,NULL,NULL
2875,"Laptop Display ",shahed.ali,"2022-01-16 14:48:32",2022011613388,1,NULL,NULL
2874,"Printing Access",hasan.mahmudul,"2022-01-09 11:21:25",2022010913313,1,NULL,NULL
2873,"Windows Activation",lutful.kabir,"2021-12-26 12:39:55",2021122613181,1,NULL,NULL
2872,"PDF License Activation",md.hasanuzzaman,"2021-12-22 10:40:43",2021122213155,1,NULL,NULL
2871,"Laptop disk space upgradation",jamirul.islam,"2021-12-22 10:22:35",2021122213154,1,NULL,NULL
2870,"Laptop Keyboard",israr,"2021-12-08 14:56:18",2021120812939,1,NULL,NULL
2869,01855901000,akibur.rahaman,"2021-11-29 15:14:28",2021112912790,1,NULL,NULL
2868,"2. Need Emergency UPS",neaj.morshed,"2021-11-29 15:01:48",2021112912789,1,NULL,NULL
2867,Firefox,arjun,"2021-11-25 09:43:41",2021112512738,1,NULL,NULL
2866,"UTP cable request for lan connectivity",akibur.rahaman,"2021-11-24 10:22:37",2021112412728,1,NULL,NULL
2865,"New User Creation",saiful.khan,"2021-11-21 15:36:27",2021112112679,1,NULL,NULL
2864,"For External Auditor",saiful.khan,"2021-11-21 15:35:24",2021112112678,1,NULL,NULL
2863,"IP Phone Adapter Faulty",ariful.islam,"2021-11-17 17:23:23",2021111712647,1,NULL,NULL
2862,Computer,tasmia.mohona,"2021-11-15 10:47:49",2021111512593,1,NULL,NULL
2861,"Bangla Writing Support",tasmia.mohona,"2021-11-14 14:15:14",2021111412576,1,NULL,NULL
2860,"Antivirus & pC full Scan",lutful.kabir,"2021-11-14 11:31:46",2021111412574,1,NULL,NULL
2859,"Laptop configure for Saumitro Kumar",asraful.islam,"2021-11-10 16:28:41",2021111012552,1,NULL,NULL
2858,"Work slow",bishwajit.saha,"2021-11-09 14:40:20",2021110912533,1,NULL,NULL
2857,"Keyboard Baton (Letter B, N, Right erry baton ) problem.Some time this key not working and typing mistake like mail conversation",amir.hamza,"2021-11-07 12:28:20",2021110712517,1,NULL,NULL
2856,"Windows Activation, Slow Performance and High Disk Utilization. ",saifullah,"2021-10-27 17:02:41",2021102712419,1,NULL,NULL
2855,"TT on Behalf of Ishraq Moyeen Sowad(02-1993)",mukshetul.raiyean,"2021-10-26 17:17:34",2021102612406,1,NULL,NULL
2854,"Internet connection problem ",sazibul.islam,"2021-10-26 11:01:57",2021102612404,1,NULL,NULL
2853,PDF,abu.bakar,"2021-10-18 09:15:50",2021101812294,1,NULL,NULL
2852,"printing problems",jamirul.islam,"2021-10-06 11:00:43",2021100612225,1,NULL,NULL
2851,"Test purpose",muhsina.akter,"2021-09-22 20:44:29",2021092212147,1,NULL,NULL
2850,"Laptop Keyboard Faulty",barakat,"2021-09-12 17:29:33",2021091212092,1,NULL,NULL
2849,"Laptop Touch pad problem, Work not properly",khairul.islam,"2021-09-12 10:25:30",2021091212085,1,NULL,NULL
2848,"Ribon Problem",lutforrahman,"2021-09-10 19:17:52",2021091012084,1,NULL,NULL
2847,"SSD Require",suhrawardi,"2021-09-06 10:42:28",2021090612038,1,NULL,NULL
2846,"IP Phone power not switching ON",shariful.alam,"2021-08-31 11:08:35",2021083111996,1,NULL,NULL
2845,"In Time & Out Time Not Showing Entry & Exit Bottom.",quamrul,"2021-08-25 09:34:59",2021082511938,1,NULL,NULL
2844,"Laptop Procurement",eide.ameen,"2021-08-24 17:52:15",2021082411937,1,NULL,NULL
2843,"Laptop Bag",md.sharifahammed,"2021-08-19 12:58:25",2021081911915,1,NULL,NULL
2842,"IT Equipment Update Request",saifullah,"2021-08-17 10:55:06",2021081711886,1,NULL,NULL
2841,"Flash Player problem, Google Earth, No Battery Backup,  Problem, Laptop very show.",abusayed,"2021-08-04 22:15:42",2021080411846,1,NULL,NULL
2840,"Bijay Bayanno Activation",akib.ahmed,"2021-07-29 13:43:10",2021072911822,1,NULL,NULL
2839,"Zoom link",moinuddin,"2021-07-28 10:57:50",2021072811804,1,NULL,NULL
2838,"Power button problem",shahidul.islam,"2021-07-18 16:40:12",2021071811767,1,NULL,NULL
2837,"Laptop data port",muzaffar.ahmed,"2021-07-12 12:24:33",2021071211740,1,NULL,NULL
2836,"Out look setting",rejaul.karim,"2021-07-10 00:03:43",2021071011730,1,NULL,NULL
2835,"6 port switch",shishir,"2021-07-06 15:33:51",2021070611718,1,NULL,NULL
2834,"Unable to access NMC ground floor all  PC",shahriar.mustafa,"2021-06-29 15:48:23",2021062911670,1,NULL,NULL
2833,"samba server ",shakhawat,"2021-06-29 15:22:10",2021062911669,1,NULL,NULL
2832,"Display Problem. Display in dark mode. ",mrahim,"2021-06-28 11:18:35",2021062811659,1,NULL,NULL
2831,"ID card activation",asraful.islam,"2021-06-22 11:03:02",2021062211620,1,NULL,NULL
2830,"Printer & laptop connection",jamirul.islam,"2021-06-17 14:54:15",2021061711604,1,NULL,NULL
2829,"very slow",laltu.kumar,"2021-06-14 11:55:13",2021061411540,1,NULL,NULL
2828,"Portable HD (External SSD)",mohidul.morshed,"2021-06-13 15:45:53",2021061311535,1,NULL,NULL
2827,"Lenovo laptop ",mohidul.morshed,"2021-06-13 15:42:31",2021061311534,1,NULL,NULL
2826,"ASUS laptop did not open",sohel,"2021-06-09 11:46:26",2021060911517,1,NULL,NULL
2825,"Mail attachment Issues",faysal,"2021-06-06 11:36:04",2021060611492,1,NULL,NULL
2824,"Out of office",asraful.islam,"2021-05-30 16:34:29",2021053011440,1,NULL,NULL
2823,"PR,MR related work",asraful.islam,"2021-05-30 16:31:44",2021053011438,1,NULL,NULL
2822,"Query type also can not be selected",rejaul.karim,"2021-05-28 15:27:59",2021052811417,1,NULL,NULL
2821,"SW License Issue",chinmoy.biswas,"2021-05-27 14:08:28",2021052711408,1,NULL,NULL
2820,"ID card deactivation ",asraful.islam,"2021-05-24 11:10:08",2021052411372,1,NULL,NULL
2819,"New ID card entry and access",asraful.islam,"2021-05-24 11:09:01",2021052411371,1,NULL,NULL
2818,"Store related work",asraful.islam,"2021-05-24 09:54:47",2021052411364,1,NULL,NULL
2817,"HO GF door access related work",asraful.islam,"2021-05-24 09:54:02",2021052411363,1,NULL,NULL
2816,"Hitech park Rack installation work",asraful.islam,"2021-05-24 09:52:41",2021052411362,1,NULL,NULL
2815,"Out of office work",asraful.islam,"2021-05-24 09:52:09",2021052411361,1,NULL,NULL
2814,"Hi-Tech park door access related work",asraful.islam,"2021-05-24 09:51:36",2021052411360,1,NULL,NULL
2813,"PR related work",asraful.islam,"2021-05-24 09:50:59",2021052411359,1,NULL,NULL
2812,"MR  related work",asraful.islam,"2021-05-24 09:50:20",2021052411358,1,NULL,NULL
2811,"New Monitor Installation ",asraful.islam,"2021-05-24 09:49:26",2021052411357,1,NULL,NULL
2810,"New Monitor Installation ",asraful.islam,"2021-05-24 09:49:06",2021052411356,1,NULL,NULL
2809,"Wifi  problem and battery abnormal support ",mohidul.morshed,"2021-05-20 10:36:54",2021052011341,1,NULL,NULL
2808,MR,asraful.islam,"2021-05-20 10:03:21",2021052011340,1,NULL,NULL
2807,"PR related issue",asraful.islam,"2021-05-20 10:02:36",2021052011339,1,NULL,NULL
2806,"Print related problem of Akter sir",asraful.islam,"2021-05-20 10:01:31",2021052011338,1,NULL,NULL
2805,"Store related work",asraful.islam,"2021-05-19 14:55:25",2021051911332,1,NULL,NULL
2804,"Antivirus ",asraful.islam,"2021-05-19 14:54:35",2021051911331,1,NULL,NULL
2803,"Windows activation",asraful.islam,"2021-05-19 14:54:03",2021051911330,1,NULL,NULL
2802,Antivirus,asraful.islam,"2021-05-19 14:52:24",2021051911329,1,NULL,NULL
2801,"PC slow",dibakar,"2021-05-17 09:04:49",2021051711296,1,NULL,NULL
2800,"Material Inspection and collection",asraful.islam,"2021-05-12 09:22:56",2021051211283,1,NULL,NULL
2799,"Chairman sir car data",asraful.islam,"2021-05-12 09:21:53",2021051211282,1,NULL,NULL
2798,"Door access related work",asraful.islam,"2021-05-12 09:20:11",2021051211281,1,NULL,NULL
2797,"PR related work",asraful.islam,"2021-05-12 09:16:14",2021051211280,1,NULL,NULL
2796,"Store related work",asraful.islam,"2021-05-04 10:20:04",2021050411232,1,NULL,NULL
2795,"Access permission",asraful.islam,"2021-05-04 10:19:11",2021050411231,1,NULL,NULL
2794,"New 5 ID card entry and access",asraful.islam,"2021-05-04 10:18:12",2021050411230,1,NULL,NULL
2793,"ID card deactivation",asraful.islam,"2021-05-04 10:17:27",2021050411229,1,NULL,NULL
2792,"PR related work",asraful.islam,"2021-05-04 10:13:06",2021050411228,1,NULL,NULL
2791,"New laptop configure",asraful.islam,"2021-05-04 10:09:48",2021050411225,1,NULL,NULL
2790,"PR related work ",asraful.islam,"2021-05-02 12:43:06",2021050211213,1,NULL,NULL
2789,"Laptop service related",asraful.islam,"2021-04-28 19:04:41",2021042811188,1,NULL,NULL
2788,"PR related Work",asraful.islam,"2021-04-28 19:03:15",2021042811187,1,NULL,NULL
2787,"Door access related work for HTC",asraful.islam,"2021-04-27 18:59:30",2021042711170,1,NULL,NULL
2786,"HTC switch related work",asraful.islam,"2021-04-27 18:58:23",2021042711169,1,NULL,NULL
2785,"Laptop PR related report",asraful.islam,"2021-04-27 15:49:32",2021042711167,1,NULL,NULL
2784,"Network related work",asraful.islam,"2021-04-27 14:32:16",2021042711166,1,NULL,NULL
2783,"PR process",asraful.islam,"2021-04-27 14:31:36",2021042711165,1,NULL,NULL
2782,"Inventory Database related ",asraful.islam,"2021-04-27 14:30:44",2021042711164,1,NULL,NULL
2781,"Network related problem",asraful.islam,"2021-04-24 21:24:53",2021042411129,1,NULL,NULL
2780,"Laptop Desktop collection",asraful.islam,"2021-04-24 21:24:08",2021042411128,1,NULL,NULL
2779,"Data backup related work",asraful.islam,"2021-04-24 21:22:57",2021042411127,1,NULL,NULL
2778,"Report related work ",asraful.islam,"2021-04-24 21:21:42",2021042411126,1,NULL,NULL
2777,"MR related work",asraful.islam,"2021-04-24 21:20:42",2021042411125,1,NULL,NULL
2776,"Store Related work",asraful.islam,"2021-04-24 21:20:13",2021042411124,1,NULL,NULL
2775,"New 12 ID card entry and access",asraful.islam,"2021-04-24 21:19:25",2021042411123,1,NULL,NULL
2774,"PR related work",asraful.islam,"2021-04-24 21:18:43",2021042411122,1,NULL,NULL
2773,"New Laptop configure",asraful.islam,"2021-04-24 21:18:09",2021042411121,1,NULL,NULL
2772,"New Laptop configure for Md. Haasanuzzaman",asraful.islam,"2021-04-24 21:17:22",2021042411120,1,NULL,NULL
2771,"New Laptop configure",asraful.islam,"2021-04-24 21:16:17",2021042411119,1,NULL,NULL
2770,"New Laptop configure",asraful.islam,"2021-04-24 21:15:35",2021042411118,1,NULL,NULL
2769,"RAM and HDD installation",asraful.islam,"2021-04-24 21:14:30",2021042411117,1,NULL,NULL
2768,"New OS installation",asraful.islam,"2021-04-24 21:13:36",2021042411116,1,NULL,NULL
2767,"Laptop Battery",asraful.islam,"2021-04-24 21:12:22",2021042411115,1,NULL,NULL
2766,"New OS installation",asraful.islam,"2021-04-24 21:11:29",2021042411114,1,NULL,NULL
2765,"SSD installation",asraful.islam,"2021-04-24 21:10:48",2021042411113,1,NULL,NULL
2764,"Laptop Battery",asraful.islam,"2021-04-24 21:10:02",2021042411112,1,NULL,NULL
2763,"Laptop Battery",asraful.islam,"2021-04-24 21:09:09",2021042411111,1,NULL,NULL
2762,"Laptop not opening",asraful.islam,"2021-04-24 21:08:17",2021042411110,1,NULL,NULL
2761,"Applications, WiFi, USB port",mozammel.hussain,"2021-04-15 14:06:50",2021041511075,1,NULL,NULL
2760,"New OS and software installation",asraful.islam,"2021-03-31 14:24:18",2021033111011,1,NULL,NULL
2759,"SSD installation",asraful.islam,"2021-03-31 14:23:42",2021033111010,1,NULL,NULL
2758,"Need change BIOS setting to keep PC always power on",saifullah,"2021-03-31 10:38:52",2021033111000,1,NULL,NULL
2757,"Office and outlook activation",abdullah.mamun,"2021-03-28 14:45:32",2021032810984,1,NULL,NULL
2756,"IP phone configure",asraful.islam,"2021-03-28 12:37:28",2021032810982,1,NULL,NULL
2755,"VPN installation",asraful.islam,"2021-03-28 12:36:49",2021032810981,1,NULL,NULL
2754,"RAM installation",asraful.islam,"2021-03-25 14:21:03",2021032510979,1,NULL,NULL
2753,"New laptop configure",asraful.islam,"2021-03-25 13:19:27",2021032510974,1,NULL,NULL
2752,"New laptop configure for Ashraful Islam",asraful.islam,"2021-03-25 13:18:38",2021032510973,1,NULL,NULL
2751,"New laptop configure",asraful.islam,"2021-03-25 13:17:30",2021032510972,1,NULL,NULL
2750,"New ID card entry and access",asraful.islam,"2021-03-25 13:14:37",2021032510971,1,NULL,NULL
2749,"ID card deactivation",asraful.islam,"2021-03-25 13:14:09",2021032510970,1,NULL,NULL
2748,"New ID card entry and access related work",asraful.islam,"2021-03-25 13:13:42",2021032510969,1,NULL,NULL
2747,"Laptop desktop database related work",asraful.islam,"2021-03-25 13:12:43",2021032510968,1,NULL,NULL
2746,"Door access device MAC address related work",asraful.islam,"2021-03-25 13:12:08",2021032510967,1,NULL,NULL
2745,"NMC 1st floor door access device problem",asraful.islam,"2021-03-25 13:10:33",2021032510966,1,NULL,NULL
2744,"NMC GF floor door access device problem",asraful.islam,"2021-03-25 13:10:04",2021032510965,1,NULL,NULL
2743,"HO 4th floor door access device problem",asraful.islam,"2021-03-25 13:09:35",2021032510964,1,NULL,NULL
2742,"PR MR related work",asraful.islam,"2021-03-25 13:08:40",2021032510963,1,NULL,NULL
2741,"Store related work",asraful.islam,"2021-03-25 13:08:01",2021032510962,1,NULL,NULL
2740,"Outlook problem",asraful.islam,"2021-03-25 13:06:32",2021032510961,1,NULL,NULL
2739,U,neaj.morshed,"2021-03-23 16:31:48",2021032310933,1,NULL,NULL
2738,"Mail configure.",zosim.uddin,"2021-03-22 15:32:18",2021032210917,1,NULL,NULL
2737,"Need SSD",raisul.islam,"2021-03-18 17:19:48",2021031810889,1,NULL,NULL
2736,"Store related work",asraful.islam,"2021-03-16 13:30:08",2021031610875,1,NULL,NULL
2735,"New OS and software installation ",asraful.islam,"2021-03-16 13:29:38",2021031610874,1,NULL,NULL
2734,"RAM SSD installation",asraful.islam,"2021-03-16 13:29:04",2021031610873,1,NULL,NULL
2733,"Access permission for new 5 ID card",asraful.islam,"2021-03-16 10:16:54",2021031610869,1,NULL,NULL
2732,"Outlook setup",asraful.islam,"2021-03-16 10:14:23",2021031610868,1,NULL,NULL
2731,"New OS and software installation",asraful.islam,"2021-03-16 10:06:51",2021031610867,1,NULL,NULL
2730,"HDD change",asraful.islam,"2021-03-16 10:06:14",2021031610866,1,NULL,NULL
2729,"RAM change",asraful.islam,"2021-03-16 10:05:45",2021031610865,1,NULL,NULL
2728,"New laptop configure",asraful.islam,"2021-03-15 16:39:00",2021031510864,1,NULL,NULL
2727,"New windows setup",asraful.islam,"2021-03-15 16:38:28",2021031510863,1,NULL,NULL
2726,"SSD and RAM installation",asraful.islam,"2021-03-15 16:38:00",2021031510862,1,NULL,NULL
2725,"Wall Monitor Down/Off",shahriar.mustafa,"2021-03-14 11:18:19",2021031410853,1,NULL,NULL
2724,"Door access related work",asraful.islam,"2021-03-11 15:19:28",2021031110848,1,NULL,NULL
2723,"Printer servicing ",asraful.islam,"2021-03-11 15:18:46",2021031110847,1,NULL,NULL
2722,"Out of office for servicing ",asraful.islam,"2021-03-11 15:17:55",2021031110846,1,NULL,NULL
2721,"PR MR",asraful.islam,"2021-03-11 15:17:23",2021031110845,1,NULL,NULL
2720,"Printer installation",asraful.islam,"2021-03-11 15:16:57",2021031110844,1,NULL,NULL
2719,"Antivirus installation and scan ",asraful.islam,"2021-03-11 15:16:32",2021031110843,1,NULL,NULL
2718,"Office Laptop microphone",amir.hamza,"2021-03-10 16:44:55",2021031010831,1,NULL,NULL
2717,"1. Scanner Access ",md.ramjan,"2021-03-08 15:58:49",2021030810819,1,NULL,NULL
2716,"office laptop Microphone problem,its emergency solved need ",amir.hamza,"2021-03-03 10:23:50",2021030310776,1,NULL,NULL
2715,"Short LAN Cable",abdullahal.noman,"2021-03-02 11:23:42",2021030210772,1,NULL,NULL
2714,"SSD Disk for faster uses. Laptop Keyboard problem.",jurain.ahmed,"2021-03-01 11:35:29",2021030110763,1,NULL,NULL
2713,"Printer shift.",smsumon,"2021-02-28 17:50:21",2021022810759,1,NULL,NULL
2712,"Printer Access",chinmoy.biswas,"2021-02-28 12:37:16",2021022810756,1,NULL,NULL
2711,"Laptop checking for laila and taif",asraful.islam,"2021-02-25 17:51:07",2021022510751,1,NULL,NULL
2710,"Chairman Car wifi setup",asraful.islam,"2021-02-25 16:10:51",2021022510749,1,NULL,NULL
2709,"Unable to access PC",shahriar.mustafa,"2021-02-25 15:54:26",2021022510748,1,NULL,NULL
2708,"NMC GF wireless problem",asraful.islam,"2021-02-25 13:38:57",2021022510746,1,NULL,NULL
2707,"Access permission",asraful.islam,"2021-02-25 13:38:18",2021022510745,1,NULL,NULL
2706,"MPE submission ",asraful.islam,"2021-02-25 12:49:56",2021022510744,1,NULL,NULL
2705,"PR related work",asraful.islam,"2021-02-25 10:54:03",2021022510736,1,NULL,NULL
2704,"Scan Setup",asraful.islam,"2021-02-25 10:53:24",2021022510735,1,NULL,NULL
2703,"Product collection from HO ",asraful.islam,"2021-02-24 17:08:06",2021022410728,1,NULL,NULL
2702,"IP camera IP change related work",asraful.islam,"2021-02-24 17:07:26",2021022410727,1,NULL,NULL
2701,"Access permission for nayma Ahmed",asraful.islam,"2021-02-24 17:06:40",2021022410726,1,NULL,NULL
2700,"MI report related work",asraful.islam,"2021-02-24 17:06:01",2021022410725,1,NULL,NULL
2699,"Product delivery",asraful.islam,"2021-02-24 17:05:32",2021022410724,1,NULL,NULL
2698,"Printer Setup",asraful.islam,"2021-02-24 17:03:37",2021022410723,1,NULL,NULL
2697,"Several time PC hang no file open",abu.bakar,"2021-02-23 10:07:34",2021022310710,1,NULL,NULL
2696,"PR database related work",asraful.islam,"2021-02-22 16:47:51",2021022210708,1,NULL,NULL
2695,"PR related work",asraful.islam,"2021-02-22 16:36:47",2021022210707,1,NULL,NULL
2694,"New windows installation and software ",asraful.islam,"2021-02-22 16:36:17",2021022210706,1,NULL,NULL
2693,"Data backup and mail, VPN configure",asraful.islam,"2021-02-22 16:35:29",2021022210705,1,NULL,NULL
2692,"New laptop configure",asraful.islam,"2021-02-22 16:34:43",2021022210704,1,NULL,NULL
2691,"Access permission ",asraful.islam,"2021-02-17 10:51:33",2021021710683,1,NULL,NULL
2690,"Access per mission for Tauhidul ",asraful.islam,"2021-02-17 10:50:56",2021021710682,1,NULL,NULL
2689,"Access permission ",asraful.islam,"2021-02-17 10:50:14",2021021710681,1,NULL,NULL
2688,"Mail problem",asraful.islam,"2021-02-17 10:49:20",2021021710680,1,NULL,NULL
2687,"access permission",asraful.islam,"2021-02-17 10:41:26",2021021710679,1,NULL,NULL
2686,"ID card deactivate",asraful.islam,"2021-02-17 10:40:02",2021021710678,1,NULL,NULL
2685,"Data backup",asraful.islam,"2021-02-17 10:39:37",2021021710677,1,NULL,NULL
2684,"laptop servicing for raisa ",asraful.islam,"2021-02-17 10:38:50",2021021710676,1,NULL,NULL
2683,"2 UPS battery change ",asraful.islam,"2021-02-17 10:36:48",2021021710675,1,NULL,NULL
2682,"All Pending PR related documentation ",asraful.islam,"2021-02-17 10:36:06",2021021710674,1,NULL,NULL
2681,"HTP related work",asraful.islam,"2021-02-15 11:23:33",2021021510662,1,NULL,NULL
2680,"Printer setup",asraful.islam,"2021-02-15 11:18:43",2021021510661,1,NULL,NULL
2679,"Keyboard change",asraful.islam,"2021-02-15 11:18:05",2021021510660,1,NULL,NULL
2678,"Design and planning ",saulad.alvi,"2021-02-15 11:17:00",2021021510659,1,NULL,NULL
2677,"Access permission",asraful.islam,"2021-02-15 11:16:49",2021021510658,1,NULL,NULL
2676,"Access permission",asraful.islam,"2021-02-15 11:15:42",2021021510656,1,NULL,NULL
2675,"Access permission",asraful.islam,"2021-02-15 11:15:04",2021021510655,1,NULL,NULL
2674,"ID card deactivate",asraful.islam,"2021-02-15 11:14:17",2021021510654,1,NULL,NULL
2673,"ID card deactivate ",asraful.islam,"2021-02-15 11:13:43",2021021510653,1,NULL,NULL
2672," Extra Card Number 124",asraful.islam,"2021-02-15 11:12:46",2021021510652,1,NULL,NULL
2671,"access permission for nmc first floor",asraful.islam,"2021-02-15 11:12:12",2021021510651,1,NULL,NULL
2670,"access permission for nmc first floor",asraful.islam,"2021-02-15 11:11:49",2021021510650,1,NULL,NULL
2669,"access permission for nmc first floor",asraful.islam,"2021-02-15 11:11:30",2021021510649,1,NULL,NULL
2668,"access permission for nmc first floor",asraful.islam,"2021-02-15 11:10:51",2021021510648,1,NULL,NULL
2667,"access permission for nmc first floor",asraful.islam,"2021-02-15 11:10:29",2021021510647,1,NULL,NULL
2666,"access permission for nmc first floor",asraful.islam,"2021-02-15 11:10:09",2021021510646,1,NULL,NULL
2665,"access permission",asraful.islam,"2021-02-15 11:09:50",2021021510645,1,NULL,NULL
2664,"Door access related work",asraful.islam,"2021-02-15 11:08:36",2021021510644,1,NULL,NULL
2663,"Petty cash related work",asraful.islam,"2021-02-15 11:07:15",2021021510643,1,NULL,NULL
2662,"Toner refill of razib vai printer",asraful.islam,"2021-02-15 11:06:39",2021021510642,1,NULL,NULL
2661,"ho 4th floor printer related work",asraful.islam,"2021-02-15 11:05:57",2021021510641,1,NULL,NULL
2660,"MR related work",asraful.islam,"2021-02-15 11:05:11",2021021510640,1,NULL,NULL
2659,"PR related work",asraful.islam,"2021-02-15 11:04:47",2021021510639,1,NULL,NULL
2658,"HO mkt floor camera problem ",asraful.islam,"2021-02-15 11:04:18",2021021510638,1,NULL,NULL
2657,"Asus laptop battery replacement",asraful.islam,"2021-02-01 13:42:19",2021020110552,1,NULL,NULL
2656,Sentral,shahadat,"2021-02-01 12:27:48",2021020110549,1,NULL,NULL
2655,"Report for laptop desktop",asraful.islam,"2021-02-01 11:32:25",2021020110546,1,NULL,NULL
2654,"New laptop configure",asraful.islam,"2021-02-01 11:31:17",2021020110545,1,NULL,NULL
2653,"New laptop configure",asraful.islam,"2021-02-01 11:30:50",2021020110544,1,NULL,NULL
2652,"Windows activation",asraful.islam,"2021-02-01 11:30:04",2021020110542,1,NULL,NULL
2651,"Scanner ",asraful.islam,"2021-01-25 16:45:11",2021012510492,1,NULL,NULL
2650,"Scanner ",asraful.islam,"2021-01-25 16:44:43",2021012510491,1,NULL,NULL
2649,"Visio software installation",asraful.islam,"2021-01-14 17:59:22",2021011410413,1,NULL,NULL
2648,"HO GF LAN work related",asraful.islam,"2021-01-14 17:51:00",2021011410412,1,NULL,NULL
2647,"Hi-Tech park access control device related work",asraful.islam,"2021-01-14 17:48:23",2021011410411,1,NULL,NULL
2646,"PGCB office visit",asraful.islam,"2021-01-14 17:47:43",2021011410410,1,NULL,NULL
2645,"new laptop configure",asraful.islam,"2021-01-14 17:47:03",2021011410409,1,NULL,NULL
2644,"new laptop configure",asraful.islam,"2021-01-14 17:46:40",2021011410408,1,NULL,NULL
2643,"New laptop configure for salahuddin",asraful.islam,"2021-01-14 17:46:13",2021011410407,1,NULL,NULL
2642,"New laptop configure",asraful.islam,"2021-01-14 17:45:20",2021011410406,1,NULL,NULL
2641,"Flash software ",asraful.islam,"2021-01-14 17:44:44",2021011410405,1,NULL,NULL
2640,"not mail reached others dept",amir.hamza,"2021-01-13 13:04:57",2021011310392,1,NULL,NULL
2639,"Laptop Adapter faulty",asraful.islam,"2021-01-13 12:35:26",2021011310391,1,NULL,NULL
2638,"Flash player for browser",asraful.islam,"2021-01-13 12:30:48",2021011310390,1,NULL,NULL
2637,"printer access",soliman.mollah,"2021-01-12 11:42:32",2021011210372,1,NULL,NULL
2636,"VPN, Mail configure",asraful.islam,"2021-01-12 11:34:34",2021011210368,1,NULL,NULL
2635,"Windows activation, Google earth, Xsell ",asraful.islam,"2021-01-12 11:24:39",2021011210367,1,NULL,NULL
2634,"Laptop Slow",mohammad.khairul,"2021-01-12 11:21:17",2021011210366,1,NULL,NULL
2633,"Mail not come in my inbox  from HR dept and othes dept ",amir.hamza,"2021-01-12 10:05:02",2021011210357,1,NULL,NULL
2632,"New OS installation and data backup",asraful.islam,"2021-01-11 16:00:13",2021011110356,1,NULL,NULL
2631,"Lan Connectivity & Printer & Scanner setup",ullah.kabir,"2021-01-07 10:50:11",2021010710340,1,NULL,NULL
2630,"(1). Outlook incoming and outgoing mail not seen (2). Lan connection not working",jamirul.islam,"2020-12-29 14:35:05",2020122910308,1,NULL,NULL
2629,"Keyboard and wireless card problem",asraful.islam,"2020-12-24 17:43:10",2020122410282,1,NULL,NULL
2628,"New OS installation",asraful.islam,"2020-12-24 17:42:33",2020122410281,1,NULL,NULL
2627,"Keyboard, Laptop battery, and adapter problem ",asraful.islam,"2020-12-24 17:38:14",2020122410280,1,NULL,NULL
2626,"New laptop configure and deliver",asraful.islam,"2020-12-24 17:37:13",2020122410279,1,NULL,NULL
2625,"Keyboard and Wireless card problem",asraful.islam,"2020-12-24 17:36:33",2020122410278,1,NULL,NULL
2624,"New OS installation.",asraful.islam,"2020-12-24 17:35:43",2020122410277,1,NULL,NULL
2623,"RQ usage report submit for all MR",asraful.islam,"2020-12-23 16:00:39",2020122310271,1,NULL,NULL
2622,"HO GF new door access setup related ",asraful.islam,"2020-12-23 15:59:56",2020122310270,1,NULL,NULL
2621,"New laptop configure",asraful.islam,"2020-12-23 15:55:33",2020122310269,1,NULL,NULL
2620,"Sumon sir home PC windows installation",asraful.islam,"2020-12-23 15:54:32",2020122310268,1,NULL,NULL
2619,"QSC support related report",asraful.islam,"2020-12-23 15:53:41",2020122310267,1,NULL,NULL
2618,"Laptop desktop report",asraful.islam,"2020-12-23 15:52:48",2020122310266,1,NULL,NULL
2617,"Taj Mariot printer problem",asraful.islam,"2020-12-23 15:51:21",2020122310265,1,NULL,NULL
2616,"MD sir LAN problem",asraful.islam,"2020-12-23 15:50:33",2020122310264,1,NULL,NULL
2615,"Chairman sir router related Issue",asraful.islam,"2020-12-23 15:49:57",2020122310263,1,NULL,NULL
2614,"Material Inspection",asraful.islam,"2020-12-23 15:49:15",2020122310262,1,NULL,NULL
2613,Printer,asraful.islam,"2020-12-23 15:48:16",2020122310261,1,NULL,NULL
2612,"Data transfer",asraful.islam,"2020-12-23 15:47:31",2020122310260,1,NULL,NULL
2611,"HO 3rd floor main switch cable cut",asraful.islam,"2020-12-23 15:46:38",2020122310259,1,NULL,NULL
2610,"HO 3rd floor WiFi configure and replace",asraful.islam,"2020-12-23 15:44:56",2020122310258,1,NULL,NULL
2609,"HO 4th floor conference room LAN problem",asraful.islam,"2020-12-23 15:43:58",2020122310257,1,NULL,NULL
2608,"Printer installation",asraful.islam,"2020-12-14 18:08:29",2020121410219,1,NULL,NULL
2607,"IP Phone configure",asraful.islam,"2020-12-14 18:08:02",2020121410218,1,NULL,NULL
2606,"Tally issue",asraful.islam,"2020-12-14 18:07:36",2020121410217,1,NULL,NULL
2605,"Printer problem of TAJ marriot",asraful.islam,"2020-12-14 18:07:07",2020121410216,1,NULL,NULL
2604,"Software-PDF reader editable version is required",smtaifulkabir,"2020-12-10 11:53:28",2020121010181,1,NULL,NULL
2603,"Keyboard problem",asraful.islam,"2020-12-07 16:33:23",2020120710177,1,NULL,NULL
2602,RAM,asraful.islam,"2020-12-07 16:32:44",2020120710176,1,NULL,NULL
2601,"Laptop Battery problem",asraful.islam,"2020-12-07 16:08:35",2020120710173,1,NULL,NULL
2600,"VPN connect problem",asraful.islam,"2020-12-06 15:07:23",2020120610159,1,NULL,NULL
2599,"HO 4th floor printer problem",asraful.islam,"2020-12-06 14:14:21",2020120610158,1,NULL,NULL
2598,"Material inspection and delivery",asraful.islam,"2020-12-03 15:58:26",2020120310145,1,NULL,NULL
2597,"Laptop Slow",asraful.islam,"2020-12-03 15:56:24",2020120310144,1,NULL,NULL
2596,"New PC configure",asraful.islam,"2020-12-03 15:55:48",2020120310143,1,NULL,NULL
2595,"TEST Purpose",muhsina.akter,"2020-12-03 12:59:13",2020120310140,1,NULL,NULL
2594,"Printer setup",asraful.islam,"2020-12-02 17:13:53",2020120210135,1,NULL,NULL
2593,"printer setup",asraful.islam,"2020-12-02 16:48:05",2020120210133,1,NULL,NULL
2592,"New display installation for Nasir Uddin  ",asraful.islam,"2020-12-02 15:11:14",2020120210132,1,NULL,NULL
2591,"Printer setup",asraful.islam,"2020-11-26 17:31:40",2020112610109,1,NULL,NULL
2590,"Scanner and printer setup",asraful.islam,"2020-11-26 17:30:44",2020112610108,1,NULL,NULL
2589,"Printer setup",asraful.islam,"2020-11-26 17:30:03",2020112610107,1,NULL,NULL
2588,"Windows activation and printing issue",asraful.islam,"2020-11-26 11:27:56",2020112610104,1,NULL,NULL
2587,"New Windows installation",asraful.islam,"2020-11-25 15:44:59",2020112510097,1,NULL,NULL
2586,"Printer installation",asraful.islam,"2020-11-25 12:02:19",2020112510095,1,NULL,NULL
2585,"New Laptop configure",asraful.islam,"2020-11-25 12:01:47",2020112510094,1,NULL,NULL
2584,"ID card deactivation",asraful.islam,"2020-11-24 10:52:47",2020112410084,1,NULL,NULL
2583,"Need SSD ",raisul.islam,"2020-11-17 18:38:21",2020111710045,1,NULL,NULL
2582,"Keyboard problem",asraful.islam,"2020-11-17 17:59:30",2020111710044,1,NULL,NULL
2581,"Data backup and restore to New PC",asraful.islam,"2020-11-17 17:54:14",2020111710043,1,NULL,NULL
2580,"New PC configure",asraful.islam,"2020-11-17 17:53:24",2020111710042,1,NULL,NULL
2579,"Data backup and restore to new laptop",asraful.islam,"2020-11-17 17:52:47",2020111710041,1,NULL,NULL
2578,"New laptop configure.",asraful.islam,"2020-11-17 17:51:57",2020111710040,1,NULL,NULL
2577,"RAM upgrade",asraful.islam,"2020-11-16 11:23:18",2020111610029,1,NULL,NULL
2576,"Chairman sir Wi-Fi related work",asraful.islam,"2020-11-16 11:17:23",2020111610028,1,NULL,NULL
2575,"Out of office for servicing ",asraful.islam,"2020-11-16 11:16:38",2020111610027,1,NULL,NULL
2574,"Access permission for sawpon kumar",asraful.islam,"2020-11-16 11:15:50",2020111610026,1,NULL,NULL
2573,"New Laptop configure",asraful.islam,"2020-11-16 11:14:49",2020111610025,1,NULL,NULL
2572,"New Laptop configure",asraful.islam,"2020-11-16 11:14:30",2020111610024,1,NULL,NULL
2571,"Data transfer ",asraful.islam,"2020-11-16 11:14:00",2020111610023,1,NULL,NULL
2570,"New PC configure",asraful.islam,"2020-11-16 11:13:35",2020111610022,1,NULL,NULL
2569,"Data transfer",asraful.islam,"2020-11-16 11:13:08",2020111610021,1,NULL,NULL
2568,"New laptop configure",asraful.islam,"2020-11-16 11:12:27",2020111610020,1,NULL,NULL
2567,"New Printer setup and installation",asraful.islam,"2009-10-10 05:49:40",2009101010013,1,NULL,NULL
2566,"Access permission",asraful.islam,"2020-11-12 10:00:33",202011129999,1,NULL,NULL
2565,"windows update option disabled by organization",asraful.islam,"2020-11-11 15:58:16",202011119996,1,NULL,NULL
2564,"ID card deactivation and Extra ID card access permission ",asraful.islam,"2020-11-10 15:35:47",202011109992,1,NULL,NULL
2563,"HO 4th floor printer problem",asraful.islam,"2020-11-10 15:34:26",202011109991,1,NULL,NULL
2562,"Usage report",asraful.islam,"2020-11-10 15:33:49",202011109990,1,NULL,NULL
2561,"New OS installation",asraful.islam,"2020-11-10 15:31:56",202011109989,1,NULL,NULL
2560,"Disk Cleanup ",asraful.islam,"2020-11-10 15:29:40",202011109988,1,NULL,NULL
2559,"New laptop configure",asraful.islam,"2020-11-10 14:27:19",202011109985,1,NULL,NULL
2558,"New laptop Configure",asraful.islam,"2020-11-10 13:37:16",202011109984,1,NULL,NULL
2557,"New laptop configure for mizanur Rahman",asraful.islam,"2020-11-09 11:52:55",202011099969,1,NULL,NULL
2556,"New laptop configure",asraful.islam,"2020-11-09 11:52:12",202011099968,1,NULL,NULL
2555,"New OS installation",asraful.islam,"2020-11-09 11:51:38",202011099967,1,NULL,NULL
2554,"Ports, Startup",ahmed.bulbul,"2020-11-01 11:52:43",202011019931,1,NULL,NULL
2553,"Laptop Start Automatically after shutdown",md.sayem,"2020-11-01 11:21:13",202011019930,1,NULL,NULL
2552,"ID Card Not punch.",reazuddin,"2020-10-28 17:59:35",202010289921,1,NULL,NULL
2551,"Unusual behavior of cursor pointer. ",mizanur.rahman,"2020-10-28 10:29:54",202010289912,1,NULL,NULL
2550,"New PR ",asraful.islam,"2020-10-22 12:00:42",202010229895,1,NULL,NULL
2549,"25 ID card access",asraful.islam,"2020-10-22 12:00:08",202010229894,1,NULL,NULL
2548,"ID card access",asraful.islam,"2020-10-22 11:59:21",202010229893,1,NULL,NULL
2547,"New OS setup",asraful.islam,"2020-10-22 11:58:34",202010229892,1,NULL,NULL
2546,"New laptop configure for sadique",asraful.islam,"2020-10-22 11:58:08",202010229891,1,NULL,NULL
2545,"Printer setup",asraful.islam,"2020-10-22 11:57:13",202010229890,1,NULL,NULL
2544,"Printer setup",asraful.islam,"2020-10-22 11:56:46",202010229889,1,NULL,NULL
2543,"Printer setup",asraful.islam,"2020-10-22 11:56:27",202010229888,1,NULL,NULL
2542,"Frequent restart, monitor blink, internet not working, to much slow.",mahbub.alam,"2020-10-21 11:03:45",202010219879,1,NULL,NULL
2541,"New OS",asraful.islam,"2020-10-20 11:27:12",202010209870,1,NULL,NULL
2540,"Printer related issue",asraful.islam,"2020-10-19 15:35:15",202010199861,1,NULL,NULL
2539,"Printer related issue",asraful.islam,"2020-10-19 15:34:15",202010199860,1,NULL,NULL
2538,"User create and virus related issue for Pervaz",asraful.islam,"2020-10-19 15:33:23",202010199859,1,NULL,NULL
2537,"Printer access",asraful.islam,"2020-10-19 15:29:54",202010199858,1,NULL,NULL
2536,"Printer access",asraful.islam,"2020-10-18 14:11:23",202010189854,1,NULL,NULL
2535,"We are unable to login NMC PC (Ext: 2324) PC remotely via AnyDesk. Anydesk Remote ID: 693452666",hasibur,"2020-10-14 08:17:06",202010149828,1,NULL,NULL
2534,"Remote login",hasibur,"2020-10-14 07:55:51",202010149827,1,NULL,NULL
2533,"Printer setup",asraful.islam,"2020-10-13 18:33:57",202010139826,1,NULL,NULL
2532,"Printer Setup",asraful.islam,"2020-10-13 18:32:55",202010139825,1,NULL,NULL
2531,Printer,asraful.islam,"2020-10-13 18:32:27",202010139824,1,NULL,NULL
2530,"New ID card activation",asraful.islam,"2020-10-12 13:02:01",202010129807,1,NULL,NULL
2529,"ID card deactivation",asraful.islam,"2020-10-12 12:38:32",202010129805,1,NULL,NULL
2528,"ID card deactivation",asraful.islam,"2020-10-12 12:00:13",202010129800,1,NULL,NULL
2527,"Access in NMC 1st Floor",rahman.mizanur,"2020-10-11 12:34:38",202010119783,1,NULL,NULL
2526,"Access Issue at Head office 3rd floor",farhan,"2009-10-13 23:52:47",200910139713,1,NULL,NULL
2525,"Laptop works very slowly",raisul.islam,"2009-10-10 00:01:44",200910109693,1,NULL,NULL
2524,"PC Slow",tripti.biswas,"2020-09-28 14:28:04",202009289683,1,NULL,NULL
2523,"need to replace of Charger ",sohel,"2020-09-22 12:05:49",202009229653,1,NULL,NULL
2522,"need to replace the IP phone set of Motijheel field team support",sohel,"2020-09-16 10:40:45",202009169625,1,NULL,NULL
2521,"ID card access not working",anadi.ranjan,"2020-09-14 09:28:17",202009149609,1,NULL,NULL
2520,"New Laptop required",ullah.kabir,"2020-09-13 13:01:30",202009139605,1,NULL,NULL
2519,"Laptop too much slow and monitor blink",mahbub.alam,"2020-09-10 11:58:36",202009109589,1,NULL,NULL
2518,"IP phone power",tonmoy.hasan,"2020-09-07 12:29:26",202009079575,1,NULL,NULL
2517,"Laptop works very slowly",raisul.islam,"2020-09-03 13:05:43",202009039566,1,NULL,NULL
2516,"Taj mariort network looping ",asraful.islam,"2020-09-01 13:29:26",202009019546,1,NULL,NULL
2515,"Door access related",asraful.islam,"2020-09-01 13:28:33",202009019545,1,NULL,NULL
2514,MR,asraful.islam,"2020-09-01 13:23:38",202009019544,1,NULL,NULL
2513,"PR process ",asraful.islam,"2020-09-01 13:22:26",202009019543,1,NULL,NULL
2512,"New OS for moniruzzamn laptop",asraful.islam,"2020-09-01 13:21:22",202009019542,1,NULL,NULL
2511,"Product collection",asraful.islam,"2020-09-01 13:20:27",202009019541,1,NULL,NULL
2510,"Material inspection ",asraful.islam,"2020-09-01 13:19:40",202009019540,1,NULL,NULL
2509,"IT printer problem ",asraful.islam,"2020-09-01 13:18:27",202009019539,1,NULL,NULL
2508,"HDD change New OS installation ",asraful.islam,"2020-09-01 13:09:54",202009019538,1,NULL,NULL
2507,"New laptop configure ",asraful.islam,"2020-09-01 13:05:18",202009019537,1,NULL,NULL
2506,"PC problem",asraful.islam,"2020-09-01 13:04:10",202009019536,1,NULL,NULL
2505,"Laptop handover   ",asraful.islam,"2020-09-01 12:59:23",202009019534,1,NULL,NULL
2504,"Printer setup",asraful.islam,"2020-09-01 12:53:11",202009019532,1,NULL,NULL
2503,"HO 3rd floor door access down",asraful.islam,"2020-09-01 12:52:19",202009019531,1,NULL,NULL
2502,"Chairman sir all network connection checking ",asraful.islam,"2020-09-01 12:51:35",202009019530,1,NULL,NULL
2501,"HO 3rd floor network checking",asraful.islam,"2020-09-01 12:50:31",202009019529,1,NULL,NULL
2500,"LAN connection checking",asraful.islam,"2020-09-01 12:49:26",202009019528,1,NULL,NULL
2499,"Laptop is not getting power",mahbub.alam,"2020-08-27 14:42:08",202008279515,1,NULL,NULL
2498,"Need one UTP cable.",jobeyer.hoshan,"2020-08-23 13:52:41",202008239489,1,NULL,NULL
2497,"Remote Access",shubha,"2020-08-23 13:22:28",202008239488,1,NULL,NULL
2496,"Laptop battery",asraful.islam,"2020-08-20 16:30:41",202008209477,1,NULL,NULL
2495,"Taj mariot Door access down",asraful.islam,"2020-08-19 11:43:17",202008199466,1,NULL,NULL
2494,"New laptop configure for Kabir Hossaion ",asraful.islam,"2020-08-19 11:42:34",202008199465,1,NULL,NULL
2493,"Usage report for all laptop and accessories ",asraful.islam,"2020-08-18 13:32:39",202008189453,1,NULL,NULL
2492,"New laptop configure",asraful.islam,"2020-08-18 13:31:42",202008189452,1,NULL,NULL
2491,"New laptop configure",asraful.islam,"2020-08-18 13:30:36",202008189451,1,NULL,NULL
2490,"New laptop configure ",asraful.islam,"2020-08-18 13:30:02",202008189450,1,NULL,NULL
2489,"New laptop configure ",asraful.islam,"2020-08-18 13:29:31",202008189449,1,NULL,NULL
2488,"New laptop configure",asraful.islam,"2020-08-18 13:28:57",202008189448,1,NULL,NULL
2487,"New laptop configure ",asraful.islam,"2020-08-18 13:27:18",202008189447,1,NULL,NULL
2486,"New laptop configure ",asraful.islam,"2020-08-18 13:26:46",202008189446,1,NULL,NULL
2485,"New laptop configure ",asraful.islam,"2020-08-18 13:26:10",202008189445,1,NULL,NULL
2484,"Product inspection and collection ",asraful.islam,"2020-08-18 13:24:48",202008189444,1,NULL,NULL
2483,"3 Extra ID card entry and access",asraful.islam,"2020-08-18 13:24:06",202008189443,1,NULL,NULL
2482,"Display not open ",asraful.islam,"2020-08-18 13:23:27",202008189442,1,NULL,NULL
2481,"SCR problem",asraful.islam,"2020-08-18 13:21:31",202008189441,1,NULL,NULL
2480,"printer setup",asraful.islam,"2020-08-18 13:21:01",202008189440,1,NULL,NULL
2479,"Printer problem",asraful.islam,"2020-08-18 13:20:14",202008189439,1,NULL,NULL
2478,"Laptop outgoing speaker does not work",bishwajit.saha,"2020-08-17 19:39:13",202008179433,1,NULL,NULL
2477,"Laptop takes 20 minutes time to ON, battery not working, become too hot, may be hard disk problem, RAM required extra 4 GB cause",sajjad.amin,"2020-08-16 20:11:33",202008169425,1,NULL,NULL
2476,"New 4 Card entry and access",asraful.islam,"2020-08-12 16:50:53",202008129401,1,NULL,NULL
2475,"Access permission ",asraful.islam,"2020-08-12 16:49:59",202008129400,1,NULL,NULL
2474,"Access permission for 4 Extra card",asraful.islam,"2020-08-12 16:14:55",202008129397,1,NULL,NULL
2473,"ID card deactivation ",asraful.islam,"2020-08-12 16:14:10",202008129396,1,NULL,NULL
2472,"ID card deactivation",asraful.islam,"2020-08-12 16:12:51",202008129395,1,NULL,NULL
2471,"usage report ",asraful.islam,"2020-08-12 16:11:09",202008129394,1,NULL,NULL
2470,"mail for  Mallik Samir Tawfiq",asraful.islam,"2020-08-12 16:10:38",202008129393,1,NULL,NULL
2469,"LAN connection",asraful.islam,"2020-08-12 16:09:31",202008129392,1,NULL,NULL
2468,"printer setup",asraful.islam,"2020-08-12 16:08:51",202008129391,1,NULL,NULL
2467,"Mail and printer set up",asraful.islam,"2020-08-12 16:08:23",202008129390,1,NULL,NULL
2466,"New OS",asraful.islam,"2020-08-12 10:57:06",202008129383,1,NULL,NULL
2465,"Printer setup for HO 4th floor",asraful.islam,"2020-08-12 10:56:05",202008129382,1,NULL,NULL
2464,"Mehdi vai Personal PC have to make portable for out side use.",dilruba,"2020-08-03 02:25:35",202008039314,1,NULL,NULL
2463,"and main line UTP cable short, ",mofasser.ali,"2020-08-02 23:17:16",202008029313,1,NULL,NULL
2462,"Office Mail Locked.",neaj.morshed,"2020-07-29 16:29:43",202007299310,1,NULL,NULL
2461,"OSC related work",asraful.islam,"2020-07-28 11:20:05",202007289307,1,NULL,NULL
2460,"Printer setup",asraful.islam,"2020-07-28 11:19:10",202007289306,1,NULL,NULL
2459,"Virus related issue ",asraful.islam,"2020-07-28 11:18:16",202007289305,1,NULL,NULL
2458,"ID card deactivation",asraful.islam,"2020-07-28 11:17:21",202007289304,1,NULL,NULL
2457,"All laptop,TAB purchase related ",asraful.islam,"2020-07-22 19:30:59",202007229286,1,NULL,NULL
2456,"OSC reporting",asraful.islam,"2020-07-22 19:26:45",202007229285,1,NULL,NULL
2455,"PR, MR related work",asraful.islam,"2020-07-22 19:26:11",202007229284,1,NULL,NULL
2454,"Printer setup",asraful.islam,"2020-07-22 19:25:36",202007229283,1,NULL,NULL
2453,"Access block for 02-1668",asraful.islam,"2020-07-22 19:24:41",202007229282,1,NULL,NULL
2452,"Product collection from store",asraful.islam,"2020-07-22 19:21:40",202007229281,1,NULL,NULL
2451,"New Laptop configure",asraful.islam,"2020-07-22 19:17:13",202007229279,1,NULL,NULL
2450,"New laptop configure ",asraful.islam,"2020-07-22 19:16:09",202007229278,1,NULL,NULL
2449,"Printer page setup",asraful.islam,"2020-07-22 19:15:33",202007229277,1,NULL,NULL
2448,"PDF problem",asraful.islam,"2020-07-22 19:14:42",202007229276,1,NULL,NULL
2447,"Zoom Session",moinuddin,"2020-07-20 09:13:14",202007209253,1,NULL,NULL
2446,"Disk clean UP",asraful.islam,"2020-07-19 15:28:31",202007199251,1,NULL,NULL
2445,"User create ",asraful.islam,"2020-07-19 15:27:15",202007199250,1,NULL,NULL
2444,"On behalf of Swapon Kumar Biswas",asraful.islam,"2020-07-19 15:26:22",202007199249,1,NULL,NULL
2443,"Zoom Meeting",laila.siddika,"2020-07-19 15:15:11",202007199248,1,NULL,NULL
2442,"Windows Activation",ruhul.alam,"2020-07-15 15:41:07",202007159237,1,NULL,NULL
2441,"Unable to access NMC ground floor PC",shahriar.mustafa,"2020-07-15 13:41:08",202007159235,1,NULL,NULL
2440,"Microsoft Excel does not work properly",syed.sazzad,"2020-07-15 12:50:29",202007159233,1,NULL,NULL
2439,"Google Earth did not work.",forhad.bhuiyan,"2020-07-15 11:39:36",202007159230,1,NULL,NULL
2438,"PDF related issue",asraful.islam,"2020-07-14 14:44:55",202007149227,1,NULL,NULL
2437,"Out of office",asraful.islam,"2020-07-12 20:19:31",202007129209,1,NULL,NULL
2436,"Photocopier related work",asraful.islam,"2020-07-12 20:18:45",202007129208,1,NULL,NULL
2435,"windows activation ",asraful.islam,"2020-07-12 20:14:26",202007129204,1,NULL,NULL
2434,"Importance High",jaker,"2020-07-12 17:44:43",202007129203,1,NULL,NULL
2433,"Outlook Product activation failed",mithun.ghosh,"2020-07-12 17:42:47",202007129202,1,NULL,NULL
2432,"New laptop configure",asraful.islam,"2020-07-07 15:56:47",202007079161,1,NULL,NULL
2431,"New OS installation",asraful.islam,"2020-07-05 20:14:22",202007059153,1,NULL,NULL
2430,"Tally issue",asraful.islam,"2020-07-05 20:13:41",202007059152,1,NULL,NULL
2429,"IP phone installation",ekramul.amin,"2020-07-02 19:31:33",202007029138,1,NULL,NULL
2428,"Disk clean up",asraful.islam,"2020-07-02 12:31:42",202007029132,1,NULL,NULL
2427,"Printer setup",asraful.islam,"2020-06-29 15:18:24",202006299117,1,NULL,NULL
2426,"Windows problem",asraful.islam,"2020-06-29 15:17:51",202006299116,1,NULL,NULL
2425,"New 8 ID card entry and access",asraful.islam,"2020-06-29 13:32:15",202006299114,1,NULL,NULL
2424,"Windows problem",deloar.hossain,"2020-06-28 17:12:38",202006289108,1,NULL,NULL
2423,"IP phone install",uttam.kumar,"2020-06-27 10:58:34",202006279099,1,NULL,NULL
2422,"Laptop service  report related",asraful.islam,"2020-06-25 17:56:28",202006259094,1,NULL,NULL
2421,"Advance adjustment related ",asraful.islam,"2020-06-25 17:54:12",202006259092,1,NULL,NULL
2420,"Petty cash adjustment related ",asraful.islam,"2020-06-25 17:53:33",202006259091,1,NULL,NULL
2419,"Most important!",jaker,"2020-06-24 20:48:54",202006249081,1,NULL,NULL
2418,"Data copy and new windows installation",asraful.islam,"2020-06-24 16:28:45",202006249077,1,NULL,NULL
2417,"VPN issue",asraful.islam,"2020-06-22 18:55:59",202006229056,1,NULL,NULL
2416,"New windows for Home PC",asraful.islam,"2020-06-17 17:17:45",202006179035,1,NULL,NULL
2415,"Software and PC slow of office PC",asraful.islam,"2020-06-17 17:16:55",202006179034,1,NULL,NULL
2414,"Printer problem ",asraful.islam,"2020-06-17 17:15:47",202006179033,1,NULL,NULL
2413,"Tally server Issue.",asraful.islam,"2020-06-17 17:15:09",202006179032,1,NULL,NULL
2412,"HO front gate camera problem ",asraful.islam,"2020-06-17 17:13:30",202006179031,1,NULL,NULL
2411,"Taj camera problem",asraful.islam,"2020-06-17 17:12:41",202006179030,1,NULL,NULL
2410,"NMC server room camera problem",asraful.islam,"2020-06-17 17:11:50",202006179029,1,NULL,NULL
2409,"NMC GF door access problem",asraful.islam,"2020-06-17 17:11:07",202006179028,1,NULL,NULL
2408,"Laptop Battery and SSD",asraful.islam,"2020-06-17 17:06:42",202006179027,1,NULL,NULL
2407,"Laptop bag",amir.hamza,"2020-06-14 18:14:11",202006148995,1,NULL,NULL
2406,"Desktop very slow,windows problem,sentral not sign in,please support emergency.",amir.hamza,"2020-06-14 18:10:20",202006148994,1,NULL,NULL
2405,"Need Antivirus",neaj.morshed,"2020-06-14 17:48:26",202006148993,1,NULL,NULL
2404,"MS office problem",asraful.islam,"2020-06-10 11:11:51",202006108972,1,NULL,NULL
2403,"Revenue assurance new printer installation and inspection  ",asraful.islam,"2020-06-10 11:04:29",202006108971,1,NULL,NULL
2402,"New printer setup",asraful.islam,"2020-06-10 11:03:24",202006108970,1,NULL,NULL
2401,"New printer setup",asraful.islam,"2020-06-10 11:02:01",202006108969,1,NULL,NULL
2400,"Printer Ink problem",asraful.islam,"2020-06-10 11:00:42",202006108967,1,NULL,NULL
2399,"Laptop slow",asraful.islam,"2020-06-09 16:31:34",202006098962,1,NULL,NULL
2398,"Display and Mainboard Problem",samim.hossan,"2020-06-09 13:02:29",202006098958,1,NULL,NULL
2397,"Windown Activation ",arafat.nazmul,"2020-06-07 18:19:37",202006078940,1,NULL,NULL
2396,Critical,abdullahazad,"2020-06-06 23:35:19",202006068930,1,NULL,NULL
2395,"Laptop slow due to old OS.",uttam.kumar,"2020-06-04 18:49:47",202006048923,1,NULL,NULL
2394,"Desktop (S/N: 4CE8253GPC)",abdullahazad,"2020-06-04 17:53:11",202006048921,1,NULL,NULL
2393,"Desktop (S/N:75P7R42 )",abdullahazad,"2020-06-04 17:50:38",202006048920,1,NULL,NULL
2392,"Desktop (S/N: Clone PC)",abdullahazad,"2020-06-04 17:47:58",202006048919,1,NULL,NULL
2391,"Tally issue",asraful.islam,"2020-06-04 10:34:09",202006048915,1,NULL,NULL
2390,"software and virus related issue ",asraful.islam,"2020-06-04 10:30:54",202006048913,1,NULL,NULL
2389,"Google Earth Inslaiiation Required.",forhad.bhuiyan,"2020-06-03 12:24:02",202006038908,1,NULL,NULL
2388,"Windows activation",asraful.islam,"2020-06-02 17:52:04",202006028901,1,NULL,NULL
2387,"ID  card deactivation",asraful.islam,"2020-06-01 18:43:14",202006018896,1,NULL,NULL
2386,"ID card deactivation",asraful.islam,"2020-06-01 18:18:54",202006018895,1,NULL,NULL
2385,"windows license expire",amir.hamza,"2020-06-01 17:08:46",202006018894,1,NULL,NULL
2384,"Laptop display",asraful.islam,"2020-05-28 08:34:38",202005288876,1,NULL,NULL
2383,"Laptop Display",asraful.islam,"2020-05-28 08:33:00",202005288875,1,NULL,NULL
2382,"Laptop Configuration ",krishna,"2020-05-28 01:39:02",202005288874,1,NULL,NULL
2381,"Mouse is working Automatically",anayat.masum,"2020-05-20 09:34:59",202005208849,1,NULL,NULL
2380,"Mouse is working Automatically",anayat.masum,"2020-05-20 09:34:21",202005208848,1,NULL,NULL
2379,"Mouse is working Automatically",anayat.masum,"2020-05-20 09:34:02",202005208847,1,NULL,NULL
2378,"Mouse is working Automatically",anayat.masum,"2020-05-20 09:33:48",202005208846,1,NULL,NULL
2377,"Windows activation and troubleshooting ",tuzammal,"2020-05-17 12:28:46",202005178836,1,NULL,NULL
2376,"Tally and mail issue",asraful.islam,"2020-05-14 15:24:31",202005148829,1,NULL,NULL
2375,"PC to Printer Connection",sumon.saiful,"2020-05-13 16:21:11",202005138821,1,NULL,NULL
2374,"Zoom Meeting ",saulad.alvi,"2020-05-13 11:53:17",202005138820,1,NULL,NULL
2373,"Zoom Meeting ",saulad.alvi,"2020-05-13 11:48:01",202005138819,1,NULL,NULL
2372,"IP Printer not connect ",abuhasan.razvie,"2020-05-11 10:03:16",202005118809,1,NULL,NULL
2371,"Borwser, Antivirus,Scan folder related problem",golam.kibria,"2020-05-09 12:50:57",202005098794,1,NULL,NULL
2370,"Network monitoring and Switch down. ",asraful.islam,"2020-05-05 14:53:07",202005058771,1,NULL,NULL
2369,"Petty cash related work",asraful.islam,"2020-05-04 09:54:18",202005048751,1,NULL,NULL
2368,"Door access server related",asraful.islam,"2020-05-04 09:49:35",202005048750,1,NULL,NULL
2367,"Tally Issue",asraful.islam,"2020-05-04 09:48:52",202005048749,1,NULL,NULL
2366,"Access permission",asraful.islam,"2020-05-04 09:47:41",202005048747,1,NULL,NULL
2365,"1. Battary Backup very poor 2. Keyboard partially damage 3. Few software not working  ",abu.raihan,"2020-05-03 16:38:34",202005038745,1,NULL,NULL
2364,"Password change",iftha.alam,"2020-05-03 14:07:43",202005038736,1,NULL,NULL
2363,"No Backup, Hitting issue, Site broken & Slowe",probir,"2020-05-03 10:53:00",202005038723,1,NULL,NULL
2362,MR,asraful.islam,"2020-04-30 17:57:58",202004308705,1,NULL,NULL
2361,"Report analysis ",saulad.alvi,"2020-04-30 15:31:56",202004308703,1,NULL,NULL
2360,"Cisco Webex",shakil.khan,"2020-04-29 14:21:25",202004298698,1,NULL,NULL
2359,"For Md. Muktadir ",asraful.islam,"2020-04-27 10:40:14",202004278686,1,NULL,NULL
2358,"Flash Plyer",abusayed,"2020-04-26 19:42:23",202004268683,1,NULL,NULL
2357,"PDF issue",shakil.khan,"2020-04-23 15:29:29",202004238675,1,NULL,NULL
2356,"Rest password ",syed.sazzad,"2020-04-22 12:43:50",202004228668,1,NULL,NULL
2355,"Lost File",shakil.khan,"2020-04-21 18:18:59",202004218662,1,NULL,NULL
2354,"Outlook problem",asraful.islam,"2020-04-21 18:01:44",202004218660,1,NULL,NULL
2353,"Office and windows activation",asraful.islam,"2020-04-20 17:21:41",202004208656,1,NULL,NULL
2352,"IT inventory purchase related documentation ",asraful.islam,"2020-04-20 17:05:00",202004208655,1,NULL,NULL
2351,"VPN related issue",asraful.islam,"2020-04-19 17:51:51",202004198651,1,NULL,NULL
2350,"LAPTOP user pass issue",shadman,"2020-04-17 23:29:29",202004178639,1,NULL,NULL
2349,"access permission",asraful.islam,"2020-04-16 17:42:47",202004168634,1,NULL,NULL
2348,"News related work",asraful.islam,"2020-04-15 12:04:28",202004158575,1,NULL,NULL
2347,"VPN connection setup",moniruzzaman,"2020-04-09 14:19:26",202004098558,1,NULL,NULL
2346,"NMC printer problem",asraful.islam,"2020-04-06 15:27:05",202004068545,1,NULL,NULL
2345,"Window start button not functioning",minhaz.uddin,"2020-04-06 00:55:48",202004068540,1,NULL,NULL
2344,"VPN related problem solving",asraful.islam,"2020-04-05 14:11:03",202004058536,1,NULL,NULL
2343,"NMC server room camera down",asraful.islam,"2020-04-01 12:08:07",202004018526,1,NULL,NULL
2342,"VPN related problem",asraful.islam,"2020-04-01 12:07:23",202004018525,1,NULL,NULL
2341,"OS faulty and data recovery",asraful.islam,"2020-04-01 12:06:41",202004018524,1,NULL,NULL
2340,"VPN connection setup",asraful.islam,"2020-03-25 17:41:39",202003258516,1,NULL,NULL
2339,"New Laptop configure and VPN connection setup",asraful.islam,"2020-03-24 15:45:10",202003248488,1,NULL,NULL
2338,"Taj printer problem",asraful.islam,"2020-03-24 13:31:35",202003248483,1,NULL,NULL
2337,"VPN connection",syed.sazzad,"2020-03-24 12:18:03",202003248479,1,NULL,NULL
2336,"VPN connection setup",asraful.islam,"2020-03-24 10:33:17",202003248475,1,NULL,NULL
2335,"VPN connection",asraful.islam,"2020-03-24 10:17:50",202003248474,1,NULL,NULL
2334,"IIG door access LAN connection problem",asraful.islam,"2020-03-24 09:23:39",202003248472,1,NULL,NULL
2333,VPN,shakil.khan,"2020-03-23 14:56:42",202003238444,1,NULL,NULL
2332,"New 10 ID card entry and access",asraful.islam,"2020-03-23 12:57:18",202003238440,1,NULL,NULL
2331,CPU,asraful.islam,"2020-03-22 17:44:58",202003228427,1,NULL,NULL
2330,"New 2 ID card entry and access",asraful.islam,"2020-03-22 15:39:32",202003228422,1,NULL,NULL
2329,"IP Extension/ SIP Details requirement",sajjad.amin,"2020-03-22 13:06:54",202003228413,1,NULL,NULL
2328,"Temporarily One CPU assignmnet for NOC Engineer Md. Samiul Islam",mamun.roshid,"2020-03-22 12:27:14",202003228407,1,NULL,NULL
2327,"Usage report",asraful.islam,"2020-03-18 17:46:55",202003188371,1,NULL,NULL
2326,"New 10 ID card entry and ",asraful.islam,"2020-03-18 11:26:22",202003188360,1,NULL,NULL
2325,"SSD installation",asraful.islam,"2020-03-12 15:39:50",202003128329,1,NULL,NULL
2324,"New OS installation and data backup",asraful.islam,"2020-03-12 15:39:25",202003128328,1,NULL,NULL
2323,"5 ID card Deactivation",asraful.islam,"2020-03-12 15:26:57",202003128327,1,NULL,NULL
2322,"New ID card entry and access",asraful.islam,"2020-03-12 14:02:42",202003128325,1,NULL,NULL
2321,"Printer problem",asraful.islam,"2020-03-12 10:46:02",202003128313,1,NULL,NULL
2320,"Access permission",asraful.islam,"2020-03-12 10:45:04",202003128311,1,NULL,NULL
2319,"New OS installation",asraful.islam,"2020-03-11 10:39:39",202003118288,1,NULL,NULL
2318,"OUT of Office work ",asraful.islam,"2020-03-11 10:37:12",202003118286,1,NULL,NULL
2317,"NMC GF NOC motoring  system related work",asraful.islam,"2020-03-11 10:36:07",202003118285,1,NULL,NULL
2316,"New OS installation",asraful.islam,"2020-03-11 10:35:16",202003118284,1,NULL,NULL
2315,"Usage report",asraful.islam,"2020-03-11 10:34:47",202003118283,1,NULL,NULL
2314,"Out of office ",asraful.islam,"2020-03-11 10:34:05",202003118282,1,NULL,NULL
2313,"Store related work",asraful.islam,"2020-03-11 10:33:06",202003118281,1,NULL,NULL
2312,"LAN cable connector loose",saifullah,"2020-03-08 11:39:21",202003088256,1,NULL,NULL
2311,"Outlook webmail setting ",hasanali,"2020-03-04 17:59:24",202003048231,1,NULL,NULL
2310,"Access permission for Hasan Uz Zaman",asraful.islam,"2020-03-04 13:10:02",202003048228,1,NULL,NULL
2309,"HO 1st floor printer ink problem",asraful.islam,"2020-03-04 12:41:42",202003048227,1,NULL,NULL
2308,"IIG door access LAN connection problem ",asraful.islam,"2020-03-03 16:14:39",202003038221,1,NULL,NULL
2307,"ID card deactivation",asraful.islam,"2020-03-03 12:42:42",202003038218,1,NULL,NULL
2306,"MR ",asraful.islam,"2020-03-03 12:31:34",202003038217,1,NULL,NULL
2305,"Laptop configure ",asraful.islam,"2020-03-03 10:23:46",202003038215,1,NULL,NULL
2304,"Usage report",asraful.islam,"2020-03-03 10:23:11",202003038214,1,NULL,NULL
2303,"Printer setup",asraful.islam,"2020-03-03 10:22:08",202003038213,1,NULL,NULL
2302,"Store related work",asraful.islam,"2020-03-03 10:21:17",202003038212,1,NULL,NULL
2301,"Chairman sir door access LAN connection problem ",asraful.islam,"2020-03-03 10:20:42",202003038211,1,NULL,NULL
2300,"Display Issue",asraful.islam,"2020-03-03 10:19:55",202003038210,1,NULL,NULL
2299,"Petty cash adjustment ",asraful.islam,"2020-03-03 10:19:05",202003038209,1,NULL,NULL
2298,"New PC configure for Laila siddika",asraful.islam,"2020-03-03 10:18:37",202003038208,1,NULL,NULL
2297,"New PC configure",asraful.islam,"2020-03-03 10:17:34",202003038207,1,NULL,NULL
2296,"New RAM installation",asraful.islam,"2020-03-01 16:20:31",202003018191,1,NULL,NULL
2295,"Printer connection 3rd floor(HO)",hasanali,"2020-02-25 17:52:55",202002258160,1,NULL,NULL
2294,"Printer connection 3rd floor(HO)",hasanali,"2020-02-25 17:52:38",202002258159,1,NULL,NULL
2293,"out of office",asraful.islam,"2020-02-20 16:08:17",202002208113,1,NULL,NULL
2292,"Product collection from store",asraful.islam,"2020-02-20 16:07:45",202002208112,1,NULL,NULL
2291,"PR MR related work",asraful.islam,"2020-02-20 16:07:17",202002208111,1,NULL,NULL
2290,"Petty cash related work",asraful.islam,"2020-02-20 16:06:53",202002208110,1,NULL,NULL
2289,"Printer setup",asraful.islam,"2020-02-20 16:06:27",202002208109,1,NULL,NULL
2288,"New Monitor installation",asraful.islam,"2020-02-20 16:06:04",202002208108,1,NULL,NULL
2287,"ID card deactivation ",asraful.islam,"2020-02-18 18:26:09",202002188092,1,NULL,NULL
2286,"New laptop configure",asraful.islam,"2020-02-18 18:09:45",202002188091,1,NULL,NULL
2285,"Camera related work ",asraful.islam,"2020-02-18 18:08:52",202002188089,1,NULL,NULL
2284,"Printer Ink",rubaiyat,"2020-02-18 13:51:28",202002188083,1,NULL,NULL
2283,"New Laptop configure",asraful.islam,"2020-02-16 13:38:50",202002168052,1,NULL,NULL
2282,"New Laptop configure for Nazmul Alam",asraful.islam,"2020-02-16 13:37:59",202002168051,1,NULL,NULL
2281,"NOC new PC configure",asraful.islam,"2020-02-16 13:36:42",202002168050,1,NULL,NULL
2280,"Usage report generation",asraful.islam,"2020-02-16 13:35:58",202002168049,1,NULL,NULL
2279,"MKT door problem ",asraful.islam,"2020-02-16 13:35:11",202002168048,1,NULL,NULL
2278,"Printer setup",asraful.islam,"2020-02-16 13:34:42",202002168047,1,NULL,NULL
2277,"Printer related problem",asraful.islam,"2020-02-16 13:34:05",202002168046,1,NULL,NULL
2276,"Printer related problem",asraful.islam,"2020-02-16 13:33:28",202002168045,1,NULL,NULL
2275,"printer setup for Md. Raisul Islam",asraful.islam,"2020-02-16 13:32:45",202002168044,1,NULL,NULL
2274,"mail configure for SK Islamul Haque",asraful.islam,"2020-02-16 13:31:52",202002168043,1,NULL,NULL
2273,"Store related work",asraful.islam,"2020-02-16 13:29:19",202002168042,1,NULL,NULL
2272,"PS does not take shut down",ullah.kabir,"2020-02-12 15:14:55",202002128029,1,NULL,NULL
2271,"PC very slow, Need to incress RAM",mh.kabir,"2020-02-12 12:10:06",202002128023,1,NULL,NULL
2270,"New 6 ID card entry and access",asraful.islam,"2020-02-11 18:15:00",202002118020,1,NULL,NULL
2269,"ID card deactivation",asraful.islam,"2020-02-11 17:07:12",202002118017,1,NULL,NULL
2268,"all purchase related TT list",asraful.islam,"2020-02-11 16:58:07",202002118016,1,NULL,NULL
2267,"Usage report ",asraful.islam,"2020-02-11 16:57:35",202002118015,1,NULL,NULL
2266,"Store related work",asraful.islam,"2020-02-11 16:56:39",202002118014,1,NULL,NULL
2265,"RAM Installation",asraful.islam,"2020-02-11 16:55:31",202002118012,1,NULL,NULL
2264,"RAM Installation",asraful.islam,"2020-02-11 16:55:05",202002118011,1,NULL,NULL
2263,"LAN card",asraful.islam,"2020-02-11 16:51:01",202002118010,1,NULL,NULL
2262,"IP Phone issue",ahammed.abir,"2020-02-11 16:10:54",202002118007,1,NULL,NULL
2261,"Need password for my  2702 Extension.",abu.raihan,"2020-02-10 22:36:55",202002108002,1,NULL,NULL
2260,"Store related work ",asraful.islam,"2020-02-10 17:32:32",202002108001,1,NULL,NULL
2259,"New 11 ID card entry and access",asraful.islam,"2020-02-10 17:14:14",202002107999,1,NULL,NULL
2258,"Printer issue too",ahammed.abir,"2020-02-10 15:11:35",202002107992,1,NULL,NULL
2257,"Nazmul Raihan",sanchita,"2020-02-10 13:12:46",202002107989,1,NULL,NULL
2256,"PDF related work",asraful.islam,"2020-02-10 13:04:30",202002107988,1,NULL,NULL
2255,"Petty cash adjustment",asraful.islam,"2020-02-10 13:03:36",202002107987,1,NULL,NULL
2254,"Out of office ",asraful.islam,"2020-02-10 13:03:13",202002107986,1,NULL,NULL
2253,"New 3 ID card entry and access",asraful.islam,"2020-02-09 15:28:06",202002097974,1,NULL,NULL
2252,"IP Phone password (2801)",madhab.shil,"2020-02-05 17:19:08",202002057962,1,NULL,NULL
2251,"ID card deactivation",asraful.islam,"2020-02-03 16:04:17",202002037948,1,NULL,NULL
2250,"Store related work",asraful.islam,"2020-02-03 13:28:25",202002037945,1,NULL,NULL
2249,"Outlook and Phone mail,VPN configure",asraful.islam,"2020-02-03 13:27:03",202002037942,1,NULL,NULL
2248,"NMC 2nd photocopier problem",asraful.islam,"2020-02-03 10:32:44",202002037938,1,NULL,NULL
2247,"Scanner  setup  ",asraful.islam,"2020-02-02 10:00:54",202002027920,1,NULL,NULL
2246,"Excel problem for DMO head  ",asraful.islam,"2020-01-29 10:55:07",202001297903,1,NULL,NULL
2245,"Monitor problem",asraful.islam,"2020-01-29 10:53:41",202001297902,1,NULL,NULL
2244,"OS problem",asraful.islam,"2020-01-29 10:52:47",202001297901,1,NULL,NULL
2243,"PR process",asraful.islam,"2020-01-29 10:45:21",202001297900,1,NULL,NULL
2242,"User information",asraful.islam,"2020-01-26 18:28:47",202001267877,1,NULL,NULL
2241,"Store related work",asraful.islam,"2020-01-26 16:40:32",202001267875,1,NULL,NULL
2240,"New Toner installation",asraful.islam,"2020-01-26 16:39:23",202001267874,1,NULL,NULL
2239,"Printer Setup",chinmoy.biswas,"2020-01-26 13:56:17",202001267872,1,NULL,NULL
2238,"Need to install MS Office",shafath,"2020-01-23 18:02:02",202001237867,1,NULL,NULL
2237,"HDD & RAM Issue",israr,"2020-01-22 10:11:18",202001227849,1,NULL,NULL
2236,"PR process",asraful.islam,"2020-01-21 17:01:28",202001217848,1,NULL,NULL
2235,"All PR document related work",asraful.islam,"2020-01-21 17:00:40",202001217847,1,NULL,NULL
2234,"IP Phone Power Adapter Malfunction",saifullah,"2020-01-21 10:09:01",202001217838,1,NULL,NULL
2233,"Touch pad Problem ",asraful.islam,"2020-01-20 18:27:54",202001207837,1,NULL,NULL
2232,"Out of office",asraful.islam,"2020-01-20 17:14:35",202001207834,1,NULL,NULL
2231,"Store related work",asraful.islam,"2020-01-20 17:12:56",202001207832,1,NULL,NULL
2230,"PR and MR related work",asraful.islam,"2020-01-20 17:12:09",202001207831,1,NULL,NULL
2229,SSD,asraful.islam,"2020-01-20 17:11:09",202001207830,1,NULL,NULL
2228,"Data transfer",asraful.islam,"2020-01-16 14:59:26",202001167808,1,NULL,NULL
2227,"New 9 ID card entry and access",asraful.islam,"2020-01-16 14:57:28",202001167807,1,NULL,NULL
2226,"Laptop hardware and windows problem ",asraful.islam,"2020-01-16 13:56:00",202001167805,1,NULL,NULL
2225,"New 14 ID card entry and access",asraful.islam,"2020-01-15 18:04:12",202001157791,1,NULL,NULL
2224,"Store related work",asraful.islam,"2020-01-15 18:03:12",202001157790,1,NULL,NULL
2223,"All pending PR document related work",asraful.islam,"2020-01-15 18:02:36",202001157789,1,NULL,NULL
2222,"PR Process",asraful.islam,"2020-01-15 18:01:38",202001157788,1,NULL,NULL
2221,"New OS installation",asraful.islam,"2020-01-15 18:01:12",202001157787,1,NULL,NULL
2220,"Laptop New Batter",faruque.zaman,"2020-01-15 11:54:45",202001157785,1,NULL,NULL
2219,"NMC GF camera problem",asraful.islam,"2020-01-14 15:47:16",202001147781,1,NULL,NULL
2218,"Printer Ink  problem",asraful.islam,"2020-01-14 15:46:31",202001147780,1,NULL,NULL
2217,"Scanner problem",asraful.islam,"2020-01-14 15:45:43",202001147779,1,NULL,NULL
2216,"Printer setup",asraful.islam,"2020-01-14 15:45:12",202001147778,1,NULL,NULL
2215,"Printer setup",asraful.islam,"2020-01-14 15:43:26",202001147777,1,NULL,NULL
2214,"HO 1st floor photocopier IP conflict issue",asraful.islam,"2020-01-13 17:59:47",202001137773,1,NULL,NULL
2213,"PR , MR ",asraful.islam,"2020-01-13 17:56:55",202001137770,1,NULL,NULL
2212,"CAT Cable ",abdul.matin,"2020-01-13 11:44:18",202001137764,1,NULL,NULL
2211,"Mouse touch pad problem",asraful.islam,"2020-01-12 16:17:51",202001127757,1,NULL,NULL
2210,"Desk shifting of Chinmoy, Nasir vai, Jalal vai, Tripty Didi",chinmoy.biswas,"2020-01-09 15:05:58",202001097747,1,NULL,NULL
2209,"5 ID card deactivation",asraful.islam,"2020-01-09 12:54:31",202001097743,1,NULL,NULL
2208,"PR process",asraful.islam,"2020-01-09 11:22:48",202001097739,1,NULL,NULL
2207,"PR process ",asraful.islam,"2020-01-09 09:48:09",202001097729,1,NULL,NULL
2206,"ID card deactivation for 9 users",asraful.islam,"2020-01-09 09:47:26",202001097728,1,NULL,NULL
2205,"Out of office",asraful.islam,"2020-01-09 09:45:40",202001097727,1,NULL,NULL
2204,"All CO RO communication ",asraful.islam,"2020-01-09 09:44:44",202001097726,1,NULL,NULL
2203,"Video conference related work ",asraful.islam,"2020-01-09 09:43:51",202001097725,1,NULL,NULL
2202,"Out of office",asraful.islam,"2020-01-09 09:42:29",202001097724,1,NULL,NULL
2201,"Laptop support for Auditor of BTL",krishna,"2020-01-08 18:39:48",202001087723,1,NULL,NULL
2200,"Ethernet cable connector problem",saifullah,"2020-01-07 10:00:43",202001077711,1,NULL,NULL
2199,"Office station change",krishna,"2020-01-06 19:07:50",202001067708,1,NULL,NULL
2198,"Conference and device related work",asraful.islam,"2020-01-02 17:10:46",202001027689,1,NULL,NULL
2197,"HO MKT printer reset",asraful.islam,"2020-01-02 17:08:23",202001027688,1,NULL,NULL
2196,"Usage report",asraful.islam,"2020-01-02 17:07:11",202001027687,1,NULL,NULL
2195,"PR MR",asraful.islam,"2020-01-02 17:06:35",202001027686,1,NULL,NULL
2194,"Printer toner",asraful.islam,"2020-01-01 13:45:23",202001017673,1,NULL,NULL
2193,"Access permission for extra card",asraful.islam,"2020-01-01 12:46:33",202001017672,1,NULL,NULL
2192,"Test Query Type",sazzad.hossain,"2020-01-01 12:09:49",202001017669,1,NULL,NULL
2191,"windows license issue",probir,"2019-12-31 21:00:38",201912317659,1,NULL,NULL
2190,"New IP phone (soft)",chinmoy.biswas,"2019-12-31 16:30:28",201912317658,1,NULL,NULL
2189,"Laptop cooling Fan faulty",a.azad,"2019-12-31 10:38:56",201912317653,1,NULL,NULL
2188,"New Laptop configure  for Shohag ",asraful.islam,"2019-12-30 16:01:25",201912307651,1,NULL,NULL
2187,"Laptop Warranty issue",asraful.islam,"2019-12-29 11:57:52",201912297634,1,NULL,NULL
2186,"ZOOM purchase",shakil.khan,"2019-12-29 11:52:10",201912297632,1,NULL,NULL
2185,"Laptop Transfer",shakil.khan,"2019-12-29 11:50:19",201912297631,1,NULL,NULL
2184,"Printer Transfer",shakil.khan,"2019-12-29 11:47:19",201912297630,1,NULL,NULL
2183,"Windows activation",shishir,"2019-12-26 17:46:33",201912267629,1,NULL,NULL
2182,"Graphics Card",rokaiya.siddika,"2019-12-24 17:24:02",201912247622,1,NULL,NULL
2181,"Personal SSD Installation",lutful.kabir,"2019-12-24 16:09:24",201912247621,1,NULL,NULL
2180,"Server LAN connection",saulad.alvi,"2019-12-24 15:37:44",201912247615,1,NULL,NULL
2179,"SSD for laptop",muztahid,"2019-12-24 15:35:46",201912247614,1,NULL,NULL
2178,"Console Cable",abusayed,"2019-12-24 15:11:18",201912247611,1,NULL,NULL
2177,"All WiFi database update",asraful.islam,"2019-12-24 13:59:49",201912247609,1,NULL,NULL
2176,"NMC 2nd floor WiFi reset and configure ",asraful.islam,"2019-12-24 13:59:10",201912247608,1,NULL,NULL
2175,"HO all Wi-Fi checking ",asraful.islam,"2019-12-24 09:26:02",201912247603,1,NULL,NULL
2174,"PR, MR ",asraful.islam,"2019-12-24 09:25:24",201912247602,1,NULL,NULL
2173,"Store related work",asraful.islam,"2019-12-24 09:24:53",201912247601,1,NULL,NULL
2172,"Laptop Screen become freedge during office hour",sumon.hossain,"2019-12-23 17:58:41",201912237597,1,NULL,NULL
2171,"Laptop  fan dust cleanup ",muztahid,"2019-12-23 14:02:58",201912237595,1,NULL,NULL
2170,"Document and PR process",asraful.islam,"2019-12-22 15:47:08",201912227589,1,NULL,NULL
2169,"Laptop New OS and software installation ",asraful.islam,"2019-12-22 15:40:19",201912227588,1,NULL,NULL
2168,"went to shafipur store for camera purpose",asraful.islam,"2019-12-22 13:05:40",201912227582,1,NULL,NULL
2167,"Laptop perform slow",mashhur,"2019-12-19 17:59:11",201912197577,1,NULL,NULL
2166,"UTP Cable with connector",shuvo,"2019-12-19 11:48:23",201912197563,1,NULL,NULL
2165,"Printing problem",asraful.islam,"2019-12-18 17:21:32",201912187561,1,NULL,NULL
2164,"Taj mariot photocopier problem",asraful.islam,"2019-12-18 17:18:14",201912187560,1,NULL,NULL
2163,"NMC Photocopier problem",asraful.islam,"2019-12-18 17:17:23",201912187559,1,NULL,NULL
2162,NVR,saulad.alvi,"2019-12-18 17:16:38",201912187557,1,NULL,NULL
2161,"Windows and MS office activation",asraful.islam,"2019-12-18 17:16:28",201912187556,1,NULL,NULL
2160,"Meeting with line manager for all pending issue",asraful.islam,"2019-12-18 17:14:21",201912187549,1,NULL,NULL
2159,"All TT sorting and listed for Purchase issue",asraful.islam,"2019-12-18 17:13:25",201912187548,1,NULL,NULL
2158,"PR process",asraful.islam,"2019-12-18 17:11:40",201912187545,1,NULL,NULL
2157,"power problem ",uttam.kumar,"2019-12-18 11:19:07",201912187542,1,NULL,NULL
2156,"New PC configure for Hasan-Uz-Zaman Ashik",asraful.islam,"2019-12-17 18:13:57",201912177540,1,NULL,NULL
2155,"Laptop display problem",hasan,"2019-12-16 16:03:21",201912167535,1,NULL,NULL
2154,"2 new Desktop",chinmoy.biswas,"2019-12-15 18:11:17",201912157534,1,NULL,NULL
2153,"02 New Desktop for 2nd level support",chinmoy.biswas,"2019-12-15 18:09:02",201912157533,1,NULL,NULL
2152,"Laptop required. ",jasim.gazi,"2019-12-15 11:59:40",201912157523,1,NULL,NULL
2151,"Mail configure for mostaque ahmed",asraful.islam,"2019-12-15 09:40:21",201912157520,1,NULL,NULL
2150,"RJ-45 LAN port problem",mmizanur,"2019-12-12 19:08:53",201912127519,1,NULL,NULL
2149,"Need IP extension",amir.hamza,"2019-12-11 09:28:40",201912117508,1,NULL,NULL
2148,"PC warranty issue",asraful.islam,"2019-12-10 15:20:23",201912107505,1,NULL,NULL
2147,"Printer database related work",asraful.islam,"2019-12-10 15:19:41",201912107504,1,NULL,NULL
2146,"Access problem",asraful.islam,"2019-12-10 15:18:01",201912107502,1,NULL,NULL
2145,"16 New ID card entry and access",asraful.islam,"2019-12-10 15:16:23",201912107501,1,NULL,NULL
2144,"Connect Muster room LAN connection problem",asraful.islam,"2019-12-10 14:34:48",201912107499,1,NULL,NULL
2143,"IT room LAN connection problem ",asraful.islam,"2019-12-10 14:34:04",201912107498,1,NULL,NULL
2142,"outlook not working  ",faruque.hossen,"2019-12-10 12:25:25",201912107491,1,NULL,NULL
2141,"CPU Problem ",fahad.binsaymon,"2019-12-09 13:05:14",201912097481,1,NULL,NULL
2140,"New laptop",arif,"2019-12-08 14:19:13",201912087474,1,NULL,NULL
2139,"Laptop keyboard",forhad,"2019-12-08 10:43:05",201912087472,1,NULL,NULL
2138,"Hard disk crash",asraful.islam,"2019-12-05 17:52:02",201912057464,1,NULL,NULL
2137,"Data recover and new OS",minhaz.uddin,"2019-12-05 17:44:55",201912057463,1,NULL,NULL
2136,"Laptop Low Performance",sabbir.rahman,"2019-12-05 11:56:50",201912057459,1,NULL,NULL
2135,Laptop,taifur,"2019-12-04 11:33:45",201912047449,1,NULL,NULL
2134,"Data recovery and new OS",asraful.islam,"2019-12-04 11:03:25",201912047447,1,NULL,NULL
2133,"faulty PC replacement needed",mamun.roshid,"2019-11-28 18:03:10",201911287418,1,NULL,NULL
2132,Headphone,amitabh,"2019-11-28 17:01:55",201911287414,1,NULL,NULL
2131,"Laptop for new joiners",noorsat.alam,"2019-11-27 12:25:50",201911277405,1,NULL,NULL
2130,"Need a laptop",mh.kabir,"2019-11-26 16:57:35",201911267399,1,NULL,NULL
2129,"Need a laptop",mh.kabir,"2019-11-26 16:54:51",201911267398,1,NULL,NULL
2128,"Laptop Display Problem",asraful.islam,"2019-11-20 15:48:11",201911207364,1,NULL,NULL
2127,"ID card deactivation ",asraful.islam,"2019-11-20 12:54:47",201911207363,1,NULL,NULL
2126,"MOTHER BOARD PROBLEM",asraful.islam,"2019-11-20 11:46:12",201911207362,1,NULL,NULL
2125,"PR, MR ",asraful.islam,"2019-11-20 10:36:03",201911207361,1,NULL,NULL
2124,"1. Microsoft Word & Excel downloan file not open & Scener Setting",bishwajit.saha,"2019-11-19 14:08:08",201911197353,1,NULL,NULL
2123,Outlook.,quamrul,"2019-11-17 14:28:08",201911177334,1,NULL,NULL
2122,"Printing problem",asraful.islam,"2019-11-17 13:44:03",201911177331,1,NULL,NULL
2121,MR,asraful.islam,"2019-11-13 17:16:20",201911137313,1,NULL,NULL
2120,"Store related work  ",asraful.islam,"2019-11-13 16:32:18",201911137310,1,NULL,NULL
2119,"Printer setup",asraful.islam,"2019-11-13 16:11:37",201911137307,1,NULL,NULL
2118,"Windows activation and defender update",hasan.wasim,"2019-11-13 13:29:38",201911137305,1,NULL,NULL
2117,"Laptop for new joiner",noorsat.alam,"2019-11-12 15:41:49",201911127291,1,NULL,NULL
2116,"PR related work",asraful.islam,"2019-11-11 14:31:48",201911117279,1,NULL,NULL
2115,"Petty cash adjustment",asraful.islam,"2019-11-11 14:31:23",201911117278,1,NULL,NULL
2114,"New 18 ID card entry and access ",asraful.islam,"2019-11-11 14:28:42",201911117276,1,NULL,NULL
2113,"Access permission ",asraful.islam,"2019-11-11 14:28:01",201911117275,1,NULL,NULL
2112,"ID cared deactivation",asraful.islam,"2019-11-11 14:25:44",201911117274,1,NULL,NULL
2111,"Low disk space in drive C",barakat,"2019-11-06 13:39:51",201911067257,1,NULL,NULL
2110,"Attendence Report Not showing issue",m.rahman,"2019-11-06 10:32:16",201911067254,1,NULL,NULL
2109,"New Computer Requisition ",mahmudur,"2019-11-04 16:20:42",201911047240,1,NULL,NULL
2108,"PC not opening",nasirul,"2019-11-04 10:03:28",201911047232,1,NULL,NULL
2107,"IT data base related work",asraful.islam,"2019-11-03 11:26:39",201911037226,1,NULL,NULL
2106,"SSD and RAM ",asraful.islam,"2019-11-03 11:22:44",201911037225,1,NULL,NULL
2105,"Printer problem",asraful.islam,"2019-11-03 11:22:10",201911037224,1,NULL,NULL
2104,"Usage report ",asraful.islam,"2019-11-03 11:21:11",201911037223,1,NULL,NULL
2103,"PR,MR and product collection dorm store",asraful.islam,"2019-11-03 11:20:38",201911037222,1,NULL,NULL
2102,"Dhanmondi CC camera related work",asraful.islam,"2019-11-03 11:19:36",201911037221,1,NULL,NULL
2101,"Desk shift",asraful.islam,"2019-11-03 11:17:28",201911037220,1,NULL,NULL
2100,"SSD Harddisk",saifullah,"2019-10-31 14:39:04",201910317214,1,NULL,NULL
2099,"Windows Activation",mithun.ghosh,"2019-10-30 12:12:50",201910307208,1,NULL,NULL
2098,"Printer Power/ Power button problem.",smsumon,"2019-10-28 10:07:54",201910287195,1,NULL,NULL
2097,"SCANNER SET UP",al.amin,"2019-10-23 15:14:54",201910237169,1,NULL,NULL
2096,"Banlga soft installation",al.amin,"2019-10-23 15:13:06",201910237168,1,NULL,NULL
2095,"ID cared deactivation ",asraful.islam,"2019-10-23 12:34:06",201910237167,1,NULL,NULL
2094,"Laptop Display",limon.miah,"2019-10-23 11:01:08",201910237165,1,NULL,NULL
2093,"WiFi problem ",asraful.islam,"2019-10-22 12:37:25",201910227157,1,NULL,NULL
2092,"New OS installation ",asraful.islam,"2019-10-22 12:36:49",201910227156,1,NULL,NULL
2091,"New OS installation",asraful.islam,"2019-10-22 12:36:11",201910227155,1,NULL,NULL
2090,"Material Inspection",asraful.islam,"2019-10-22 12:35:33",201910227154,1,NULL,NULL
2089,"Windows activation",asraful.islam,"2019-10-22 12:32:47",201910227152,1,NULL,NULL
2088,"Outlook issue ",asraful.islam,"2019-10-22 12:31:44",201910227151,1,NULL,NULL
2087,Mouse,asraful.islam,"2019-10-22 12:30:26",201910227150,1,NULL,NULL
2086,"Petty cash adjustment",asraful.islam,"2019-10-22 11:44:44",201910227145,1,NULL,NULL
2085,"Out of office ",asraful.islam,"2019-10-22 11:44:17",201910227144,1,NULL,NULL
2084,"NOC monitor problem ",asraful.islam,"2019-10-22 11:40:46",201910227143,1,NULL,NULL
2083,"Access problem",asraful.islam,"2019-10-22 11:40:02",201910227142,1,NULL,NULL
2082,"ID card deactivation",asraful.islam,"2019-10-22 11:39:32",201910227141,1,NULL,NULL
2081,"PR MR related issue",asraful.islam,"2019-10-22 11:37:07",201910227137,1,NULL,NULL
2080,"Laptop configure ",asraful.islam,"2019-10-22 11:31:24",201910227134,1,NULL,NULL
2079,"Shafipur IPS installation",asraful.islam,"2019-10-22 11:30:31",201910227133,1,NULL,NULL
2078,"Laptop Windows Problem",ariful.hasan,"2019-10-21 09:36:31",201910217111,1,NULL,NULL
2077,"Auto mail generate.",sumit,"2019-10-15 10:46:30",201910157078,1,NULL,NULL
2076,"PC hang. net slow",tripti.biswas,"2019-10-15 09:30:08",201910157076,1,NULL,NULL
2075,"ID card deactivation",asraful.islam,"2019-10-14 13:33:21",201910147068,1,NULL,NULL
2074,"see admin passward and usb port problem",amir.hamza,"2019-10-09 09:49:21",201910097044,1,NULL,NULL
2073,"TT Closing Issue",kabir.sikder,"2019-10-07 14:04:50",201910077042,1,NULL,NULL
2072,"Laptop Bag",amir.hamza,"2019-10-06 13:39:06",201910067031,1,NULL,NULL
2071,"Outlook not open ",syed.majaharul,"2019-10-06 13:14:21",201910067030,1,NULL,NULL
2070,Keyboard,hasan.masud,"2019-10-05 14:37:53",201910057025,1,NULL,NULL
2069,"Laptop handover",mohidul.morshed,"2019-10-02 12:54:14",201910027017,1,NULL,NULL
2068,"New Join BTL.You need to set up a desktop PC. ",quamrul,"2019-10-01 10:46:28",201910017007,1,NULL,NULL
2067,"Tacacs Server Problem",saifullah,"2019-09-30 16:04:41",201909307001,1,NULL,NULL
2066,"Out of office to Motijheel new Office",asraful.islam,"2019-09-26 13:56:57",201909266978,1,NULL,NULL
2065,"Out of office to Multiplan center ",asraful.islam,"2019-09-26 13:55:40",201909266977,1,NULL,NULL
2064,"Require Laptop handover/Takeover form",muhammad.ali,"2019-09-25 20:27:37",201909256974,1,NULL,NULL
2063,"Require Laptop handover/takeover form",muhammad.ali,"2019-09-25 20:17:11",201909256973,1,NULL,NULL
2062,"Not charging Laptop from mother board , Charger & Battery found ok",samim.hossan,"2019-09-25 11:11:23",201909256963,1,NULL,NULL
2061,"Windows activation",asraful.islam,"2019-09-23 17:52:04",201909236955,1,NULL,NULL
2060,"Windows activation",asraful.islam,"2019-09-23 17:51:35",201909236954,1,NULL,NULL
2059,"USB LAN card",asraful.islam,"2019-09-23 14:08:51",201909236951,1,NULL,NULL
2058,"PR process and Fact sheet documentation ",asraful.islam,"2019-09-19 10:19:21",201909196941,1,NULL,NULL
2057,"RND for NVR",asraful.islam,"2019-09-19 10:18:26",201909196940,1,NULL,NULL
2056,"Out of office to motijheel",asraful.islam,"2019-09-19 10:17:50",201909196939,1,NULL,NULL
2055,"Out of office for purchase product",asraful.islam,"2019-09-19 10:16:56",201909196938,1,NULL,NULL
2054,"New 19 ID card access and entry",asraful.islam,"2019-09-19 10:15:09",201909196936,1,NULL,NULL
2053,"PR related work",asraful.islam,"2019-09-12 16:11:06",201909126896,1,NULL,NULL
2052,"Store related work",asraful.islam,"2019-09-12 16:10:11",201909126895,1,NULL,NULL
2051,"LAN connection problem",asraful.islam,"2019-09-12 16:07:39",201909126894,1,NULL,NULL
2050,"Windows activation",asraful.islam,"2019-09-12 16:06:41",201909126893,1,NULL,NULL
2049,"Printer IP related problem",asraful.islam,"2019-09-12 16:05:59",201909126891,1,NULL,NULL
2048,"IP camera installation",asraful.islam,"2019-09-12 16:05:22",201909126890,1,NULL,NULL
2047,"Windows Licence issue ",mahidur.rahman,"2019-09-11 12:56:16",201909116878,1,NULL,NULL
2046,"Finger Access in TAJ Marriot",anik.kumar,"2019-09-09 12:23:37",201909096868,1,NULL,NULL
2045,"access permission",asraful.islam,"2019-09-09 10:28:55",201909096863,1,NULL,NULL
2044,"PC Does not take shut down",ullah.kabir,"2019-09-08 19:37:28",201909086860,1,NULL,NULL
2043,"Print server setup",asraful.islam,"2019-09-05 12:35:13",201909056849,1,NULL,NULL
2042,"Access permission ",asraful.islam,"2019-09-05 12:33:08",201909056848,1,NULL,NULL
2041,Laptop,shadman,"2019-09-04 13:21:35",201909046837,1,NULL,NULL
2040,"windows problem",amir.hamza,"2019-09-04 10:30:29",201909046832,1,NULL,NULL
2039,"1. Windows problem; 2.USB port faulty; 3.Google Earth; 4.Battery Not beckup support.  #windows problem and brightness high,  #No",amir.hamza,"2019-09-04 10:28:56",201909046831,1,NULL,NULL
2038,"Printer setup and troubleshooting ",asraful.islam,"2019-09-03 17:21:57",201909036825,1,NULL,NULL
2037,"Video conference related work  ",asraful.islam,"2019-09-03 17:21:07",201909036824,1,NULL,NULL
2036,"New PC configure for Lima Akther ",asraful.islam,"2019-09-03 17:20:22",201909036823,1,NULL,NULL
2035,"PR,MR and product collection ",asraful.islam,"2019-09-03 17:18:56",201909036822,1,NULL,NULL
2034,"Windows activation",asraful.islam,"2019-09-03 17:18:21",201909036821,1,NULL,NULL
2033,"windows activation",kishor.mitra,"2019-09-03 16:50:08",201909036819,1,NULL,NULL
2032,"Laptop Bag",zahirul,"2019-09-01 19:00:17",201909016799,1,NULL,NULL
2031,"PR,MR related work",asraful.islam,"2019-08-29 14:16:59",201908296791,1,NULL,NULL
2030,"Windows login problem",asraful.islam,"2019-08-29 12:26:06",201908296790,1,NULL,NULL
2029,"Survey for CC camera HO main gate",asraful.islam,"2019-08-29 10:46:07",201908296786,1,NULL,NULL
2028,"Chairman sir WiFi setup",asraful.islam,"2019-08-29 10:45:11",201908296785,1,NULL,NULL
2027,"UPS database related work",asraful.islam,"2019-08-29 10:44:32",201908296784,1,NULL,NULL
2026,"ID card deactivation",asraful.islam,"2019-08-29 10:43:37",201908296783,1,NULL,NULL
2025,"Out of office for printer servicing",asraful.islam,"2019-08-29 10:42:20",201908296782,1,NULL,NULL
2024,"Out of office for printer servicing",asraful.islam,"2019-08-29 10:41:37",201908296781,1,NULL,NULL
2023,"outlook ",abuhasan.razvie,"2019-08-28 13:48:04",201908286774,1,NULL,NULL
2022,"We need 5 meter Lan Cable for CM room.",shadman,"2019-08-28 12:12:29",201908286772,1,NULL,NULL
2021,"Access for NMC GF and Kaliakair",asraful.islam,"2019-08-22 14:01:27",201908226740,1,NULL,NULL
2020,"PR,MR,warranty related work",asraful.islam,"2019-08-19 14:11:06",201908196722,1,NULL,NULL
2019,"Laptop Hard Disk Crash",shefaul.karim,"2019-08-19 13:01:21",201908196718,1,NULL,NULL
2018,"Windows Expire message",ariful.anwar,"2019-08-19 10:16:42",201908196716,1,NULL,NULL
2017,"Out of office for Dhanmondi CC camera",asraful.islam,"2019-08-18 16:32:35",201908186713,1,NULL,NULL
2016,"Windows activation",asraful.islam,"2019-08-18 16:31:47",201908186712,1,NULL,NULL
2015,"Card deactivation ",asraful.islam,"2019-08-17 16:05:21",201908176695,1,NULL,NULL
2014,"Card deactivation",asraful.islam,"2019-08-17 16:04:40",201908176694,1,NULL,NULL
2013,"Card deactivation",asraful.islam,"2019-08-17 16:04:01",201908176693,1,NULL,NULL
2012,"windows activation",asraful.islam,"2019-08-08 11:24:43",201908086682,1,NULL,NULL
2011,"Laptop warranty issue",asraful.islam,"2019-08-07 10:45:29",201908076679,1,NULL,NULL
2010,"Out of office work",asraful.islam,"2019-08-07 10:43:58",201908076678,1,NULL,NULL
2009,"PR,MR related work",asraful.islam,"2019-08-07 10:40:34",201908076677,1,NULL,NULL
2008,"New 21 ID card entry and access",asraful.islam,"2019-08-07 10:37:11",201908076675,1,NULL,NULL
2007,"Laptop replacement",zahurul,"2019-08-05 15:15:09",201908056667,1,NULL,NULL
2006,"Install Flash player",probir,"2019-08-04 14:51:26",201908046653,1,NULL,NULL
2005,"Card deactivation",asraful.islam,"2019-07-31 16:16:04",201907316639,1,NULL,NULL
2004,"OTDR file checking issue & anti virus support",tawfique.azeem,"2019-07-31 14:51:49",201907316638,1,NULL,NULL
2003,"Windows acctivition",rejaul.karim,"2019-07-31 10:33:40",201907316635,1,NULL,NULL
2002,"1. Windows problem; 2.USB port faulty; 3.Google Earth; 4.Battery Not beckup support",amir.hamza,"2019-07-28 16:27:57",201907286611,1,NULL,NULL
2001,"New OS and software  installation ",asraful.islam,"2019-07-28 15:29:11",201907286609,1,NULL,NULL
2000,"PR,MR",asraful.islam,"2019-07-24 16:28:11",201907246595,1,NULL,NULL
1999,"Laptop Display change",asraful.islam,"2019-07-24 16:27:42",201907246594,1,NULL,NULL
1998,"NEW LAN connection",asraful.islam,"2019-07-24 16:06:00",201907246593,1,NULL,NULL
1997,"Processor/Cooling Fan",lutful.kabir,"2019-07-24 15:17:09",201907246591,1,NULL,NULL
1996,"Windows License Activation",mohammad.zakir,"2019-07-24 10:38:32",201907246586,1,NULL,NULL
1995,"Need to update PC configuration",atiqur,"2019-07-18 17:50:42",201907186562,1,NULL,NULL
1994,"New OS installation",asraful.islam,"2019-07-14 17:27:42",201907146526,1,NULL,NULL
1993,"Windows activation and outlook problem ",asraful.islam,"2019-07-14 17:25:53",201907146522,1,NULL,NULL
1992,"HO 1st WiFi",asraful.islam,"2019-07-11 12:58:36",201907116507,1,NULL,NULL
1991,"Dhanmondi CO LAN connection setup",asraful.islam,"2019-07-10 10:14:06",201907106493,1,NULL,NULL
1990,"Motijheel CO LAN connection setup",asraful.islam,"2019-07-10 10:13:33",201907106492,1,NULL,NULL
1989,"Out of office for printer servicing ",asraful.islam,"2019-07-10 10:12:54",201907106491,1,NULL,NULL
1988,"New OS for NOC PC",asraful.islam,"2019-07-10 10:00:49",201907106490,1,NULL,NULL
1987,"VMS login issue",asraful.islam,"2019-07-10 09:59:03",201907106489,1,NULL,NULL
1986,"Printing and network problem",asraful.islam,"2019-07-10 09:58:02",201907106488,1,NULL,NULL
1985,"Laptop bag",mohidul.morshed,"2019-07-09 14:51:00",201907096486,1,NULL,NULL
1984,"Scanner setup",asraful.islam,"2019-07-08 16:45:11",201907086478,1,NULL,NULL
1983,"ID card deactivation",asraful.islam,"2019-07-08 16:42:38",201907086477,1,NULL,NULL
1982,"PC restarts repeatedly",mantaka,"2019-07-07 12:35:51",201907076459,1,NULL,NULL
1981,"Printer and outlook configure for anik kumar",asraful.islam,"2019-07-04 15:34:26",201907046454,1,NULL,NULL
1980,"PC setup for CC camera",asraful.islam,"2019-07-04 15:33:19",201907046453,1,NULL,NULL
1979,"PDF printing issue",asraful.islam,"2019-07-04 15:31:39",201907046452,1,NULL,NULL
1978,"LAN connection",asraful.islam,"2019-07-04 11:13:36",201907046446,1,NULL,NULL
1977,Server,saulad.alvi,"2019-07-03 14:07:39",201907036434,1,NULL,NULL
1976,"Cloud storage",saulad.alvi,"2019-07-03 13:56:48",201907036428,1,NULL,NULL
1975,"Access problem ",asraful.islam,"2019-07-01 16:29:53",201907016415,1,NULL,NULL
1974,"Access problem",asraful.islam,"2019-07-01 16:29:05",201907016414,1,NULL,NULL
1973,"Access problem",asraful.islam,"2019-07-01 16:28:12",201907016412,1,NULL,NULL
1972,"New RAM installation",asraful.islam,"2019-07-01 15:42:59",201907016410,1,NULL,NULL
1971,"New RAM installation",asraful.islam,"2019-07-01 15:42:12",201907016409,1,NULL,NULL
1970,"Jhinaidhah CO software related issue",asraful.islam,"2019-06-27 15:10:11",201906276394,1,NULL,NULL
1969,"New OS and outlook setup",asraful.islam,"2019-06-27 15:06:41",201906276393,1,NULL,NULL
1968,"MR and product collection and delivery ",asraful.islam,"2019-06-27 15:05:49",201906276392,1,NULL,NULL
1967,"PR related work",asraful.islam,"2019-06-27 15:05:09",201906276391,1,NULL,NULL
1966,"Windows related issue",asraful.islam,"2019-06-27 15:04:02",201906276390,1,NULL,NULL
1965,"RAM installed and Troubleshooting ",asraful.islam,"2019-06-27 15:03:31",201906276389,1,NULL,NULL
1964,"Antivirus ",asraful.islam,"2019-06-27 15:02:12",201906276387,1,NULL,NULL
1963,"Printer and scanner setup",asraful.islam,"2019-06-26 14:46:41",201906266382,1,NULL,NULL
1962,"& Software Problem",kaiser.hussain,"2019-06-24 15:36:44",201906246370,1,NULL,NULL
1961,"18 New ID card entry and access",asraful.islam,"2019-06-19 12:45:45",201906196351,1,NULL,NULL
1960,"Card deactivation",asraful.islam,"2019-06-19 11:43:07",201906196350,1,NULL,NULL
1959,"Printing and scan problem",asraful.islam,"2019-06-18 14:15:35",201906186339,1,NULL,NULL
1958,"Printer setup",asraful.islam,"2019-06-17 18:31:36",201906176337,1,NULL,NULL
1957,"Scanner setup ",asraful.islam,"2019-06-17 18:31:11",201906176336,1,NULL,NULL
1956,"Scanner setup ",asraful.islam,"2019-06-17 18:30:48",201906176335,1,NULL,NULL
1955,"Windows License Issue.",shuvo,"2019-06-17 12:08:11",201906176325,1,NULL,NULL
1954,"IP Phone Restart Problem",saifullah,"2019-06-17 11:08:38",201906176324,1,NULL,NULL
1953,"Windows activation, PDF software installation",asraful.islam,"2019-06-17 10:09:09",201906176320,1,NULL,NULL
1952,"IP phone problem ",asraful.islam,"2019-06-17 10:07:34",201906176318,1,NULL,NULL
1951,"LAN connection problem ",asraful.islam,"2019-06-17 10:06:38",201906176317,1,NULL,NULL
1950,"Windows problem,printer setup",asraful.islam,"2019-06-17 10:05:28",201906176316,1,NULL,NULL
1949,"Windows License activation",anjuman,"2019-06-13 10:58:56",201906136294,1,NULL,NULL
1948,"New laptop configure",asraful.islam,"2019-06-12 16:21:46",201906126287,1,NULL,NULL
1947,"New laptop configure",asraful.islam,"2019-06-12 16:21:04",201906126286,1,NULL,NULL
1946,"Windows related problem",asraful.islam,"2019-06-10 15:22:45",201906106257,1,NULL,NULL
1945,"Windows license  expire",jaker,"2019-06-10 09:51:10",201906106250,1,NULL,NULL
1944,"Laptop adapter problem",asraful.islam,"2019-06-09 12:25:50",201906096242,1,NULL,NULL
1943,"Windows activation,Antivirus setup ",asraful.islam,"2019-06-09 12:24:59",201906096241,1,NULL,NULL
1942,"Regarding didnâ€™t MR showing my Dashboard  ",bahadur,"2019-05-30 10:21:11",201905306235,1,NULL,NULL
1941,"All printer setup",asraful.islam,"2019-05-25 14:14:55",201905256217,1,NULL,NULL
1940,"Scanner problem",asraful.islam,"2019-05-23 15:00:51",201905236212,1,NULL,NULL
1939,"New OS installation",asraful.islam,"2019-05-23 14:58:27",201905236211,1,NULL,NULL
1938,"HO 1st floor photocopier problem",asraful.islam,"2019-05-23 14:58:01",201905236210,1,NULL,NULL
1937,"Printing problem",asraful.islam,"2019-05-23 14:57:20",201905236209,1,NULL,NULL
1936,"All Wi-Fi Checking ",asraful.islam,"2019-05-23 14:56:51",201905236208,1,NULL,NULL
1935,"Chairman sir link check",asraful.islam,"2019-05-23 14:55:22",201905236207,1,NULL,NULL
1934,"New desktop configure",asraful.islam,"2019-05-23 14:54:19",201905236206,1,NULL,NULL
1933,"New OS and software installation",asraful.islam,"2019-05-23 14:53:40",201905236205,1,NULL,NULL
1932,"Video conference for Iftar party",asraful.islam,"2019-05-23 14:52:58",201905236204,1,NULL,NULL
1931,"Petty cash Adjustment ",asraful.islam,"2019-05-23 14:52:19",201905236203,1,NULL,NULL
1930,"need Windows Check also",abdullah.mamun,"2019-05-19 14:26:22",201905196170,1,NULL,NULL
1929,"PC Optimization",mukit,"2019-05-19 07:51:25",201905196165,1,NULL,NULL
1928,"windows activation",ripon.saha,"2019-05-18 11:16:19",201905186159,1,NULL,NULL
1927,"Shifting my Desktop & IP Phone from NMC office to Taj Marriot on 19th May 2019 before 12.00 pm.",smsumon,"2019-05-15 14:02:26",201905156141,1,NULL,NULL
1926,"Printer problem",asraful.islam,"2019-05-14 14:10:48",201905146131,1,NULL,NULL
1925,"HDMI cable for MD sir room",asraful.islam,"2019-05-14 14:09:33",201905146129,1,NULL,NULL
1924,"Chairman sir link check",asraful.islam,"2019-05-14 14:08:45",201905146128,1,NULL,NULL
1923,"Out of office for servicing",asraful.islam,"2019-05-13 15:38:51",201905136121,1,NULL,NULL
1922,"MR and Production from store",asraful.islam,"2019-05-13 15:37:26",201905136119,1,NULL,NULL
1921,"TNT phone",saulad.alvi,"2019-05-13 12:06:41",201905136104,1,NULL,NULL
1920,"Login option ",saulad.alvi,"2019-05-13 12:01:21",201905136101,1,NULL,NULL
1919,"Window date ex-pair,and laptop working very slow.",sayed.firoz,"2019-05-13 10:08:17",201905136097,1,NULL,NULL
1918,"Need replacement of laptop",raziul,"2019-05-12 08:34:06",201905126085,1,NULL,NULL
1917,"Laptop Charging Problem",shamim.salim,"2019-04-30 14:58:13",201904306038,1,NULL,NULL
1916,"Browser Problem  ",asraful.islam,"2019-04-29 15:14:45",201904296029,1,NULL,NULL
1915,"Conference issue",asraful.islam,"2019-04-29 15:13:57",201904296028,1,NULL,NULL
1914,"Printer problem",asraful.islam,"2019-04-29 15:12:09",201904296027,1,NULL,NULL
1913,"22 New ID card entry and access",asraful.islam,"2019-04-29 15:11:27",201904296026,1,NULL,NULL
1912,"PR related work",asraful.islam,"2019-04-25 13:32:57",201904256007,1,NULL,NULL
1911,"Store related work",asraful.islam,"2019-04-25 13:32:26",201904256006,1,NULL,NULL
1910,"Out of office for servicing product",asraful.islam,"2019-04-25 13:28:41",201904256004,1,NULL,NULL
1909,"Hi-Tech park big data work",asraful.islam,"2019-04-25 13:28:01",201904256003,1,NULL,NULL
1908,"Laptop checking ",asraful.islam,"2019-04-25 13:25:52",201904256000,1,NULL,NULL
1907,"Keyboard issue",asraful.islam,"2019-04-25 13:23:38",201904255999,1,NULL,NULL
1906,"Windows license expire ",abu.niser,"2019-04-23 17:18:03",201904235993,1,NULL,NULL
1905,"New PC,UPS",siddiqur,"2019-04-18 16:41:47",201904185981,1,NULL,NULL
1904,"new ip phone extension",sazibul.islam,"2019-04-18 12:13:59",201904185978,1,NULL,NULL
1903,"Windows Activation Failure",mnazmul,"2019-04-18 12:00:32",201904185977,1,NULL,NULL
1902,Test,shihab,"2019-04-17 09:54:32",201904175966,1,NULL,NULL
1901,"New desktop requisition",muzaffar.ahmed,"2019-04-16 18:39:58",201904165965,1,NULL,NULL
1900,"windows license Expire ",faruque.hossen,"2019-04-15 10:14:28",201904155952,1,NULL,NULL
1899,"Windows problem",asraful.islam,"2019-04-10 17:57:45",201904105948,1,NULL,NULL
1898,"Out of office for servicing product,purchase",asraful.islam,"2019-04-10 13:24:26",201904105940,1,NULL,NULL
1897,"PR related work",asraful.islam,"2019-04-10 13:23:17",201904105939,1,NULL,NULL
1896,"Petty cash related work",asraful.islam,"2019-04-10 13:22:53",201904105938,1,NULL,NULL
1895,"New Laptop configure ",asraful.islam,"2019-04-10 13:21:55",201904105937,1,NULL,NULL
1894,"Windows problem",asraful.islam,"2019-04-10 13:19:48",201904105935,1,NULL,NULL
1893,"Mail problem for Dobibul ",asraful.islam,"2019-04-10 13:17:33",201904105931,1,NULL,NULL
1892,"New OS and software installation",asraful.islam,"2019-04-10 13:15:56",201904105929,1,NULL,NULL
1891,"New OS and Software installation",asraful.islam,"2019-04-10 13:15:21",201904105928,1,NULL,NULL
1890,"Laptop getting slow response.(ie: SCM in generating MR, and other activities)",barakat,"2019-04-08 16:37:34",201904085920,1,NULL,NULL
1889,"Dextop computer",sohel,"2019-04-04 17:09:29",201904045904,1,NULL,NULL
1888,"Laptop damage",silufa,"2019-04-04 12:48:01",201904045898,1,NULL,NULL
1887,"Card deactivation",asraful.islam,"2019-04-03 15:47:19",201904035896,1,NULL,NULL
1886,"Clarence  ",asraful.islam,"2019-04-03 10:38:49",201904035890,1,NULL,NULL
1885,"HO 3rd floor wifi problem",asraful.islam,"2019-04-03 10:35:40",201904035888,1,NULL,NULL
1884,"NMC 2nd photocopier problem",asraful.islam,"2019-04-03 10:35:07",201904035887,1,NULL,NULL
1883,"Windows activation",asraful.islam,"2019-04-03 10:34:22",201904035886,1,NULL,NULL
1882,"LAN connection for tally server",asraful.islam,"2019-04-03 10:33:49",201904035885,1,NULL,NULL
1881,"Scanner setup",asraful.islam,"2019-04-03 10:31:40",201904035884,1,NULL,NULL
1880,"LAN connection problem",asraful.islam,"2019-04-03 10:30:16",201904035883,1,NULL,NULL
1879,"New OS and software installation",asraful.islam,"2019-04-03 10:29:30",201904035882,1,NULL,NULL
1878,"New laptop configure ",asraful.islam,"2019-04-03 10:28:53",201904035881,1,NULL,NULL
1877,"My laptop slow for working",jamirul.islam,"2019-04-01 13:50:56",201904015869,1,NULL,NULL
1876,"Photoshop and Mozilla  softer need instillation ",faruque.hossen,"2019-03-31 11:42:21",201903315857,1,NULL,NULL
1875,"Laptop windows activation and office activation needed due to office not working properly .",dilip.kumar,"2019-03-31 09:56:44",201903315852,1,NULL,NULL
1874,"New Laptop configure",asraful.islam,"2019-03-28 10:54:10",201903285842,1,NULL,NULL
1873,"Windows Activation ",bahadur,"2019-03-28 10:51:39",201903285840,1,NULL,NULL
1872,"Printer installation of kishor kumar mitra",asraful.islam,"2019-03-27 17:15:25",201903275837,1,NULL,NULL
1871,"PR related work",asraful.islam,"2019-03-27 17:13:28",201903275836,1,NULL,NULL
1870,"New 12 ID card entry and access ",asraful.islam,"2019-03-27 17:12:35",201903275835,1,NULL,NULL
1869,"New OS and Data recovery, software installation ",asraful.islam,"2019-03-27 17:11:58",201903275834,1,NULL,NULL
1868,"Windows License Issue",fahim,"2019-03-27 15:33:12",201903275832,1,NULL,NULL
1867,"RJ45 connector",rnbabir,"2019-03-27 10:08:04",201903275826,1,NULL,NULL
1866,"Card deactivation",asraful.islam,"2019-03-25 17:47:39",201903255825,1,NULL,NULL
1865,"New laptop configure for Kishor kumar mitra",asraful.islam,"2019-03-25 17:38:16",201903255823,1,NULL,NULL
1864,"Windows activation",asraful.islam,"2019-03-25 17:37:00",201903255822,1,NULL,NULL
1863,"All pending  PR sorting and marge ",asraful.islam,"2019-03-25 17:36:05",201903255821,1,NULL,NULL
1862,"PR related work",asraful.islam,"2019-03-25 17:35:11",201903255820,1,NULL,NULL
1861,"Out of for servicing product and Purchase",asraful.islam,"2019-03-25 17:34:30",201903255819,1,NULL,NULL
1860,"Hi-Tech park Survey ",asraful.islam,"2019-03-25 17:32:55",201903255818,1,NULL,NULL
1859,"IP Phone Frequent Restart",saifullah,"2019-03-25 11:47:17",201903255811,1,NULL,NULL
1858,"Laptop became shutdown frequently after few minutes later. Also before shutdown taskbar with desktop not shown in display.",shariful.alam,"2019-03-24 12:41:02",201903245806,1,NULL,NULL
1857,"Windows license will expire soon",syed.sazzad,"2019-03-24 10:01:31",201903245804,1,NULL,NULL
1856,"New laptop configure",asraful.islam,"2019-03-19 15:51:15",201903195788,1,NULL,NULL
1855,"PR related work",asraful.islam,"2019-03-18 17:50:48",201903185783,1,NULL,NULL
1854,"All printer database related work",asraful.islam,"2019-03-18 17:37:52",201903185770,1,NULL,NULL
1853,"All printer check",asraful.islam,"2019-03-18 17:37:15",201903185769,1,NULL,NULL
1852,"Out of office work",asraful.islam,"2019-03-18 17:36:38",201903185768,1,NULL,NULL
1851,"Printing problem",asraful.islam,"2019-03-18 17:06:46",201903185767,1,NULL,NULL
1850,"Printer problem",asraful.islam,"2019-03-18 17:05:05",201903185765,1,NULL,NULL
1849,"HO 4th floor toner problem",asraful.islam,"2019-03-18 17:04:41",201903185764,1,NULL,NULL
1848,"Toner for color printer",asraful.islam,"2019-03-18 17:03:48",201903185763,1,NULL,NULL
1847,"New laptop configure",asraful.islam,"2019-03-18 16:59:40",201903185761,1,NULL,NULL
1846,"NMC 1st floor toner change",asraful.islam,"2019-03-18 16:58:38",201903185760,1,NULL,NULL
1845,"UPS Casing Change.",smsumon,"2019-03-12 12:24:49",201903125746,1,NULL,NULL
1844,"IP Phone",shuva,"2019-03-12 10:27:45",201903125745,1,NULL,NULL
1843,multiplug,shakil.khan,"2019-03-11 15:01:49",201903115740,1,NULL,NULL
1842,"Sound Syatem",noorsat.alam,"2019-03-11 11:30:06",201903115738,1,NULL,NULL
1841,"Printing problem. No LAN Connection",absiddik,"2019-03-07 10:23:54",201903075723,1,NULL,NULL
1840,"Can not access in webmail",syed.sazzad,"2019-03-07 09:51:18",201903075722,1,NULL,NULL
1839,"Do not get information in Admin Lounge",muzaffar.ahmed,"2019-03-06 11:50:47",201903065712,1,NULL,NULL
1838,"Petty cash related work",asraful.islam,"2019-02-28 11:15:06",201902285684,1,NULL,NULL
1837,"NMC GF printer reset",asraful.islam,"2019-02-28 11:14:04",201902285683,1,NULL,NULL
1836,"Destroyed Bag ",moksedul.alam,"2019-02-24 17:50:40",201902245651,1,NULL,NULL
1835,"Windows activation error ",arifulis,"2019-02-24 17:43:36",201902245650,1,NULL,NULL
1834,"PR related work",asraful.islam,"2019-02-20 11:34:40",201902205635,1,NULL,NULL
1833,"Out of office for PGCB support",asraful.islam,"2019-02-19 16:58:34",201902195627,1,NULL,NULL
1832,"New OS installation  ",asraful.islam,"2019-02-19 16:56:29",201902195625,1,NULL,NULL
1831,"Windows Activation",moksedul.alam,"2019-02-18 17:54:14",201902185618,1,NULL,NULL
1830,Antivirus,asraful.islam,"2019-02-18 17:09:04",201902185617,1,NULL,NULL
1829,"Antivirus ",minhaz.uddin,"2019-02-18 17:05:16",201902185616,1,NULL,NULL
1828,"Antivirus ",abu.niser,"2019-02-18 16:54:53",201902185615,1,NULL,NULL
1827,"Antivirus ",mdrashadul,"2019-02-18 16:52:20",201902185614,1,NULL,NULL
1826,"Windows Activation",mdrashadul,"2019-02-18 16:51:08",201902185613,1,NULL,NULL
1825,"Document related work ",asraful.islam,"2019-02-18 15:45:29",201902185610,1,NULL,NULL
1824,"PR process",asraful.islam,"2019-02-18 15:43:56",201902185609,1,NULL,NULL
1823,"ID card deactivation ",asraful.islam,"2019-02-18 15:41:43",201902185607,1,NULL,NULL
1822,Resigned,asraful.islam,"2019-02-18 15:39:38",201902185605,1,NULL,NULL
1821,"PR generate ",asraful.islam,"2019-02-14 12:30:01",201902145591,1,NULL,NULL
1820,"Windows activation",asraful.islam,"2019-02-14 12:29:26",201902145590,1,NULL,NULL
1819,"IP related problem",asraful.islam,"2019-02-14 12:27:44",201902145589,1,NULL,NULL
1818,"Windows problem",asraful.islam,"2019-02-14 12:25:02",201902145586,1,NULL,NULL
1817,"Printer Connection ",abuhasan.razvie,"2019-02-13 16:26:40",201902135581,1,NULL,NULL
1816,"ID card deactivation",asraful.islam,"2019-02-13 10:43:49",201902135574,1,NULL,NULL
1815,"ID card deactivation for 8 user",asraful.islam,"2019-02-11 18:12:59",201902115556,1,NULL,NULL
1814,"Out of office for servicing Laptop",asraful.islam,"2019-02-11 16:12:43",201902115554,1,NULL,NULL
1813,"Shafipur UPS change",asraful.islam,"2019-02-11 16:08:31",201902115551,1,NULL,NULL
1812,"ID card deactivation",asraful.islam,"2019-02-11 16:05:33",201902115547,1,NULL,NULL
1811,"Printer toner database related work",asraful.islam,"2019-02-11 16:05:02",201902115546,1,NULL,NULL
1810,"Audio conference in MKT floor",asraful.islam,"2019-02-11 16:01:25",201902115545,1,NULL,NULL
1809,"Windows activation ",asraful.islam,"2019-02-11 15:59:44",201902115544,1,NULL,NULL
1808,"UTP (Internet connection)",zosim.uddin,"2019-02-07 17:44:53",201902075533,1,NULL,NULL
1807,"Printer cannection",abdul.kader,"2019-02-04 19:08:26",201902045520,1,NULL,NULL
1806,"PC cannected",abdul.kader,"2019-02-04 19:07:00",201902045519,1,NULL,NULL
1805,"LAN cannection",abdul.kader,"2019-02-04 19:04:48",201902045518,1,NULL,NULL
1804,"Printer Setup",abuhasan.razvie,"2019-02-04 17:40:03",201902045517,1,NULL,NULL
1803,"PC setup",abuhasan.razvie,"2019-02-04 17:38:52",201902045516,1,NULL,NULL
1802,"LAN Connation ",abuhasan.razvie,"2019-02-04 17:37:58",201902045515,1,NULL,NULL
1801,"OTDR Applications is not working ",sazibul.islam,"2019-02-04 16:53:41",201902045513,1,NULL,NULL
1800,"Laptop Fan Problem",tonmoy.hasan,"2019-02-03 11:00:43",201902035501,1,NULL,NULL
1799,"LAN connection problem",asraful.islam,"2019-01-31 16:13:16",201901315497,1,NULL,NULL
1798,"LAN and WiFi problem",asraful.islam,"2019-01-31 16:12:50",201901315496,1,NULL,NULL
1797,"HO 3rd floor WiFi change ",asraful.islam,"2019-01-31 16:12:04",201901315495,1,NULL,NULL
1796,"antivirus  issue",asraful.islam,"2019-01-31 16:09:00",201901315494,1,NULL,NULL
1795,"Antivirus issue ",asraful.islam,"2019-01-31 16:08:23",201901315493,1,NULL,NULL
1794,"Purchase list related work",asraful.islam,"2019-01-31 16:07:28",201901315492,1,NULL,NULL
1793,"MI report and product collection",asraful.islam,"2019-01-31 16:06:44",201901315491,1,NULL,NULL
1792,"New Monitor setup",asraful.islam,"2019-01-31 16:06:01",201901315490,1,NULL,NULL
1791,"Hard disk problem",asraful.islam,"2019-01-31 16:04:04",201901315489,1,NULL,NULL
1790,"Manual for door access server",asraful.islam,"2019-01-31 16:02:50",201901315488,1,NULL,NULL
1789,"New PC configure and setup",asraful.islam,"2019-01-31 16:00:32",201901315485,1,NULL,NULL
1788,"Windows and Antivirus problem ",asraful.islam,"2019-01-30 13:19:16",201901305470,1,NULL,NULL
1787,"Plotter Lane Cable Problem. ",shubha,"2019-01-29 14:24:26",201901295459,1,NULL,NULL
1786,"MAC BOOK ",saulad.alvi,"2019-01-29 13:59:16",201901295458,1,NULL,NULL
1785,"New OS installation ",asraful.islam,"2019-01-24 15:54:22",201901245437,1,NULL,NULL
1784,"Data recovery",asraful.islam,"2019-01-24 15:53:15",201901245436,1,NULL,NULL
1783,"Purchase related work",asraful.islam,"2019-01-24 15:52:37",201901245435,1,NULL,NULL
1782,"Petty cash related work",asraful.islam,"2019-01-24 15:51:34",201901245434,1,NULL,NULL
1781,"Video conference device setup related work  ",asraful.islam,"2019-01-24 15:49:28",201901245433,1,NULL,NULL
1780,"Laptop touch pad, HRIS URL not working",ariful.hasan,"2019-01-24 12:14:39",201901245430,1,NULL,NULL
1779,"Laptop display",jasim.uddin,"2019-01-22 14:30:09",201901225424,1,NULL,NULL
1778,Others,asraful.islam,"2019-01-17 15:22:06",201901175387,1,NULL,NULL
1777,"PR related work",asraful.islam,"2019-01-17 15:20:36",201901175386,1,NULL,NULL
1776,"PC Reboot",shahriar.mustafa,"2019-01-16 12:18:44",201901165365,1,NULL,NULL
1775,"Laptop Slow working & Laptop continuously hang",sazibul.islam,"2019-01-15 13:52:51",201901155362,1,NULL,NULL
1774,"UPS Battery Replacement",sanzida,"2019-01-15 12:55:34",201901155360,1,NULL,NULL
1773,"Need drive repartition & OS install in PC",tawfique.azeem,"2019-01-15 12:03:44",201901155357,1,NULL,NULL
1772,"Excell and word sheet problem",amir.hamza,"2019-01-14 18:33:51",201901145354,1,NULL,NULL
1771,"Laptop Display ",asraful.islam,"2019-01-14 16:13:29",201901145351,1,NULL,NULL
1770,"Laptop problem",samira.sharmin,"2019-01-14 11:16:11",201901145339,1,NULL,NULL
1769,"Windows activation ",asraful.islam,"2019-01-13 15:13:14",201901135330,1,NULL,NULL
1768,"IP Camera checking ",asraful.islam,"2019-01-10 13:17:05",201901105324,1,NULL,NULL
1767,"Laptop Hang problem",nazmulhuda,"2019-01-10 10:35:53",201901105318,1,NULL,NULL
1766,"Access report",asraful.islam,"2019-01-10 10:22:53",201901105312,1,NULL,NULL
1765,"MR, Product collection",asraful.islam,"2019-01-10 10:21:39",201901105310,1,NULL,NULL
1764,"SCM not show materials uses report setting and Excel sheet problem.",amir.hamza,"2019-01-07 10:18:37",201901075279,1,NULL,NULL
1763,"MKT Wi-Fi password change ",asraful.islam,"2019-01-06 15:01:29",201901065274,1,NULL,NULL
1762,"SSL ",shihab,"2019-01-06 14:44:52",201901065270,1,NULL,NULL
1761,"Store related issue",asraful.islam,"2019-01-06 10:20:54",201901065261,1,NULL,NULL
1760,"Camera replacement ",asraful.islam,"2019-01-06 10:18:45",201901065259,1,NULL,NULL
1759,"CCTV server change",asraful.islam,"2019-01-06 10:18:08",201901065258,1,NULL,NULL
1758,"UPS faulty and have no back up ",khairul.islam,"2019-01-03 10:05:36",201901035246,1,NULL,NULL
1757,"Store related work",asraful.islam,"2019-01-01 18:15:42",201901015229,1,NULL,NULL
1756,"New ID card entry and access ",asraful.islam,"2019-01-01 18:15:11",201901015228,1,NULL,NULL
1755,"PR Approval ",saulad.alvi,"2019-01-01 13:01:00",201901015222,1,NULL,NULL
1754,"Laptop Solten issue ",saulad.alvi,"2019-01-01 12:59:46",201901015220,1,NULL,NULL
1753,"Laptop change",saulad.alvi,"2019-01-01 12:54:58",201901015216,1,NULL,NULL
1752,"Smart TV",saulad.alvi,"2019-01-01 12:48:56",201901015209,1,NULL,NULL
1751,"PC problem ",asraful.islam,"2018-12-31 17:31:05",201812315202,1,NULL,NULL
1750,"New OS installation ",asraful.islam,"2018-12-31 17:28:35",201812315200,1,NULL,NULL
1749,"4th floor Wi-Fi problem",asraful.islam,"2018-12-31 17:21:04",201812315198,1,NULL,NULL
1748,"MD sir Wi-Fi problem",asraful.islam,"2018-12-31 17:20:19",201812315197,1,NULL,NULL
1747,"Windows activation and outlook setup",asraful.islam,"2018-12-31 17:19:20",201812315196,1,NULL,NULL
1746,"Adobe Illustrator Install into My Laptop",azizurrahman,"2018-12-27 10:54:00",201812275188,1,NULL,NULL
1745,"windows activation",asraful.islam,"2018-12-24 14:10:59",201812245175,1,NULL,NULL
1744,Test,shihab,"2018-12-24 11:25:03",201812245170,1,NULL,NULL
1743,"PR related work",asraful.islam,"2018-12-24 10:23:01",201812245166,1,NULL,NULL
1742,"Petty Cash related work",asraful.islam,"2018-12-24 10:22:27",201812245165,1,NULL,NULL
1741,"New ID card entry and access",asraful.islam,"2018-12-24 10:21:42",201812245164,1,NULL,NULL
1740,"Out of office work",asraful.islam,"2018-12-24 10:19:39",201812245163,1,NULL,NULL
1739,"Outlook data file and configure",asraful.islam,"2018-12-23 13:44:53",201812235159,1,NULL,NULL
1738,"Laptop display",asraful.islam,"2018-12-23 13:36:14",201812235158,1,NULL,NULL
1737,"Laptop display",asraful.islam,"2018-12-23 13:23:23",201812235156,1,NULL,NULL
1736,"Windows activation",shakil.khan,"2018-12-23 12:41:48",201812235149,1,NULL,NULL
1735,Monitor,shakil.khan,"2018-12-23 12:40:01",201812235148,1,NULL,NULL
1734,"Laptop slow and windows activation",asraful.islam,"2018-12-19 17:13:54",201812195139,1,NULL,NULL
1733,"Antivirus related issue ",asraful.islam,"2018-12-19 17:13:11",201812195138,1,NULL,NULL
1732,"windows activation",asraful.islam,"2018-12-19 17:12:05",201812195136,1,NULL,NULL
1731,"New OS instillation ",asraful.islam,"2018-12-18 18:01:37",201812185124,1,NULL,NULL
1730,"New laptop configure",asraful.islam,"2018-12-18 18:01:04",201812185123,1,NULL,NULL
1729,"PR related work",asraful.islam,"2018-12-18 11:03:18",201812185121,1,NULL,NULL
1728,"Out of office work",asraful.islam,"2018-12-18 11:02:53",201812185120,1,NULL,NULL
1727,"New Laptop configure",asraful.islam,"2018-12-18 11:00:23",201812185117,1,NULL,NULL
1726,"New Desktop configure",asraful.islam,"2018-12-18 10:58:33",201812185116,1,NULL,NULL
1725,"IT Equipment",fahim,"2018-12-17 18:31:51",201812175115,1,NULL,NULL
1724,"Outlook setting & other",amir.hamza,"2018-12-17 11:08:39",201812175111,1,NULL,NULL
1723,"Install Printer & scanner",syed.sazzad,"2018-12-17 10:50:41",201812175110,1,NULL,NULL
1722,"Tally Installation",ullah.kabir,"2018-12-13 16:52:53",201812135107,1,NULL,NULL
1721,"PC slow, Outlook problem",asraful.islam,"2018-12-13 14:37:51",201812135102,1,NULL,NULL
1720,"Replace laptop with desktop",fahmidaislam,"2018-12-12 15:58:08",201812125093,1,NULL,NULL
1719,"LAN Connection & IP Phone Connection",rajibul.haque,"2018-12-12 11:29:30",201812125089,1,NULL,NULL
1718,"Scanner problem",asraful.islam,"2018-12-11 18:29:27",201812115088,1,NULL,NULL
1717,"windows activation ",asraful.islam,"2018-12-11 18:28:52",201812115087,1,NULL,NULL
1716," Outlook need to open",syed.sazzad,"2018-12-11 17:19:18",201812115084,1,NULL,NULL
1715,"New Laptop configure",asraful.islam,"2018-12-10 18:23:09",201812105075,1,NULL,NULL
1714,"New laptop configure",asraful.islam,"2018-12-10 18:22:42",201812105074,1,NULL,NULL
1713,"ID card problem",asraful.islam,"2018-12-10 11:17:09",201812105061,1,NULL,NULL
1712,"PDF problem",asraful.islam,"2018-12-10 11:16:08",201812105060,1,NULL,NULL
1711,"Scan file not opening ",asraful.islam,"2018-12-10 11:15:36",201812105059,1,NULL,NULL
1710,"Purchase UPS",asraful.islam,"2018-12-06 15:31:29",201812065041,1,NULL,NULL
1709,"Windows activation ",asraful.islam,"2018-12-06 12:20:07",201812065036,1,NULL,NULL
1708," laptope want to admin password",amirul.islam,"2018-12-06 09:00:48",201812065031,1,NULL,NULL
1707,"New Laptop configure ",asraful.islam,"2018-12-05 16:59:35",201812055028,1,NULL,NULL
1706,"PR related issue",asraful.islam,"2018-12-05 16:58:22",201812055026,1,NULL,NULL
1705,"New laptop configure",asraful.islam,"2018-12-05 16:57:24",201812055025,1,NULL,NULL
1704,"New Laptop configure",asraful.islam,"2018-12-05 16:56:58",201812055023,1,NULL,NULL
1703,"Need Laptop",mizanul,"2018-12-04 16:36:02",201812045015,1,NULL,NULL
1702,"PR related work",asraful.islam,"2018-12-03 12:24:43",201812034994,1,NULL,NULL
1701,"Laptop configure",asraful.islam,"2018-12-02 12:21:54",201812024986,1,NULL,NULL
1700,"windows license ",huraira,"2018-11-29 09:39:34",201811294978,1,NULL,NULL
1699,"MR,PR related work",asraful.islam,"2018-11-28 15:07:37",201811284973,1,NULL,NULL
1698,"Store related work",asraful.islam,"2018-11-28 15:06:35",201811284972,1,NULL,NULL
1697,"Video conference device setup ",asraful.islam,"2018-11-28 15:02:26",201811284970,1,NULL,NULL
1696,"Product Purchase database related work ",asraful.islam,"2018-11-28 15:00:43",201811284969,1,NULL,NULL
1695,"Petty cash related work",asraful.islam,"2018-11-28 14:54:55",201811284965,1,NULL,NULL
1694,"RND for video conference",asraful.islam,"2018-11-28 14:53:53",201811284964,1,NULL,NULL
1693,"Material inspection ",asraful.islam,"2018-11-28 14:52:32",201811284963,1,NULL,NULL
1692,"showing windows lisencs expire messages",mkamruzzaman,"2018-11-25 11:36:45",201811254930,1,NULL,NULL
1691,"Wifi Card problem",rejaul.karim,"2018-11-22 10:41:24",201811224923,1,NULL,NULL
1690,"Outlook,word,excel not found in search bar,also outlook file not open/not working.",mamun.ahmmed,"2018-11-22 10:16:04",201811224922,1,NULL,NULL
1689,"Meeting for Tally Solution ",rajibul.haque,"2018-11-18 17:01:44",201811184908,1,NULL,NULL
1688,meeting,saulad.alvi,"2018-11-18 16:28:45",201811184907,1,NULL,NULL
1687,"meeting with IT",saulad.alvi,"2018-11-18 16:20:55",201811184903,1,NULL,NULL
1686,"Excel repair",shakil.khan,"2018-11-15 16:05:35",201811154894,1,NULL,NULL
1685,"Purchase ",shihab,"2018-11-15 13:03:59",201811154882,1,NULL,NULL
1684,"Windows Activation, Wifi problem, Modem driver problem, Windows auto restart.",rejaul.karim,"2018-11-15 10:00:47",201811154880,1,NULL,NULL
1683,"Laptop problem",ali.reza,"2018-11-12 12:52:48",201811124862,1,NULL,NULL
1682,"Out look problem",imam.hossain,"2018-11-11 17:24:52",201811114860,1,NULL,NULL
1681,"Access permission ",asraful.islam,"2018-11-11 12:15:32",201811114852,1,NULL,NULL
1680,"Access permission",asraful.islam,"2018-11-11 12:14:31",201811114851,1,NULL,NULL
1679,"Outlook problem",asraful.islam,"2018-11-11 12:03:00",201811114850,1,NULL,NULL
1678,Test,ekramul.amin,"2018-11-07 13:00:19",201811074833,1,NULL,NULL
1677,"Outlook problem",asraful.islam,"2018-11-05 11:41:01",201811054813,1,NULL,NULL
1676,"Outlook problem",asraful.islam,"2018-11-04 16:50:15",201811044806,1,NULL,NULL
1675,"Information related service",shakil.khan,"2018-11-01 10:55:59",201811014785,1,NULL,NULL
1674,"Lan connection",faruque.hossen,"2018-10-31 15:46:27",201810314780,1,NULL,NULL
1673,"Printer setup",asraful.islam,"2018-10-30 16:38:42",201810304769,1,NULL,NULL
1672,"Printer setup",asraful.islam,"2018-10-30 16:38:10",201810304768,1,NULL,NULL
1671,"Windows activation ",asraful.islam,"2018-10-30 16:35:57",201810304767,1,NULL,NULL
1670,"Support and software installation ",asraful.islam,"2018-10-30 16:35:22",201810304766,1,NULL,NULL
1669,"Printer problem",asraful.islam,"2018-10-30 16:34:39",201810304765,1,NULL,NULL
1668,"Printer setup",asraful.islam,"2018-10-30 16:34:03",201810304764,1,NULL,NULL
1667,"Printer and software installation ",asraful.islam,"2018-10-30 16:33:29",201810304763,1,NULL,NULL
1666,"Support ",asraful.islam,"2018-10-30 16:30:44",201810304762,1,NULL,NULL
1665,"Out of office for purchase product",asraful.islam,"2018-10-30 16:29:11",201810304761,1,NULL,NULL
1664,"14 Laptop collection form store",asraful.islam,"2018-10-30 16:28:25",201810304760,1,NULL,NULL
1663,"Product collection from store",asraful.islam,"2018-10-30 16:27:35",201810304759,1,NULL,NULL
1662,"Access permission",asraful.islam,"2018-10-30 16:16:58",201810304758,1,NULL,NULL
1661,"Store Product receive and MI MR ",saulad.alvi,"2018-10-30 13:17:35",201810304754,1,NULL,NULL
1660,HUB,saleh.uddin,"2018-10-29 18:45:11",201810294747,1,NULL,NULL
1659,"Laptop battery ",asraful.islam,"2018-10-29 17:43:46",201810294745,1,NULL,NULL
1658," Take a look at my IT Equipment 2 laptop",faruque.hossen,"2018-10-28 15:38:42",201810284732,1,NULL,NULL
1657,"I Phone ",saulad.alvi,"2018-10-28 12:14:41",201810284728,1,NULL,NULL
1656,"New Laptop requiremnet",ekramul.amin,"2018-10-28 11:17:46",201810284723,1,NULL,NULL
1655,"PC  slow working ",anayat.masum,"2018-10-28 10:21:00",201810284722,1,NULL,NULL
1654,"PC power connectio",anayat.masum,"2018-10-28 10:16:48",201810284721,1,NULL,NULL
1653,"i need 23/24 inch Monitor ",masud.mia,"2018-10-25 16:53:04",201810254714,1,NULL,NULL
1652,"Mail setup on my personal MacBook",masud.mia,"2018-10-25 16:31:12",201810254713,1,NULL,NULL
1651,"LAN connection setup for NMC GF",asraful.islam,"2018-10-25 13:07:03",201810254712,1,NULL,NULL
1650,"WiFi shifting ",asraful.islam,"2018-10-25 13:06:29",201810254711,1,NULL,NULL
1649,"Printer set up",asraful.islam,"2018-10-25 13:05:03",201810254710,1,NULL,NULL
1648,"Troubleshooting ",asraful.islam,"2018-10-25 13:01:27",201810254709,1,NULL,NULL
1647,"Access permission",asraful.islam,"2018-10-25 13:00:53",201810254708,1,NULL,NULL
1646,"Access permission for Hi-Tech Park",asraful.islam,"2018-10-25 13:00:14",201810254707,1,NULL,NULL
1645,"Troubleshooting ",asraful.islam,"2018-10-25 12:57:46",201810254706,1,NULL,NULL
1644,"ID card deactivation ",asraful.islam,"2018-10-25 12:56:39",201810254705,1,NULL,NULL
1643,"New card entry and access",asraful.islam,"2018-10-25 12:55:37",201810254704,1,NULL,NULL
1642,"Printer setup",asraful.islam,"2018-10-25 12:52:36",201810254703,1,NULL,NULL
1641,"Google earth and account setting ",faruque.hossen,"2018-10-25 11:20:09",201810254700,1,NULL,NULL
1640,"New Laptop",moinuddin,"2018-10-25 11:04:19",201810254698,1,NULL,NULL
1639,"Windows Activation",shafiq,"2018-10-22 16:08:02",201810224677,1,NULL,NULL
1638,"New OS installation ",asraful.islam,"2018-10-22 10:48:26",201810224673,1,NULL,NULL
1637,"Laptop problem",asraful.islam,"2018-10-22 10:47:39",201810224672,1,NULL,NULL
1636,"Petty cash adjustment ",asraful.islam,"2018-10-22 10:46:59",201810224671,1,NULL,NULL
1635,"LAN connection setup",asraful.islam,"2018-10-22 10:46:18",201810224670,1,NULL,NULL
1634,"Troubleshooting ",asraful.islam,"2018-10-22 10:44:33",201810224669,1,NULL,NULL
1633,"Printer servicing ",asraful.islam,"2018-10-22 10:43:58",201810224668,1,NULL,NULL
1632,"Printer setup and software installation",asraful.islam,"2018-10-22 10:42:43",201810224667,1,NULL,NULL
1631,"Data recovery and new OS installation",asraful.islam,"2018-10-22 10:41:53",201810224666,1,NULL,NULL
1630,"Printer setup ",asraful.islam,"2018-10-22 10:41:01",201810224665,1,NULL,NULL
1629,"Printer setup",asraful.islam,"2018-10-22 10:37:37",201810224664,1,NULL,NULL
1628,"IT Room arrangement ",saulad.alvi,"2018-10-21 17:43:26",201810214656,1,NULL,NULL
1627,"Product collection from store ",asraful.islam,"2018-10-17 18:04:25",201810174639,1,NULL,NULL
1626,"New card entry access ",asraful.islam,"2018-10-17 18:03:51",201810174638,1,NULL,NULL
1625,"scanner problem ",asraful.islam,"2018-10-17 18:03:22",201810174637,1,NULL,NULL
1624,"Went to elephant road for  Purchase product  ",asraful.islam,"2018-10-17 18:02:50",201810174636,1,NULL,NULL
1623,"Document process and PR related work  ",asraful.islam,"2018-10-17 18:01:32",201810174635,1,NULL,NULL
1622,"Door access related work",asraful.islam,"2018-10-17 18:00:12",201810174634,1,NULL,NULL
1621,"New OS installation ",asraful.islam,"2018-10-17 17:59:34",201810174633,1,NULL,NULL
1620,"Document related work ",asraful.islam,"2018-10-17 17:58:55",201810174632,1,NULL,NULL
1619,"Material Inspection",shakil.khan,"2018-10-17 13:56:45",201810174629,1,NULL,NULL
1618,"card access for nmc GF",asraful.islam,"2018-10-15 18:51:49",201810154607,1,NULL,NULL
1617,"Laptop slow ",asraful.islam,"2018-10-15 18:50:08",201810154606,1,NULL,NULL
1616,"Printer problem",asraful.islam,"2018-10-15 18:49:38",201810154605,1,NULL,NULL
1615,"mail configure ",asraful.islam,"2018-10-15 18:48:30",201810154604,1,NULL,NULL
1614,"New PC Setup and OS installation ",asraful.islam,"2018-10-15 18:47:57",201810154603,1,NULL,NULL
1613,"CCTV Camera server",saulad.alvi,"2018-10-15 12:32:57",201810154594,1,NULL,NULL
1612,"ID card deactivation ",asraful.islam,"2018-10-11 10:51:58",201810114539,1,NULL,NULL
1611,"Went to PGCB for PC problem",asraful.islam,"2018-10-11 10:45:55",201810114538,1,NULL,NULL
1610,"CCTV server",saulad.alvi,"2018-10-10 14:04:04",201810104533,1,NULL,NULL
1609,"Document work ",asraful.islam,"2018-10-09 18:35:06",201810094516,1,NULL,NULL
1608,"NMC GF access permission",asraful.islam,"2018-10-09 18:34:15",201810094515,1,NULL,NULL
1607,"access permission for NMC gf",asraful.islam,"2018-10-09 18:31:54",201810094514,1,NULL,NULL
1606,"Laptop configure",asraful.islam,"2018-10-09 18:31:21",201810094513,1,NULL,NULL
1605,"out of office for purchase product ",asraful.islam,"2018-10-09 18:30:36",201810094512,1,NULL,NULL
1604,"Out of office work",asraful.islam,"2018-10-09 18:29:41",201810094511,1,NULL,NULL
1603,"Keyboard replacement",asraful.islam,"2018-10-09 18:28:12",201810094509,1,NULL,NULL
1602,"Keyboard replacement ",asraful.islam,"2018-10-09 18:26:49",201810094508,1,NULL,NULL
1601,"Printer ink replacement ",asraful.islam,"2018-10-09 18:24:10",201810094506,1,NULL,NULL
1600,"LAN connection problem and virus related issue ",asraful.islam,"2018-10-09 18:22:43",201810094505,1,NULL,NULL
1599,"desk shift",asraful.islam,"2018-10-09 18:21:48",201810094504,1,NULL,NULL
1598,"Desk shift",asraful.islam,"2018-10-09 18:21:20",201810094503,1,NULL,NULL
1597,"Printer setup",asraful.islam,"2018-10-09 18:19:40",201810094502,1,NULL,NULL
1596,"Data backup",asraful.islam,"2018-10-09 18:19:05",201810094501,1,NULL,NULL
1595,"Printer problem",asraful.islam,"2018-10-09 18:16:51",201810094500,1,NULL,NULL
1594,"Laptop FAN faulty",sajjad.amin,"2018-10-09 15:41:42",201810094492,1,NULL,NULL
1593,"Laptop motherboard problem",asraful.islam,"2018-10-09 10:00:38",201810094481,1,NULL,NULL
1592,"IT Equipment for HR",noorsat.alam,"2018-10-07 15:16:52",201810074460,1,NULL,NULL
1591,"New 11 ID card entry and access ",asraful.islam,"2018-10-04 15:57:14",201810044451,1,NULL,NULL
1590,"Laptop Side Part Broken Issue",fahim,"2018-10-04 14:42:34",201810044450,1,NULL,NULL
1589,"Access permission",asraful.islam,"2018-10-04 13:07:55",201810044449,1,NULL,NULL
1588,"IP phone problem ",asraful.islam,"2018-10-04 13:06:57",201810044448,1,NULL,NULL
1587,"Printer setup",asraful.islam,"2018-10-04 13:05:05",201810044447,1,NULL,NULL
1586,"Printer set up and window date ex pair",sayed.firoz,"2018-10-04 12:06:16",201810044446,1,NULL,NULL
1585,"Laptop display problem ",asraful.islam,"2018-10-03 18:04:30",201810034443,1,NULL,NULL
1584,"Door access server related work",asraful.islam,"2018-10-03 17:36:47",201810034442,1,NULL,NULL
1583,"Data transfer,mail configure and printer setup",asraful.islam,"2018-10-03 17:35:47",201810034441,1,NULL,NULL
1582,"Mail configure ",asraful.islam,"2018-10-03 17:33:59",201810034440,1,NULL,NULL
1581,"New OS installation",asraful.islam,"2018-10-03 17:33:12",201810034439,1,NULL,NULL
1580,"Access permission ",asraful.islam,"2018-10-03 17:32:11",201810034438,1,NULL,NULL
1579,"MS office problem",asraful.islam,"2018-10-03 17:31:34",201810034437,1,NULL,NULL
1578,"Laptop hanged.",fatema.jannat,"2018-10-03 10:33:08",201810034432,1,NULL,NULL
1577,"Display problem. Blue screen error problem & Viruses problem. ",jaker,"2018-10-02 18:00:43",201810024429,1,NULL,NULL
1576,"Printer and software installation ",asraful.islam,"2018-10-01 18:07:19",201810014417,1,NULL,NULL
1575,"access permission",asraful.islam,"2018-10-01 18:06:32",201810014416,1,NULL,NULL
1574,"PC Slow ",diptungshu,"2018-10-01 11:42:46",201810014412,1,NULL,NULL
1573,"ID card deactivation ",asraful.islam,"2018-10-01 11:36:00",201810014411,1,NULL,NULL
1572,"Outlook problem ",asraful.islam,"2018-10-01 11:33:03",201810014410,1,NULL,NULL
1571,"CCTV server related work",asraful.islam,"2018-10-01 11:32:35",201810014409,1,NULL,NULL
1570,"door access server related work",asraful.islam,"2018-10-01 11:32:06",201810014408,1,NULL,NULL
1569,"Mail configure in cell phone",asraful.islam,"2018-10-01 11:31:03",201810014407,1,NULL,NULL
1568,"Mail configure in cell phone",asraful.islam,"2018-10-01 11:30:02",201810014406,1,NULL,NULL
1567,"Mail configure in cell phone",asraful.islam,"2018-10-01 11:29:09",201810014405,1,NULL,NULL
1566,"Mail configure in cell phone",asraful.islam,"2018-10-01 11:28:52",201810014404,1,NULL,NULL
1565,"Mail configure in cell phone",asraful.islam,"2018-10-01 11:28:31",201810014403,1,NULL,NULL
1564,"Access permission for 15 user",asraful.islam,"2018-10-01 11:26:55",201810014402,1,NULL,NULL
1563,"News process and upload",asraful.islam,"2018-10-01 11:23:25",201810014401,1,NULL,NULL
1562,"New laptop configure ",asraful.islam,"2018-10-01 11:22:30",201810014400,1,NULL,NULL
1561,"New OS installation",asraful.islam,"2018-10-01 11:20:42",201810014399,1,NULL,NULL
1560,"New laptop configure ",asraful.islam,"2018-10-01 11:20:09",201810014398,1,NULL,NULL
1559,"Inventory Mobile communication problem",shahadat.hossain,"2018-09-27 21:04:22",201809274395,1,NULL,NULL
1558,"Software installation ",asraful.islam,"2018-09-27 10:05:50",201809274391,1,NULL,NULL
1557,"New OS installation ",asraful.islam,"2018-09-27 09:59:11",201809274390,1,NULL,NULL
1556,"Natore CO IP phone is mulfunctioning",rashedul.hasan,"2018-09-26 14:48:05",201809264388,1,NULL,NULL
1555,"Access permission",asraful.islam,"2018-09-26 11:38:11",201809264385,1,NULL,NULL
1554,"IP phone problem",asraful.islam,"2018-09-25 18:09:38",201809254384,1,NULL,NULL
1553,"IP phone problem",asraful.islam,"2018-09-25 18:09:03",201809254383,1,NULL,NULL
1552,"IP phone problem",asraful.islam,"2018-09-25 18:08:14",201809254382,1,NULL,NULL
1551,"IP phone problem",asraful.islam,"2018-09-25 18:07:05",201809254381,1,NULL,NULL
1550,"Access permission",asraful.islam,"2018-09-25 18:03:14",201809254380,1,NULL,NULL
1549,"WiFi router information ",asraful.islam,"2018-09-25 17:59:07",201809254379,1,NULL,NULL
1548,"HO 1st floor printer problem",asraful.islam,"2018-09-25 17:57:46",201809254378,1,NULL,NULL
1547,"petty cash adjustment related work",asraful.islam,"2018-09-25 17:54:55",201809254377,1,NULL,NULL
1546,"OS License Expair",abu.niser,"2018-09-25 14:27:24",201809254373,1,NULL,NULL
1545,"Software and Laptop slow",amir.hamza,"2018-09-25 13:01:37",201809254371,1,NULL,NULL
1544,"Parches  UPS",asraful.islam,"2018-09-24 15:50:12",201809244368,1,NULL,NULL
1543,"software ",asraful.islam,"2018-09-24 14:09:10",201809244363,1,NULL,NULL
1542,"LAN connection problem",asraful.islam,"2018-09-24 13:35:20",201809244362,1,NULL,NULL
1541,"UPS not giving backup",asraful.islam,"2018-09-24 13:34:48",201809244361,1,NULL,NULL
1540,"software related problem",asraful.islam,"2018-09-24 13:34:08",201809244360,1,NULL,NULL
1539,"CCTV server problem",asraful.islam,"2018-09-24 13:32:49",201809244359,1,NULL,NULL
1538,"2 New server PC LAN and driver problem",asraful.islam,"2018-09-24 13:32:13",201809244358,1,NULL,NULL
1537,"access permission for ID 02-1649",asraful.islam,"2018-09-20 15:08:10",201809204348,1,NULL,NULL
1536,"access permission for HR",asraful.islam,"2018-09-20 15:07:22",201809204347,1,NULL,NULL
1535,"Outlook problem",asraful.islam,"2018-09-20 15:06:32",201809204346,1,NULL,NULL
1534,"OS and software installation ",asraful.islam,"2018-09-19 14:58:41",201809194341,1,NULL,NULL
1533,"Access permission for ID 02-0597",asraful.islam,"2018-09-19 14:36:41",201809194340,1,NULL,NULL
1532,"Windows, browser and slow problem ",asraful.islam,"2018-09-19 08:49:53",201809194334,1,NULL,NULL
1531,"Need to enable virtulization in IOS.",hasan,"2018-09-18 14:35:01",201809184329,1,NULL,NULL
1530,"WIndows will expire soon",hasan,"2018-09-18 14:01:21",201809184328,1,NULL,NULL
1529,"AGM to AGM above 34 users access permission in MKT new door",asraful.islam,"2018-09-18 09:31:26",201809184325,1,NULL,NULL
1528,"Access permission",asraful.islam,"2018-09-18 09:30:17",201809184324,1,NULL,NULL
1527,"HO 3rd floor camera problem",asraful.islam,"2018-09-17 14:23:11",201809174321,1,NULL,NULL
1526,"access problem",asraful.islam,"2018-09-17 14:22:32",201809174320,1,NULL,NULL
1525,"windows activation",asraful.islam,"2018-09-17 14:21:38",201809174319,1,NULL,NULL
1524,"webmail configure",asraful.islam,"2018-09-17 14:10:27",201809174318,1,NULL,NULL
1523,"Outlook Configure",asraful.islam,"2018-09-17 14:09:45",201809174317,1,NULL,NULL
1522,"Windows and Office Activation",shakil.khan,"2018-09-17 10:23:56",201809174315,1,NULL,NULL
1521,"Print server problem  ",asraful.islam,"2018-09-17 08:52:02",201809174310,1,NULL,NULL
1520,"Access permission ",asraful.islam,"2018-09-17 08:50:43",201809174309,1,NULL,NULL
1519,"Software problem",asraful.islam,"2018-09-13 15:13:49",201809134300,1,NULL,NULL
1518,"4 LAN connectivity in new server room to server roon",asraful.islam,"2018-09-13 15:12:59",201809134299,1,NULL,NULL
1517,"Printer setup",asraful.islam,"2018-09-13 15:11:36",201809134298,1,NULL,NULL
1516,"Wifi problem",asraful.islam,"2018-09-13 15:11:07",201809134297,1,NULL,NULL
1515,"Printer setup",asraful.islam,"2018-09-13 15:10:22",201809134296,1,NULL,NULL
1514,"Printing problem",asraful.islam,"2018-09-13 15:09:42",201809134295,1,NULL,NULL
1513,"Access permission for ID 1324",asraful.islam,"2018-09-13 15:09:08",201809134294,1,NULL,NULL
1512,"Laptop delivery ",asraful.islam,"2018-09-13 15:08:21",201809134293,1,NULL,NULL
1511,"Windows activation",anwarul.islam,"2018-09-13 09:05:19",201809134290,1,NULL,NULL
1510,"LAN Connectivity for new server",asraful.islam,"2018-09-13 08:57:34",201809134289,1,NULL,NULL
1509,"Access permission for ID 02-1260",asraful.islam,"2018-09-13 08:56:36",201809134288,1,NULL,NULL
1508,"News process and upload",asraful.islam,"2018-09-12 10:16:48",201809124280,1,NULL,NULL
1507,"Data base related work ",asraful.islam,"2018-09-12 10:16:15",201809124279,1,NULL,NULL
1506,"windows activation",asraful.islam,"2018-09-12 10:15:23",201809124278,1,NULL,NULL
1505,"Printer setup",asraful.islam,"2018-09-12 10:14:27",201809124277,1,NULL,NULL
1504,"Gajipur door access device all user access permission given",asraful.islam,"2018-09-12 10:13:55",201809124276,1,NULL,NULL
1503,"New card entry and access ",asraful.islam,"2018-09-12 10:12:34",201809124275,1,NULL,NULL
1502,"Above 300 user access permission in new AC device NMC GF",asraful.islam,"2018-09-12 10:11:42",201809124274,1,NULL,NULL
1501,"Soft Phone",sazzad.hossain,"2018-09-12 09:45:33",201809124271,1,NULL,NULL
1500,"Soft Phone",sazzad.hossain,"2018-09-12 09:43:01",201809124268,1,NULL,NULL
1499,"Soft phone",sazzad.hossain,"2018-09-12 09:42:17",201809124267,1,NULL,NULL
1498,"New Door access at MKT floor",asraful.islam,"2018-09-10 15:37:38",201809104260,1,NULL,NULL
1497,"windows activation ",asraful.islam,"2018-09-10 14:07:34",201809104259,1,NULL,NULL
1496,"Laptop Adapter problem ",asraful.islam,"2018-09-10 14:02:10",201809104258,1,NULL,NULL
1495,"ID card deactivation",asraful.islam,"2018-09-10 14:00:04",201809104257,1,NULL,NULL
1494,"Desktop configure and outlook configure",asraful.islam,"2018-09-10 13:59:10",201809104256,1,NULL,NULL
1493,"New ID card entry and access ",asraful.islam,"2018-09-10 13:57:12",201809104255,1,NULL,NULL
1492,"New PC configure and outlook configure at Hi-Tech park",asraful.islam,"2018-09-10 13:56:23",201809104254,1,NULL,NULL
1491,"Hi-Tech Park access control device related work",asraful.islam,"2018-09-10 13:54:26",201809104253,1,NULL,NULL
1490,"News process and upload",asraful.islam,"2018-09-10 13:51:47",201809104252,1,NULL,NULL
1489,"Windows activation",asraful.islam,"2018-09-10 13:50:09",201809104250,1,NULL,NULL
1488,"memory overflow",nabi.rony,"2018-09-09 10:44:27",201809094243,1,NULL,NULL
1487,"Printing problem",asraful.islam,"2018-09-05 15:33:54",201809054236,1,NULL,NULL
1486,"Outlook problem",asraful.islam,"2018-09-05 15:32:32",201809054235,1,NULL,NULL
1485,"Access permission ",asraful.islam,"2018-09-05 15:31:53",201809054234,1,NULL,NULL
1484,"printing problem",asraful.islam,"2018-09-05 15:31:00",201809054233,1,NULL,NULL
1483,"New 13 ID card entry and access permission",asraful.islam,"2018-09-05 15:30:15",201809054232,1,NULL,NULL
1482,"Outlook configuration",asraful.islam,"2018-09-05 15:29:30",201809054231,1,NULL,NULL
1481,"New OS",asraful.islam,"2018-09-05 15:28:45",201809054230,1,NULL,NULL
1480,Store,sazzad.hossain,"2018-09-04 16:41:06",201809044226,1,NULL,NULL
1479,"Meeting ",saulad.alvi,"2018-08-30 11:27:21",201808304201,1,NULL,NULL
1478,"New ID card entry and access",asraful.islam,"2018-08-27 18:03:29",201808274185,1,NULL,NULL
1477,"Laptop OS Slow problem.",shamim.salim,"2018-08-27 10:49:58",201808274183,1,NULL,NULL
1476,Store,sazzad.hossain,"2018-08-27 09:02:50",201808274177,1,NULL,NULL
1475,"Laptop Battery",sazzad.hossain,"2018-08-27 08:58:39",201808274176,1,NULL,NULL
1474,"HDD Policy",sazzad.hossain,"2018-08-27 08:51:51",201808274173,1,NULL,NULL
1473,"File Sharing ",sazzad.hossain,"2018-08-27 08:48:58",201808274172,1,NULL,NULL
1472,Store,sazzad.hossain,"2018-08-27 08:39:00",201808274169,1,NULL,NULL
1471,Store,sazzad.hossain,"2018-08-27 08:35:29",201808274167,1,NULL,NULL
1470,"Activation ",sazzad.hossain,"2018-08-27 08:28:56",201808274164,1,NULL,NULL
1469,"Toner of printer.",jahid.hossain,"2018-08-16 17:13:35",201808164147,1,NULL,NULL
1468,"Conference related work",asraful.islam,"2018-08-16 14:11:02",201808164146,1,NULL,NULL
1467,"Access permission",asraful.islam,"2018-08-16 14:09:45",201808164145,1,NULL,NULL
1466,"UPS problem",asraful.islam,"2018-08-16 14:09:18",201808164144,1,NULL,NULL
1465,"Printer setup",asraful.islam,"2018-08-16 14:08:40",201808164143,1,NULL,NULL
1464,"Access permission",asraful.islam,"2018-08-14 12:47:16",201808144140,1,NULL,NULL
1463,"Access permission ",asraful.islam,"2018-08-14 12:46:35",201808144139,1,NULL,NULL
1462,"File sharing ",asraful.islam,"2018-08-14 10:45:53",201808144138,1,NULL,NULL
1461,"Printer setup",asraful.islam,"2018-08-14 10:45:27",201808144137,1,NULL,NULL
1460,"Printer setup",asraful.islam,"2018-08-14 10:44:58",201808144136,1,NULL,NULL
1459,"Printer setup",asraful.islam,"2018-08-14 10:44:18",201808144135,1,NULL,NULL
1458,"Petty cash related work",asraful.islam,"2018-08-13 13:23:52",201808134133,1,NULL,NULL
1457,"Printing problem",asraful.islam,"2018-08-13 13:22:57",201808134132,1,NULL,NULL
1456,"VMS software setup",asraful.islam,"2018-08-13 13:22:18",201808134131,1,NULL,NULL
1455,"HO 3rd camera problem",asraful.islam,"2018-08-13 13:21:35",201808134130,1,NULL,NULL
1454,"MS office activation & outlook & LAN setting ",asraful.islam,"2018-08-13 11:07:08",201808134129,1,NULL,NULL
1453,"Laptop hardware troubleshooting ",asraful.islam,"2018-08-12 17:23:07",201808124128,1,NULL,NULL
1452,"News process and upload",asraful.islam,"2018-08-12 17:22:10",201808124127,1,NULL,NULL
1451,"ID card deactivation ",asraful.islam,"2018-08-12 17:21:39",201808124126,1,NULL,NULL
1450,"LAN connection for new desk MKT",asraful.islam,"2018-08-12 17:20:23",201808124124,1,NULL,NULL
1449,"Store related work",asraful.islam,"2018-08-12 17:19:27",201808124123,1,NULL,NULL
1448,"outlook problem",asraful.islam,"2018-08-12 17:18:52",201808124122,1,NULL,NULL
1447,"User Account",sazzad.hossain,"2018-08-12 12:06:26",201808124109,1,NULL,NULL
1446,"Went to multi plan for printer servicing ",asraful.islam,"2018-08-08 17:41:55",201808084106,1,NULL,NULL
1445,"New Laptop configure ",asraful.islam,"2018-08-08 17:41:12",201808084105,1,NULL,NULL
1444,"New Laptop configure",asraful.islam,"2018-08-07 13:36:27",201808074098,1,NULL,NULL
1443,"Monitor faulty ",asraful.islam,"2018-08-07 11:21:45",201808074095,1,NULL,NULL
1442,"Access permission ",asraful.islam,"2018-08-07 11:20:12",201808074094,1,NULL,NULL
1441,"Access permission",asraful.islam,"2018-08-07 11:19:21",201808074093,1,NULL,NULL
1440,Store,sazzad.hossain,"2018-08-07 10:55:10",201808074091,1,NULL,NULL
1439,"Laptop Battery faulty ",asraful.islam,"2018-08-07 10:40:11",201808074082,1,NULL,NULL
1438,"official Work with vendor",asraful.islam,"2018-08-06 17:04:49",201808064079,1,NULL,NULL
1437,"IP phone problem",asraful.islam,"2018-08-06 17:04:04",201808064078,1,NULL,NULL
1436,"MS office and windows activation ",asraful.islam,"2018-08-06 17:03:03",201808064077,1,NULL,NULL
1435,"Printer Ink refill",asraful.islam,"2018-08-06 17:00:51",201808064076,1,NULL,NULL
1434,"IP phone set up",asraful.islam,"2018-08-06 17:00:02",201808064075,1,NULL,NULL
1433,"LAN connection problem ",asraful.islam,"2018-08-06 16:58:05",201808064073,1,NULL,NULL
1432,"LAN connection setup for IP team",asraful.islam,"2018-08-06 16:57:21",201808064072,1,NULL,NULL
1431,"WiFi soft set up",asraful.islam,"2018-08-06 16:56:37",201808064071,1,NULL,NULL
1430,"New OS Installation ",asraful.islam,"2018-08-06 16:55:35",201808064070,1,NULL,NULL
1429,"Network Switch",sazzad.hossain,"2018-08-06 11:34:10",201808064069,1,NULL,NULL
1428,"New OS",tazin.sarjana,"2018-08-05 15:30:58",201808054066,1,NULL,NULL
1427,"Hard drive problem",asraful.islam,"2018-08-02 16:22:46",201808024061,1,NULL,NULL
1426,"paty cash",saulad.alvi,"2018-08-01 13:31:40",201808014050,1,NULL,NULL
1425,"Keyboard & Mouse",lutful.kabir,"2018-08-01 11:25:16",201808014048,1,NULL,NULL
1424,"Laptop Dell Inspiron 15.6" - Intel Core i5 - 8GB 2400MHz DDR4 - 1 TB 5400 RPM HDD - Intel HD graphics 620 - i3567-5149BLK",,"2018-08-01 07:49:28",201808014046,1,NULL,NULL
1423,"BIOS Virtualization Enabling and Software Setup",saifullah,"2018-07-31 15:16:37",201807314044,1,NULL,NULL
1422,"Exam related work",asraful.islam,"2018-07-30 17:10:52",201807304040,1,NULL,NULL
1421,"Laptop configure",asraful.islam,"2018-07-30 17:10:00",201807304039,1,NULL,NULL
1420,"New card entry and access",asraful.islam,"2018-07-30 17:07:17",201807304038,1,NULL,NULL
1419,"News process and upload",asraful.islam,"2018-07-30 17:06:28",201807304037,1,NULL,NULL
1418,"LAN connection checking for NMC GF",asraful.islam,"2018-07-30 17:05:54",201807304036,1,NULL,NULL
1417,"Petty cash related work",asraful.islam,"2018-07-30 17:05:01",201807304035,1,NULL,NULL
1416,"PDF software related problem",asraful.islam,"2018-07-30 17:03:23",201807304034,1,NULL,NULL
1415,"Outlook configure",asraful.islam,"2018-07-30 17:02:48",201807304033,1,NULL,NULL
1414,"Scan file related problem",asraful.islam,"2018-07-30 17:02:17",201807304032,1,NULL,NULL
1413,"Printer and scanner setup ",asraful.islam,"2018-07-30 16:59:31",201807304031,1,NULL,NULL
1412,"outlook set up",tarique,"2018-07-30 10:55:38",201807304030,1,NULL,NULL
1411,"Laptop Servicing",sazzad.hossain,"2018-07-30 09:12:25",201807304023,1,NULL,NULL
1410,"BIOS Flash",sazzad.hossain,"2018-07-30 09:00:35",201807304015,1,NULL,NULL
1409,Store,sazzad.hossain,"2018-07-30 08:56:01",201807304012,1,NULL,NULL
1408,Store,sazzad.hossain,"2018-07-30 08:53:09",201807304010,1,NULL,NULL
1407,"Product Entry",sazzad.hossain,"2018-07-30 08:50:31",201807304008,1,NULL,NULL
1406,"Monitor ",sazzad.hossain,"2018-07-30 08:48:17",201807304007,1,NULL,NULL
1405,"Laptop Servicing ",sazzad.hossain,"2018-07-30 08:38:33",201807304002,1,NULL,NULL
1404,"Video Conference",sazzad.hossain,"2018-07-30 08:32:19",201807303999,1,NULL,NULL
1403,"Out Station work",sazzad.hossain,"2018-07-30 08:28:40",201807303996,1,NULL,NULL
1402,"Purchase ",shihab,"2018-07-29 10:49:44",201807293979,1,NULL,NULL
1401,"MS office Activation",asraful.islam,"2018-07-26 10:37:44",201807263968,1,NULL,NULL
1400,"Too Slow PC",rnbabir,"2018-07-26 09:43:54",201807263966,1,NULL,NULL
1399,"Hard disk replacement and file transfer",asraful.islam,"2018-07-25 17:03:43",201807253962,1,NULL,NULL
1398,"Laptop slow and software related problem",asraful.islam,"2018-07-25 17:02:28",201807253961,1,NULL,NULL
1397,"Software Auto card",asraful.islam,"2018-07-25 17:01:19",201807253960,1,NULL,NULL
1396,Monitor,asraful.islam,"2018-07-25 16:56:59",201807253959,1,NULL,NULL
1395,"store related work",asraful.islam,"2018-07-25 16:56:24",201807253958,1,NULL,NULL
1394,"New OS and all software installation",asraful.islam,"2018-07-25 16:55:43",201807253957,1,NULL,NULL
1393,"Door access related work ",asraful.islam,"2018-07-25 16:53:01",201807253956,1,NULL,NULL
1392,"TAJ printer problem",asraful.islam,"2018-07-25 16:52:20",201807253955,1,NULL,NULL
1391,"PDF related problem",asraful.islam,"2018-07-25 16:51:50",201807253954,1,NULL,NULL
1390,"New OS and all software",asraful.islam,"2018-07-25 16:51:20",201807253953,1,NULL,NULL
1389,"Petty cash related work",asraful.islam,"2018-07-25 16:50:06",201807253952,1,NULL,NULL
1388,"Video conference ",asraful.islam,"2018-07-25 16:49:27",201807253951,1,NULL,NULL
1387,"Mail related problem",asraful.islam,"2018-07-25 16:48:51",201807253950,1,NULL,NULL
1386,"Auto Card software",asraful.islam,"2018-07-25 16:48:14",201807253949,1,NULL,NULL
1385,"Printer setup",asraful.islam,"2018-07-25 16:47:32",201807253948,1,NULL,NULL
1384,"LAN problem",asraful.islam,"2018-07-25 16:46:40",201807253947,1,NULL,NULL
1383,"Motijheel office shifting ",asraful.islam,"2018-07-25 16:45:54",201807253946,1,NULL,NULL
1382,"Monitor ",saulad.alvi,"2018-07-24 15:44:53",201807243941,1,NULL,NULL
1381,"Laptop Configuration.",jobayer,"2018-07-23 17:01:52",201807233936,1,NULL,NULL
1380,converter,shakil.khan,"2018-07-22 12:55:53",201807223931,1,NULL,NULL
1379,"SCM-IT PR",shakil.khan,"2018-07-22 12:26:27",201807223930,1,NULL,NULL
1378,"UTP Cable",mesbha.uddin,"2018-07-18 10:24:04",201807183924,1,NULL,NULL
1377,"Document related work",asraful.islam,"2018-07-16 13:06:14",201807163920,1,NULL,NULL
1376,"NOC LAN connection problem",asraful.islam,"2018-07-16 13:05:26",201807163919,1,NULL,NULL
1375,"PDF software related proelm",asraful.islam,"2018-07-16 13:04:53",201807163918,1,NULL,NULL
1374,"Went to flora for printer servicing ",asraful.islam,"2018-07-16 13:01:29",201807163917,1,NULL,NULL
1373,"LAN connection change",asraful.islam,"2018-07-16 13:00:34",201807163916,1,NULL,NULL
1372,"LAN connection setup",asraful.islam,"2018-07-16 12:59:42",201807163915,1,NULL,NULL
1371,"windows activation",asraful.islam,"2018-07-16 12:59:03",201807163914,1,NULL,NULL
1370,"windows activation and laptop slow problem",asraful.islam,"2018-07-16 12:58:23",201807163913,1,NULL,NULL
1369,"WiFi soft work with Huawei for two days",asraful.islam,"2018-07-16 12:57:41",201807163912,1,NULL,NULL
1368,"outlook problem",asraful.islam,"2018-07-16 12:56:21",201807163911,1,NULL,NULL
1367,"Access permission ",asraful.islam,"2018-07-16 12:54:31",201807163910,1,NULL,NULL
1366,"Windows & MS office activation",asraful.islam,"2018-07-16 12:53:47",201807163909,1,NULL,NULL
1365,"IP phone configure ",asraful.islam,"2018-07-16 12:53:10",201807163908,1,NULL,NULL
1364,"Door access device installation in gajipur ",asraful.islam,"2018-07-16 12:52:31",201807163907,1,NULL,NULL
1363,Headphone,sajib,"2018-07-15 16:02:18",201807153898,1,NULL,NULL
1362,"LAN IP Conflict",shahed.ali,"2018-07-10 09:50:11",201807103881,1,NULL,NULL
1361,"Windows activation",asraful.islam,"2018-07-03 12:56:55",201807033872,1,NULL,NULL
1360,"New ID card entry and  access permission ",asraful.islam,"2018-07-03 11:02:56",201807033871,1,NULL,NULL
1359,"Taj Printer problem",asraful.islam,"2018-07-02 17:54:12",201807023869,1,NULL,NULL
1358,Activation,asraful.islam,"2018-07-02 17:34:16",201807023868,1,NULL,NULL
1357,"Software related problem",asraful.islam,"2018-07-01 19:13:11",201807013867,1,NULL,NULL
1356,"10 New ID card entry and access",asraful.islam,"2018-07-01 19:10:26",201807013866,1,NULL,NULL
1355,"Windows activation",asraful.islam,"2018-07-01 17:58:23",201807013865,1,NULL,NULL
1354,"Printer setup",asraful.islam,"2018-07-01 17:57:42",201807013864,1,NULL,NULL
1353,"5 ID card deactivation",asraful.islam,"2018-07-01 14:11:30",201807013862,1,NULL,NULL
1352,"MS office activation and PDF software problem",asraful.islam,"2018-07-01 14:10:54",201807013861,1,NULL,NULL
1351,"Printer servicing ",asraful.islam,"2018-07-01 14:09:34",201807013860,1,NULL,NULL
1350,"share folder ",saulad.alvi,"2018-06-28 17:48:41",201806283850,1,NULL,NULL
1349,"meeting ",saulad.alvi,"2018-06-28 17:46:00",201806283847,1,NULL,NULL
1348,CCTV,saulad.alvi,"2018-06-28 17:45:16",201806283846,1,NULL,NULL
1347,"meeting ",saulad.alvi,"2018-06-28 17:44:28",201806283845,1,NULL,NULL
1346,"CCTV server ",saulad.alvi,"2018-06-28 17:43:04",201806283844,1,NULL,NULL
1345,"wifi soft ",saulad.alvi,"2018-06-28 17:40:44",201806283842,1,NULL,NULL
1344,"meeting arrangement ",saulad.alvi,"2018-06-28 17:38:29",201806283840,1,NULL,NULL
1343,"Setup and testing video conference  meeting",saulad.alvi,"2018-06-28 17:37:30",201806283839,1,NULL,NULL
1342,"ID card related problem",asraful.islam,"2018-06-28 17:17:55",201806283838,1,NULL,NULL
1341,"Meeting  for CC Camera ",asraful.islam,"2018-06-28 15:55:04",201806283837,1,NULL,NULL
1340,"Access permission",asraful.islam,"2018-06-28 15:52:43",201806283836,1,NULL,NULL
1339,"Conference for MKT with CO & RO",asraful.islam,"2018-06-28 15:52:04",201806283835,1,NULL,NULL
1338,"New OS Installation ",asraful.islam,"2018-06-28 15:32:23",201806283834,1,NULL,NULL
1337,"MS office problem",asraful.islam,"2018-06-27 18:30:07",201806273828,1,NULL,NULL
1336,"access permission",asraful.islam,"2018-06-27 17:43:04",201806273826,1,NULL,NULL
1335,"Windows activation and MS office ",asraful.islam,"2018-06-27 17:27:22",201806273825,1,NULL,NULL
1334,"Patty Cash Purchase ",shihab,"2018-06-26 17:47:45",201806263815,1,NULL,NULL
1333,"News process and upload ",asraful.islam,"2018-06-26 17:23:07",201806263813,1,NULL,NULL
1332,"New desktop configuration",asraful.islam,"2018-06-26 17:22:25",201806263812,1,NULL,NULL
1331,"New Printer setup",asraful.islam,"2018-06-26 17:21:56",201806263811,1,NULL,NULL
1330,"Software related problem",asraful.islam,"2018-06-26 17:21:22",201806263810,1,NULL,NULL
1329,"OS repair",asraful.islam,"2018-06-26 17:20:35",201806263809,1,NULL,NULL
1328,"windows activation",tanmoy.kumar,"2018-06-26 16:34:20",201806263807,1,NULL,NULL
1327,"Visio not working",nabi.rony,"2018-06-26 15:47:30",201806263806,1,NULL,NULL
1326,"access permission ",asraful.islam,"2018-06-25 17:10:45",201806253803,1,NULL,NULL
1325,"Software related and printing problem",asraful.islam,"2018-06-25 17:03:47",201806253802,1,NULL,NULL
1324,"New printer setup for two users",asraful.islam,"2018-06-25 17:01:10",201806253800,1,NULL,NULL
1323,"New printer setup",asraful.islam,"2018-06-25 17:00:22",201806253799,1,NULL,NULL
1322,"New Printer setup",asraful.islam,"2018-06-25 16:58:07",201806253798,1,NULL,NULL
1321,"Printing problem",asraful.islam,"2018-06-25 16:56:42",201806253797,1,NULL,NULL
1320,"MKT printer problem",asraful.islam,"2018-06-25 16:42:06",201806253796,1,NULL,NULL
1319,"Laptop configure",asraful.islam,"2018-06-25 16:41:03",201806253795,1,NULL,NULL
1318,"New laptop configure",asraful.islam,"2018-06-25 16:39:55",201806253794,1,NULL,NULL
1317,"New Laptop configure",asraful.islam,"2018-06-25 16:38:46",201806253793,1,NULL,NULL
1316,"New OS installation",asraful.islam,"2018-06-25 16:37:27",201806253792,1,NULL,NULL
1315,"New printer setup ",asraful.islam,"2018-06-24 17:51:12",201806243787,1,NULL,NULL
1314,"New laptop configure ",asraful.islam,"2018-06-24 17:50:18",201806243786,1,NULL,NULL
1313,"New ID card entry and access",asraful.islam,"2018-06-24 17:48:04",201806243784,1,NULL,NULL
1312,"OS activation",kishor.kumar,"2018-06-24 11:58:56",201806243782,1,NULL,NULL
1311,"Purchase Vie Petty Cash",shihab,"2018-06-21 12:06:43",201806213775,1,NULL,NULL
1310,"Mouse is not functioning",jahid.hossain,"2018-06-21 09:44:25",201806213770,1,NULL,NULL
1309,"WIFI Soft ",saulad.alvi,"2018-06-20 11:21:55",201806203768,1,NULL,NULL
1308,CCTV,saulad.alvi,"2018-06-20 11:20:20",201806203767,1,NULL,NULL
1307,"CCTV Server ",saulad.alvi,"2018-06-19 14:18:01",201806193764,1,NULL,NULL
1306,"Windows activation",fahmidaislam,"2018-06-12 10:53:19",201806123753,1,NULL,NULL
1305,"LAN connection problem",asraful.islam,"2018-06-11 14:01:39",201806113750,1,NULL,NULL
1304,"video conference  ifter party ",saulad.alvi,"2018-06-07 14:20:03",201806073737,1,NULL,NULL
1303,"Development Work ",shihab,"2018-06-07 14:16:56",201806073736,1,NULL,NULL
1302,"CCTV Camera",saulad.alvi,"2018-06-07 14:15:38",201806073733,1,NULL,NULL
1301,"Check the Lan connection ok or not at NMC 1st floor.",smsumon,"2018-06-07 11:01:23",201806073731,1,NULL,NULL
1300,"Development Work ",shihab,"2018-06-06 14:17:08",201806063730,1,NULL,NULL
1299,"Outlook related problem",asraful.islam,"2018-06-06 12:16:57",201806063727,1,NULL,NULL
1298,"Printer and WiFi related work",asraful.islam,"2018-06-06 12:16:18",201806063726,1,NULL,NULL
1297,"Printer related problem",asraful.islam,"2018-06-06 12:14:44",201806063725,1,NULL,NULL
1296,"Projector related issue",asraful.islam,"2018-06-06 12:13:48",201806063724,1,NULL,NULL
1295,"Mail related issue",asraful.islam,"2018-06-06 12:12:33",201806063723,1,NULL,NULL
1294,"CC camera server related work",asraful.islam,"2018-06-06 12:06:56",201806063722,1,NULL,NULL
1293,"New card entry and access",asraful.islam,"2018-06-06 12:05:24",201806063720,1,NULL,NULL
1292,"Motijheel office survey ",asraful.islam,"2018-06-06 12:04:42",201806063719,1,NULL,NULL
1291,"Survey report",asraful.islam,"2018-06-06 12:04:02",201806063718,1,NULL,NULL
1290,"Taj Printer problem",asraful.islam,"2018-06-06 12:03:21",201806063717,1,NULL,NULL
1289,"LAN connection",asraful.islam,"2018-06-06 12:02:42",201806063716,1,NULL,NULL
1288,"New LAN connection setup",asraful.islam,"2018-06-06 12:00:47",201806063715,1,NULL,NULL
1287,"CC camera software and views  related issue",asraful.islam,"2018-06-06 11:59:56",201806063714,1,NULL,NULL
1286,"Printing problem",asraful.islam,"2018-06-06 11:58:26",201806063713,1,NULL,NULL
1285,Database,sazzad.hossain,"2018-06-06 10:44:47",201806063712,1,NULL,NULL
1284,"Damage Laptop adapter check",sazzad.hossain,"2018-06-06 10:36:02",201806063707,1,NULL,NULL
1283,"IT Room Rearrange ",sazzad.hossain,"2018-06-06 10:32:52",201806063705,1,NULL,NULL
1282,"Check out Damage Devices ",sazzad.hossain,"2018-06-06 10:31:21",201806063704,1,NULL,NULL
1281,Store,sazzad.hossain,"2018-06-06 10:18:58",201806063696,1,NULL,NULL
1280,Store,sazzad.hossain,"2018-06-06 10:18:17",201806063695,1,NULL,NULL
1279,"Conference Room Check",sazzad.hossain,"2018-06-06 10:08:46",201806063694,1,NULL,NULL
1278,"maintenanceÂ  ",sazzad.hossain,"2018-06-06 09:46:33",201806063688,1,NULL,NULL
1277,"Video Conference ",sazzad.hossain,"2018-06-06 09:44:42",201806063686,1,NULL,NULL
1276,Store,sazzad.hossain,"2018-06-06 09:38:48",201806063684,1,NULL,NULL
1275,Store,sazzad.hossain,"2018-06-06 09:33:12",201806063683,1,NULL,NULL
1274,Store,sazzad.hossain,"2018-06-06 09:08:12",201806063674,1,NULL,NULL
1273,Store,sazzad.hossain,"2018-06-06 09:07:11",201806063673,1,NULL,NULL
1272,"Conference Room Check",sazzad.hossain,"2018-06-06 09:03:00",201806063670,1,NULL,NULL
1271,"Communication with vendor and data related work",asraful.islam,"2018-06-05 15:09:56",201806053667,1,NULL,NULL
1270,"New Monitor setup",asraful.islam,"2018-06-05 15:05:45",201806053666,1,NULL,NULL
1269,"Paper related work",asraful.islam,"2018-06-05 15:04:57",201806053665,1,NULL,NULL
1268,"Product  inspection, collection",asraful.islam,"2018-06-05 15:02:00",201806053664,1,NULL,NULL
1267,"Development Work ",shihab,"2018-06-04 14:37:08",201806043658,1,NULL,NULL
1266,"Monitor and RAM",sazzad.hossain,"2018-06-04 10:15:27",201806043652,1,NULL,NULL
1265,"Out of office work",asraful.islam,"2018-06-03 15:49:22",201806033640,1,NULL,NULL
1264,"communicate with vendor ",asraful.islam,"2018-06-03 15:47:11",201806033638,1,NULL,NULL
1263,"Video conference for Iftar party ",asraful.islam,"2018-06-03 15:45:14",201806033637,1,NULL,NULL
1262,"LAN connection problem",asraful.islam,"2018-06-03 15:39:48",201806033636,1,NULL,NULL
1261,"Ink refill",asraful.islam,"2018-06-03 15:37:30",201806033635,1,NULL,NULL
1260,"Product handover ",asraful.islam,"2018-06-03 15:36:52",201806033634,1,NULL,NULL
1259,"Printer set up",asraful.islam,"2018-06-03 15:35:08",201806033633,1,NULL,NULL
1258,"Printer setup, software reloaded problem  ",asraful.islam,"2018-06-03 15:34:01",201806033632,1,NULL,NULL
1257,"Development Work ",shihab,"2018-05-31 14:43:42",201805313622,1,NULL,NULL
1256,"Development Work ",shihab,"2018-05-31 14:43:07",201805313621,1,NULL,NULL
1255,"Windows 10 installation & Antivirus",probir,"2018-05-30 09:33:20",201805303618,1,NULL,NULL
1254,"Adapter problem  ",asraful.islam,"2018-05-29 15:20:12",201805293616,1,NULL,NULL
1253,"LAN connection",asraful.islam,"2018-05-29 12:16:17",201805293611,1,NULL,NULL
1252,"Temporary laptop configure ",asraful.islam,"2018-05-29 12:12:25",201805293610,1,NULL,NULL
1251,"New ID card entry and access ",asraful.islam,"2018-05-29 12:06:18",201805293609,1,NULL,NULL
1250,"News ",asraful.islam,"2018-05-29 12:05:40",201805293608,1,NULL,NULL
1249,"Windows and MS office activation",asraful.islam,"2018-05-27 14:54:46",201805273606,1,NULL,NULL
1248,"HO store Camera problem",asraful.islam,"2018-05-27 14:53:40",201805273605,1,NULL,NULL
1247,"IT product parches related work ",asraful.islam,"2018-05-27 14:53:00",201805273604,1,NULL,NULL
1246,"Printer setup",asraful.islam,"2018-05-27 14:52:06",201805273603,1,NULL,NULL
1245,"Outlook problem",asraful.islam,"2018-05-27 14:51:38",201805273602,1,NULL,NULL
1244,"Dhanmondi Store CC camera Installation  ",asraful.islam,"2018-05-27 14:51:11",201805273601,1,NULL,NULL
1243,"CC Camera related work",asraful.islam,"2018-05-27 14:50:09",201805273600,1,NULL,NULL
1242,Store,sazzad.hossain,"2018-05-27 13:31:52",201805273597,1,NULL,NULL
1241,"User Account",sazzad.hossain,"2018-05-27 13:11:23",201805273590,1,NULL,NULL
1240,"User Account",sazzad.hossain,"2018-05-27 12:44:10",201805273580,1,NULL,NULL
1239,"User Account",sazzad.hossain,"2018-05-27 12:44:06",201805273579,1,NULL,NULL
1238,"User Account",sazzad.hossain,"2018-05-27 12:44:02",201805273578,1,NULL,NULL
1237,"User Account",sazzad.hossain,"2018-05-27 12:43:58",201805273577,1,NULL,NULL
1236,"User Account",sazzad.hossain,"2018-05-27 12:43:54",201805273576,1,NULL,NULL
1235,"Need a laptop",reza,"2018-05-24 15:04:38",201805243566,1,NULL,NULL
1234,"Need a Laptop for office use ",reza,"2018-05-24 13:36:59",201805243563,1,NULL,NULL
1233,Headphone,sajib,"2018-05-23 17:23:03",201805233562,1,NULL,NULL
1232,"CC Camera Software and manage",asraful.islam,"2018-05-23 15:25:42",201805233561,1,NULL,NULL
1231,"CC camera installation ",asraful.islam,"2018-05-23 15:24:25",201805233560,1,NULL,NULL
1230,"Laptop adapter faulty ",asraful.islam,"2018-05-23 15:22:54",201805233559,1,NULL,NULL
1229,"HO 1st floor Printer related issue",asraful.islam,"2018-05-23 15:22:05",201805233558,1,NULL,NULL
1228,"Door access data report work",asraful.islam,"2018-05-23 15:20:53",201805233557,1,NULL,NULL
1227,"Out of office work",asraful.islam,"2018-05-23 15:20:08",201805233556,1,NULL,NULL
1226,"Blue screen error",asraful.islam,"2018-05-23 15:19:11",201805233555,1,NULL,NULL
1225,"MS project, Viso  installation ",asraful.islam,"2018-05-22 13:07:20",201805223554,1,NULL,NULL
1224,"File sharing and Print server problem",asraful.islam,"2018-05-22 12:06:48",201805223553,1,NULL,NULL
1223,"HO 4th floor photocopier problem",asraful.islam,"2018-05-21 14:27:36",201805213551,1,NULL,NULL
1222,"Printer setup",asraful.islam,"2018-05-21 14:25:42",201805213550,1,NULL,NULL
1221,"IP phone problem",asraful.islam,"2018-05-21 14:24:58",201805213549,1,NULL,NULL
1220,"Troubleshooting ",asraful.islam,"2018-05-21 14:23:22",201805213548,1,NULL,NULL
1219,"Printing problem",asraful.islam,"2018-05-21 14:21:53",201805213547,1,NULL,NULL
1218,"SCR, Flash related problem",asraful.islam,"2018-05-21 14:20:50",201805213546,1,NULL,NULL
1217,"MKT WiFi checking ",asraful.islam,"2018-05-21 14:14:46",201805213545,1,NULL,NULL
1216,"Database related work",asraful.islam,"2018-05-21 14:14:05",201805213544,1,NULL,NULL
1215,"Outlook problem",asraful.islam,"2018-05-21 11:54:35",201805213543,1,NULL,NULL
1214,"New Laptop configure ",asraful.islam,"2018-05-21 11:50:16",201805213542,1,NULL,NULL
1213,"Printer setup",asraful.islam,"2018-05-21 11:49:34",201805213541,1,NULL,NULL
1212,"Printer setup",asraful.islam,"2018-05-21 11:47:28",201805213540,1,NULL,NULL
1211,"Printer server setup ",asraful.islam,"2018-05-21 11:46:51",201805213539,1,NULL,NULL
1210,"HO 4th floor wifi probelm",asraful.islam,"2018-05-21 11:46:09",201805213538,1,NULL,NULL
1209,"HO reception internet and camera problem                                                                    ",asraful.islam,"2018-05-21 11:45:20",201805213537,1,NULL,NULL
1208,"Internet net connection problem ",asraful.islam,"2018-05-21 11:38:41",201805213536,1,NULL,NULL
1207,"3rd floor printer problem",asraful.islam,"2018-05-21 11:35:51",201805213535,1,NULL,NULL
1206,"Printing and scan related problem",asraful.islam,"2018-05-21 11:35:12",201805213534,1,NULL,NULL
1205,"Windows,MS office activation",asraful.islam,"2018-05-21 11:32:48",201805213533,1,NULL,NULL
1204,"Printer problem",asraful.islam,"2018-05-21 11:31:10",201805213532,1,NULL,NULL
1203,"New LAN connection setup",asraful.islam,"2018-05-21 11:28:53",201805213531,1,NULL,NULL
1202,"LAN connection, Server room work",asraful.islam,"2018-05-21 11:28:13",201805213530,1,NULL,NULL
1201,"Activation, Laptop slow",asraful.islam,"2018-05-21 11:26:30",201805213529,1,NULL,NULL
1200,"Mail,IP phone, Laptop delivery ",asraful.islam,"2018-05-21 11:24:52",201805213528,1,NULL,NULL
1199,"Door access problem",asraful.islam,"2018-05-20 15:59:56",201805203527,1,NULL,NULL
1198,"Printer setup",asraful.islam,"2018-05-20 15:59:09",201805203526,1,NULL,NULL
1197,"IP phone problem",asraful.islam,"2018-05-20 15:58:28",201805203525,1,NULL,NULL
1196,"Troubleshooting ",asraful.islam,"2018-05-20 15:57:01",201805203524,1,NULL,NULL
1195,"Internet problem",asraful.islam,"2018-05-20 15:56:08",201805203523,1,NULL,NULL
1194,"Windows activation",asraful.islam,"2018-05-20 15:55:13",201805203522,1,NULL,NULL
1193,"Laptop new OS configure",asraful.islam,"2018-05-20 15:54:07",201805203521,1,NULL,NULL
1192,"Printer toner change  ",asraful.islam,"2018-05-20 15:53:13",201805203520,1,NULL,NULL
1191,"IP phone problem",asraful.islam,"2018-05-20 15:52:06",201805203519,1,NULL,NULL
1190,"IP phone problem",asraful.islam,"2018-05-20 15:51:19",201805203518,1,NULL,NULL
1189,"HO 4th floor projector issue ",asraful.islam,"2018-05-20 15:49:54",201805203517,1,NULL,NULL
1188,"Head office conference device checking ",asraful.islam,"2018-05-20 15:48:17",201805203516,1,NULL,NULL
1187,"VPN related problem",asraful.islam,"2018-05-20 15:46:55",201805203515,1,NULL,NULL
1186,"News process and upload",asraful.islam,"2018-05-20 15:45:57",201805203514,1,NULL,NULL
1185,"New ID card entry and access",asraful.islam,"2018-05-20 15:45:11",201805203513,1,NULL,NULL
1184,"Pinter problem",asraful.islam,"2018-05-20 15:42:55",201805203512,1,NULL,NULL
1183,"New office setup and LAN connection",asraful.islam,"2018-05-20 15:41:33",201805203511,1,NULL,NULL
1182,"Product parches from IDB",asraful.islam,"2018-05-20 15:40:30",201805203510,1,NULL,NULL
1181,"Out of office work",asraful.islam,"2018-05-20 15:39:54",201805203509,1,NULL,NULL
1180,"NMC 1st floor printer problem",asraful.islam,"2018-05-20 15:37:23",201805203508,1,NULL,NULL
1179,"HO main gate camera down",asraful.islam,"2018-05-20 15:36:41",201805203507,1,NULL,NULL
1178,"Store related work",asraful.islam,"2018-05-20 15:35:48",201805203506,1,NULL,NULL
1177,"Outlook problem",asraful.islam,"2018-05-20 15:34:54",201805203505,1,NULL,NULL
1176,"Mozilla browser problem  ",asraful.islam,"2018-05-20 15:34:13",201805203504,1,NULL,NULL
1175,"Laptop Battery",ishrat.jahan,"2018-05-16 11:27:52",201805163497,1,NULL,NULL
1174,"NOC Mobile Phone not working ",anayat.masum,"2018-05-15 19:04:49",201805153496,1,NULL,NULL
1173,"Parches Hard disk ",asraful.islam,"2018-05-07 14:16:38",201805073480,1,NULL,NULL
1172,"Keyboard problem",asraful.islam,"2018-05-07 14:14:34",201805073479,1,NULL,NULL
1171,"Parches Laptop adapter ",asraful.islam,"2018-05-07 14:13:37",201805073478,1,NULL,NULL
1170,NMS,mushfiqul.azam,"2018-05-07 12:04:53",201805073476,1,NULL,NULL
1169,Headphone,sajib,"2018-05-06 17:06:07",201805063474,1,NULL,NULL
1168,Store,sazzad.hossain,"2018-04-30 15:13:33",201804303466,1,NULL,NULL
1167,"Database Update",sazzad.hossain,"2018-04-30 15:11:56",201804303465,1,NULL,NULL
1166,"Special Assignment",sazzad.hossain,"2018-04-30 13:42:00",201804303457,1,NULL,NULL
1165,"Information Collection",sazzad.hossain,"2018-04-30 11:23:10",201804303439,1,NULL,NULL
1164,"Information Collection ",sazzad.hossain,"2018-04-30 11:22:03",201804303438,1,NULL,NULL
1163,"Wireless LAN & Key Board Purchase For HP 242 G2 Core i3 Laptop",shariful.alam,"2018-04-26 17:53:57",201804263415,1,NULL,NULL
1162,"Parches UPS",asraful.islam,"2018-04-25 13:41:26",201804253411,1,NULL,NULL
1161,"Parches UPS",asraful.islam,"2018-04-25 13:40:46",201804253410,1,NULL,NULL
1160,UPS,asraful.islam,"2018-04-25 13:39:33",201804253409,1,NULL,NULL
1159,"Parches UPS",asraful.islam,"2018-04-25 13:38:15",201804253408,1,NULL,NULL
1158,"Parches UPS",asraful.islam,"2018-04-25 13:37:04",201804253407,1,NULL,NULL
1157,Purchase,rashedul.hasan,"2018-04-22 14:51:35",201804223395,1,NULL,NULL
1156,"showing Windows license expire Message",sarjana.fariha,"2018-04-11 10:37:33",201804113361,1,NULL,NULL
1155,"Parches ",asraful.islam,"2018-04-10 15:13:16",201804103359,1,NULL,NULL
1154,"Change of PC",rajibul.haque,"2018-04-05 13:02:24",201804053343,1,NULL,NULL
1153,Store,sazzad.hossain,"2018-04-03 09:17:53",201804033325,1,NULL,NULL
1152,"Head phone set faulty",mamun.roshid,"2018-04-01 10:12:00",201804013308,1,NULL,NULL
1151,"Conference Room Check",sazzad.hossain,"2018-04-01 09:34:28",201804013304,1,NULL,NULL
1150,"Conference Room Check",sazzad.hossain,"2018-03-28 16:27:59",201803283290,1,NULL,NULL
1149,"Windows 10 installation.",halim.shabuj,"2018-03-25 16:32:35",201803253270,1,NULL,NULL
1148,Software,noorsat.alam,"2018-03-25 14:40:11",201803253268,1,NULL,NULL
1147,Activation,sazzad.hossain,"2018-03-22 12:33:28",201803223262,1,NULL,NULL
1146,"Display Change",sazzad.hossain,"2018-03-22 10:41:14",201803223250,1,NULL,NULL
1145,Browser,sazzad.hossain,"2018-03-22 10:35:33",201803223246,1,NULL,NULL
1144,"High Configuration Desktop And Monitor",saifullah,"2018-03-12 12:53:55",201803123212,1,NULL,NULL
1143,"Purchase ",shihab,"2018-03-11 14:14:15",201803113210,1,NULL,NULL
1142,"Display ",shihab,"2018-03-11 13:30:03",201803113208,1,NULL,NULL
1141,"Windows activation",mozammel.hussain,"2018-03-07 12:05:10",201803073201,1,NULL,NULL
1140,"Laptop works very slowly. ",Anwar.sadat,"2018-03-05 17:12:41",201803053198,1,NULL,NULL
1139,"Laptop Display Issues",muhtashim,"2018-02-27 16:13:01",201802273189,1,NULL,NULL
1138,"HP laptop Display problem",mithen,"2018-02-20 09:30:08",201802203181,1,NULL,NULL
1137,"Mouse Problem",fahmida,"2018-02-06 10:21:25",201802063164,1,NULL,NULL
1136,"Vacancy Update  ",shihab,"2018-02-05 11:20:37",201802053160,1,NULL,NULL
1135,"Mouse Faulty",nisheet,"2018-01-31 14:50:39",201801313146,1,NULL,NULL
1134,"Optical mouse",saifullah,"2018-01-29 17:06:09",201801293142,1,NULL,NULL
1133,"Delivery ",shihab,"2018-01-28 17:16:15",201801283135,1,NULL,NULL
1132,"Lan Card Problem",rezwan.kabir,"2018-01-24 18:58:14",201801243132,1,NULL,NULL
1131,"News process and upload ",asraful.islam,"2018-01-24 17:25:01",201801243131,1,NULL,NULL
1130,"NMS configure ",asraful.islam,"2018-01-24 17:23:50",201801243130,1,NULL,NULL
1129,"New OS installation ",asraful.islam,"2018-01-24 17:23:02",201801243129,1,NULL,NULL
1128,"OS and xshell related probelm",asraful.islam,"2018-01-24 17:22:29",201801243128,1,NULL,NULL
1127,"printing problem",asraful.islam,"2018-01-24 17:21:53",201801243127,1,NULL,NULL
1126,"MKT floor projector setting ",asraful.islam,"2018-01-24 17:21:18",201801243126,1,NULL,NULL
1125,"product inspection and collection from store ",asraful.islam,"2018-01-24 17:20:22",201801243125,1,NULL,NULL
1124,"Card deactivation ",asraful.islam,"2018-01-24 17:19:28",201801243124,1,NULL,NULL
1123,"HO first floor photocopier toner problem",asraful.islam,"2018-01-24 17:18:45",201801243123,1,NULL,NULL
1122,"news process and upload",asraful.islam,"2018-01-24 17:17:09",201801243122,1,NULL,NULL
1121,"New printer setup for supply chain ",asraful.islam,"2018-01-24 17:16:18",201801243121,1,NULL,NULL
1120,"Printing problem ",asraful.islam,"2018-01-24 17:12:21",201801243120,1,NULL,NULL
1119,"Scanner problem",asraful.islam,"2018-01-24 17:03:11",201801243119,1,NULL,NULL
1118,"outlook configure ",asraful.islam,"2018-01-24 17:02:38",201801243118,1,NULL,NULL
1117,"Printing problem ",asraful.islam,"2018-01-24 17:01:46",201801243117,1,NULL,NULL
1116,"Printer set up",asraful.islam,"2018-01-24 17:01:14",201801243116,1,NULL,NULL
1115,"Printer setup",asraful.islam,"2018-01-24 17:00:23",201801243115,1,NULL,NULL
1114,"IP phone problem ",asraful.islam,"2018-01-24 16:59:42",201801243114,1,NULL,NULL
1113,"IP phone configure ",asraful.islam,"2018-01-24 16:58:11",201801243113,1,NULL,NULL
1112,"new card entry and access",asraful.islam,"2018-01-24 16:57:32",201801243112,1,NULL,NULL
1111,"News process and upload ",asraful.islam,"2018-01-24 16:56:58",201801243111,1,NULL,NULL
1110,"Printer and scanner setup",asraful.islam,"2018-01-24 16:56:20",201801243110,1,NULL,NULL
1109,"software related problem",asraful.islam,"2018-01-24 16:54:34",201801243109,1,NULL,NULL
1108,"new pc configure and mail set up",asraful.islam,"2018-01-24 16:53:40",201801243108,1,NULL,NULL
1107,"PC interchange mail configure  ",asraful.islam,"2018-01-24 16:52:10",201801243107,1,NULL,NULL
1106,"New OS installation ",asraful.islam,"2018-01-24 16:49:56",201801243106,1,NULL,NULL
1105,"Printer setting",asraful.islam,"2018-01-24 16:49:17",201801243105,1,NULL,NULL
1104,"Printer setting ",asraful.islam,"2018-01-24 16:48:28",201801243104,1,NULL,NULL
1103,"Printer toner checking ",asraful.islam,"2018-01-24 16:47:51",201801243103,1,NULL,NULL
1102,"19 laptop and 2 desktop inspection and collect from store",asraful.islam,"2018-01-24 16:46:55",201801243102,1,NULL,NULL
1101,"News process and upload",asraful.islam,"2018-01-24 16:45:39",201801243101,1,NULL,NULL
1100,"New laptop configure",asraful.islam,"2018-01-24 16:45:07",201801243100,1,NULL,NULL
1099,"New laptop configure ",asraful.islam,"2018-01-24 16:44:40",201801243099,1,NULL,NULL
1098,"TAJ printer problem",asraful.islam,"2018-01-24 16:43:49",201801243098,1,NULL,NULL
1097,"Survey report for cc camera installation ",asraful.islam,"2018-01-24 16:42:57",201801243097,1,NULL,NULL
1096,"News process and upload",asraful.islam,"2018-01-24 16:42:05",201801243096,1,NULL,NULL
1095,"Access permission ",asraful.islam,"2018-01-24 16:41:31",201801243095,1,NULL,NULL
1094,"New ID card entry and access",asraful.islam,"2018-01-24 16:40:54",201801243094,1,NULL,NULL
1093,"Outlook configure and printer setup",asraful.islam,"2018-01-24 16:40:13",201801243093,1,NULL,NULL
1092,"Outlook configure",asraful.islam,"2018-01-24 16:38:34",201801243092,1,NULL,NULL
1091,"Outlook Configure ",asraful.islam,"2018-01-24 16:37:42",201801243091,1,NULL,NULL
1090,"PC setup",asraful.islam,"2018-01-24 16:35:27",201801243090,1,NULL,NULL
1089,"survey for Dhanmondi CC camera Installation ",asraful.islam,"2018-01-24 11:12:50",201801243087,1,NULL,NULL
1088,"Hi-tech park store new user related work ",asraful.islam,"2018-01-24 11:08:57",201801243086,1,NULL,NULL
1087,"New printer setup for Hi-Tech park store",asraful.islam,"2018-01-24 11:07:55",201801243085,1,NULL,NULL
1086,"Data backup and PC interchange  ",asraful.islam,"2018-01-24 11:06:44",201801243084,1,NULL,NULL
1085,"New Laptop configure ",asraful.islam,"2018-01-24 11:05:39",201801243083,1,NULL,NULL
1084,"CC camera installation in Hi-Tech park",asraful.islam,"2018-01-24 11:04:25",201801243082,1,NULL,NULL
1083,"Survey for shafipur CC camera installation ",asraful.islam,"2018-01-24 11:03:16",201801243081,1,NULL,NULL
1082,"Printer cartridge problem  ",asraful.islam,"2018-01-24 11:02:10",201801243080,1,NULL,NULL
1081,"Net Short Cabal 15feet Shahnoor Islam Choudhury is required.",quamrul,"2018-01-24 10:52:51",201801243079,1,NULL,NULL
1080,Purchase,anamulkabir,"2018-01-17 11:38:33",201801173070,1,NULL,NULL
1079,"Parches ",asraful.islam,"2018-01-16 12:01:57",201801163066,1,NULL,NULL
1078,"Need to re-install Excel-2016",fahmidaislam,"2018-01-07 10:40:07",201801073044,1,NULL,NULL
1077,printer,shakil.khan,"2018-01-02 11:25:02",201801023031,1,NULL,NULL
1076,"Printer Setup",shakil.khan,"2018-01-02 11:24:23",201801023030,1,NULL,NULL
1075,"Printer Installation",shakil.khan,"2018-01-02 10:44:53",201801023029,1,NULL,NULL
1074,"tally software",shakil.khan,"2018-01-02 10:43:16",201801023028,1,NULL,NULL
1073,"Windows not genuine",ankon,"2018-01-01 16:45:16",201801013027,1,NULL,NULL
1072,"News process and upload",asraful.islam,"2017-12-31 15:47:21",201712313022,1,NULL,NULL
1071,"NOC pc OS ",asraful.islam,"2017-12-31 15:46:49",201712313021,1,NULL,NULL
1070,"Product inspection and collection from store  ",asraful.islam,"2017-12-31 15:46:02",201712313020,1,NULL,NULL
1069,"Data base related work",asraful.islam,"2017-12-31 15:45:02",201712313019,1,NULL,NULL
1068,"Printing problem",asraful.islam,"2017-12-31 15:43:08",201712313018,1,NULL,NULL
1067,"Printer problem ",asraful.islam,"2017-12-31 15:42:12",201712313017,1,NULL,NULL
1066,"HO 4th and 3rd floor WiFi configuration changing ",asraful.islam,"2017-12-31 15:41:30",201712313016,1,NULL,NULL
1065,"Access permission ",asraful.islam,"2017-12-31 15:40:19",201712313015,1,NULL,NULL
1064,"New 16 ID card entry and access ",asraful.islam,"2017-12-31 15:39:51",201712313014,1,NULL,NULL
1063,"LAN connection Problem",asraful.islam,"2017-12-31 15:37:57",201712313013,1,NULL,NULL
1062,"Printer setup",asraful.islam,"2017-12-31 15:36:14",201712313012,1,NULL,NULL
1061,"Printer setup",asraful.islam,"2017-12-31 15:35:32",201712313011,1,NULL,NULL
1060,"Printer setup",asraful.islam,"2017-12-31 15:35:03",201712313010,1,NULL,NULL
1059,"New OS ",asraful.islam,"2017-12-31 15:34:35",201712313009,1,NULL,NULL
1058,"Scanner setup",asraful.islam,"2017-12-31 15:33:56",201712313008,1,NULL,NULL
1057,"New process and upload",asraful.islam,"2017-12-31 15:32:56",201712313007,1,NULL,NULL
1056,"New ID card access and entry ",asraful.islam,"2017-12-31 15:32:21",201712313006,1,NULL,NULL
1055,"New laptop configure ",asraful.islam,"2017-12-31 15:31:40",201712313005,1,NULL,NULL
1054,"New Laptop configure ",asraful.islam,"2017-12-31 15:30:53",201712313004,1,NULL,NULL
1053,"Laptop works very slowly. ",Anwar.sadat,"2017-12-31 14:22:25",201712313003,1,NULL,NULL
1052,"Outlook Configuration ",real.paul,"2017-12-31 10:34:14",201712313002,1,NULL,NULL
1051,"mouse keyboard not working ",asraful.islam,"2017-12-31 10:15:09",201712313001,1,NULL,NULL
1050,"Parches ",asraful.islam,"2017-12-31 10:05:51",201712313000,1,NULL,NULL
1049,Documentation,sazzad.hossain,"2017-12-31 09:57:02",201712312997,1,NULL,NULL
1048,Monitor,sazzad.hossain,"2017-12-31 09:55:46",201712312996,1,NULL,NULL
1047,"Software Activation",sazzad.hossain,"2017-12-31 09:52:12",201712312993,1,NULL,NULL
1046,"Share Drive",sazzad.hossain,"2017-12-31 09:48:26",201712312990,1,NULL,NULL
1045,"Printer not working ",asraful.islam,"2017-12-28 18:22:11",201712282989,1,NULL,NULL
1044,"LAN connection, Laptop slow ",asraful.islam,"2017-12-28 18:21:20",201712282988,1,NULL,NULL
1043,"CCTV server related work with alvi vai",asraful.islam,"2017-12-28 18:19:40",201712282987,1,NULL,NULL
1042,"HO 1st floor printer toner change ",asraful.islam,"2017-12-28 18:18:56",201712282986,1,NULL,NULL
1041,"Product inspection and collection from store ",asraful.islam,"2017-12-28 18:18:04",201712282985,1,NULL,NULL
1040,"IT Inventory data base related work ",asraful.islam,"2017-12-28 18:16:53",201712282984,1,NULL,NULL
1039,"All photocopier schedule maintenance   ",asraful.islam,"2017-12-28 18:16:06",201712282983,1,NULL,NULL
1038,"News process and upload ",asraful.islam,"2017-12-28 18:15:04",201712282982,1,NULL,NULL
1037,"New laptop configure for Muhammad Jahirul Islam",asraful.islam,"2017-12-28 18:14:25",201712282981,1,NULL,NULL
1036,"Mail,user account setup ",asraful.islam,"2017-12-28 18:12:56",201712282980,1,NULL,NULL
1035,"Taj printer problem ",asraful.islam,"2017-12-28 18:12:09",201712282979,1,NULL,NULL
1034,"IP phone set up for head of marketing ",asraful.islam,"2017-12-28 18:10:52",201712282978,1,NULL,NULL
1033,"4 pcs Polycon video conference device  checking ",asraful.islam,"2017-12-28 18:09:01",201712282977,1,NULL,NULL
1032,"Projector setup for MKT",asraful.islam,"2017-12-28 18:07:42",201712282976,1,NULL,NULL
1031,"Flash related problem",asraful.islam,"2017-12-28 15:58:39",201712282975,1,NULL,NULL
1030,"File share, printer, Ip phone related issue",asraful.islam,"2017-12-28 15:57:56",201712282974,1,NULL,NULL
1029,"WiFI soft setup in NMC GF",asraful.islam,"2017-12-28 15:56:51",201712282973,1,NULL,NULL
1028,"News process and upload ",asraful.islam,"2017-12-28 15:56:04",201712282972,1,NULL,NULL
1027,"IP phone not working ",asraful.islam,"2017-12-28 15:54:48",201712282971,1,NULL,NULL
1026,"access permission ",asraful.islam,"2017-12-28 15:49:01",201712282970,1,NULL,NULL
1025,"Access permission ",asraful.islam,"2017-12-28 15:48:16",201712282969,1,NULL,NULL
1024,"News process and upload ",asraful.islam,"2017-12-28 15:47:19",201712282968,1,NULL,NULL
1023,"Keyboard, touch pad not working ",asraful.islam,"2017-12-28 15:45:50",201712282967,1,NULL,NULL
1022,"LAN connection problem ",asraful.islam,"2017-12-28 15:44:28",201712282966,1,NULL,NULL
1021,"LAN connection problem",asraful.islam,"2017-12-28 15:43:40",201712282965,1,NULL,NULL
1020,"News process and upload",asraful.islam,"2017-12-28 15:41:52",201712282964,1,NULL,NULL
1019,"58 New ID card entry and access ",asraful.islam,"2017-12-28 15:41:19",201712282963,1,NULL,NULL
1018,"Desk shift and printer server change ",asraful.islam,"2017-12-28 15:40:12",201712282962,1,NULL,NULL
1017,"LAN connection problem",asraful.islam,"2017-12-28 15:39:26",201712282961,1,NULL,NULL
1016,"Webmail related problem ",asraful.islam,"2017-12-28 15:38:32",201712282960,1,NULL,NULL
1015,"Inventory Data base related work",asraful.islam,"2017-12-28 15:37:46",201712282959,1,NULL,NULL
1014,"Taj printer problem ",asraful.islam,"2017-12-28 15:36:38",201712282958,1,NULL,NULL
1013,"News process and upload",asraful.islam,"2017-12-28 15:35:55",201712282957,1,NULL,NULL
1012,"Access deactivation ",asraful.islam,"2017-12-28 15:34:22",201712282956,1,NULL,NULL
1011,"New OS installation ",asraful.islam,"2017-12-28 15:33:37",201712282955,1,NULL,NULL
1010,"New OS ",asraful.islam,"2017-12-28 15:32:50",201712282954,1,NULL,NULL
1009,"file share and scan related issue",asraful.islam,"2017-12-28 15:31:14",201712282953,1,NULL,NULL
1008,"Two IP phone transfer for MKT",asraful.islam,"2017-12-28 15:30:14",201712282952,1,NULL,NULL
1007,"Printer not set up",asraful.islam,"2017-12-28 15:28:59",201712282951,1,NULL,NULL
1006,"C drive full and slow problem",asraful.islam,"2017-12-28 15:27:34",201712282950,1,NULL,NULL
1005,"Hard disk And display problem ",asraful.islam,"2017-12-28 12:53:47",201712282949,1,NULL,NULL
1004,"UTP CABLE",saidur.salin,"2017-12-14 12:14:13",201712142925,1,NULL,NULL
1003,"Store Related",sazzad.hossain,"2017-12-13 11:11:35",201712132918,1,NULL,NULL
1002,"UTP Patch Cord",sazzad.hossain,"2017-12-13 10:52:27",201712132916,1,NULL,NULL
1001,Store,sazzad.hossain,"2017-12-13 10:45:59",201712132913,1,NULL,NULL
1000,"IT Support",sazzad.hossain,"2017-12-13 10:38:42",201712132910,1,NULL,NULL
999,"Servicing ",shihab,"2017-12-12 11:52:26",201712122903,1,NULL,NULL
998,"Processor & Ram",tonmoy.hasan,"2017-12-10 13:05:45",201712102901,1,NULL,NULL
997,"NOC customer support desk USB headphone not functional.",sajib,"2017-12-10 10:27:46",201712102899,1,NULL,NULL
996,"New Desktop Terminal",khan.zobair,"2017-12-06 13:29:07",201712062896,1,NULL,NULL
995,"New Desktop",zubaid,"2017-12-06 12:40:15",201712062895,1,NULL,NULL
994,"Damage Laptop Repair",sazzad.hossain,"2017-11-28 12:56:06",201711282874,1,NULL,NULL
993,"Windows and MS office activation ",asraful.islam,"2017-11-27 18:23:58",201711272868,1,NULL,NULL
992,"New Mouse",amirul.islam,"2017-11-27 11:43:04",201711272867,1,NULL,NULL
991,Processor,tonmoy.hasan,"2017-11-22 15:54:19",201711222850,1,NULL,NULL
990,"printer setup",asraful.islam,"2017-11-21 14:37:57",201711212843,1,NULL,NULL
989,"printer setup",asraful.islam,"2017-11-21 14:37:29",201711212842,1,NULL,NULL
988,"printer setup",asraful.islam,"2017-11-21 14:37:02",201711212841,1,NULL,NULL
987,"printing problem",asraful.islam,"2017-11-21 14:36:08",201711212840,1,NULL,NULL
986,"Printing problem",asraful.islam,"2017-11-21 14:35:19",201711212839,1,NULL,NULL
985,"Keyboard not working ",asraful.islam,"2017-11-21 14:34:29",201711212838,1,NULL,NULL
984,"Windows activation and laptop slow problem",asraful.islam,"2017-11-21 14:31:54",201711212837,1,NULL,NULL
983,"MS office activation ",asraful.islam,"2017-11-21 10:05:30",201711212833,1,NULL,NULL
982,"Software installation ",asraful.islam,"2017-11-21 10:04:53",201711212832,1,NULL,NULL
981,"New card entry and access ",asraful.islam,"2017-11-20 17:00:32",201711202830,1,NULL,NULL
980,"Access deactivation ",asraful.islam,"2017-11-20 16:59:58",201711202829,1,NULL,NULL
979,"News process and upload ",asraful.islam,"2017-11-20 16:59:30",201711202828,1,NULL,NULL
978,"HO 4th floor printer problem",asraful.islam,"2017-11-20 16:58:34",201711202827,1,NULL,NULL
977,"New OS installation ",asraful.islam,"2017-11-20 16:58:01",201711202826,1,NULL,NULL
976,"WiFi connection problem",asraful.islam,"2017-11-20 10:10:19",201711202825,1,NULL,NULL
975,"HO 4th floor printer repairing ",asraful.islam,"2017-11-20 10:09:10",201711202824,1,NULL,NULL
974,"New OS installation ",asraful.islam,"2017-11-20 10:08:30",201711202823,1,NULL,NULL
973,"Taj Mariot printer problem",asraful.islam,"2017-11-20 09:59:23",201711202822,1,NULL,NULL
972,"IP Phone problem ",asraful.islam,"2017-11-20 09:57:52",201711202821,1,NULL,NULL
971,"Laptop configuration ",asraful.islam,"2017-11-20 09:55:10",201711202820,1,NULL,NULL
970,"Network connection problem",asraful.islam,"2017-11-20 09:53:40",201711202819,1,NULL,NULL
969,"Network connection problem",asraful.islam,"2017-11-20 09:52:58",201711202818,1,NULL,NULL
968,"Network connection problem",asraful.islam,"2017-11-20 09:52:39",201711202817,1,NULL,NULL
967,"Network connection problem",asraful.islam,"2017-11-20 09:51:59",201711202816,1,NULL,NULL
966,"Network connection problem",asraful.islam,"2017-11-20 09:51:29",201711202815,1,NULL,NULL
965,"Network connection problem",asraful.islam,"2017-11-20 09:50:36",201711202814,1,NULL,NULL
964,"News process and upload ",asraful.islam,"2017-11-16 11:45:48",201711162799,1,NULL,NULL
963," Purchases  Monitor ",asraful.islam,"2017-11-16 10:33:35",201711162797,1,NULL,NULL
962,"Purchase monitor ",asraful.islam,"2017-11-16 10:31:57",201711162796,1,NULL,NULL
961,"HRIS problem",asraful.islam,"2017-11-15 18:29:16",201711152795,1,NULL,NULL
960,"HO 4th floor printer problem",asraful.islam,"2017-11-15 18:27:09",201711152794,1,NULL,NULL
959,"New 32 card entry and access ",asraful.islam,"2017-11-15 17:32:17",201711152793,1,NULL,NULL
958,"Desk shifting and printer setup",asraful.islam,"2017-11-15 15:29:00",201711152792,1,NULL,NULL
957,"IP Phone problem",asraful.islam,"2017-11-15 15:27:56",201711152791,1,NULL,NULL
956,"PC slow and C drive full",asraful.islam,"2017-11-15 15:27:06",201711152790,1,NULL,NULL
955,"WiFi connection problem ",asraful.islam,"2017-11-15 15:25:49",201711152789,1,NULL,NULL
954,"RJ 45 Connector",sazzad.hossain,"2017-11-15 11:53:10",201711152785,1,NULL,NULL
953,"Shifting ",shihab,"2017-11-15 09:55:11",201711152782,1,NULL,NULL
952,"LAN rearrange and desk shift for NMC 2nd floor",asraful.islam,"2017-11-14 18:15:57",201711142781,1,NULL,NULL
951,"Scanner setup",asraful.islam,"2017-11-14 18:14:35",201711142780,1,NULL,NULL
950,"Scanner setup",asraful.islam,"2017-11-14 17:45:37",201711142779,1,NULL,NULL
949,"News process and upload",asraful.islam,"2017-11-14 17:45:08",201711142778,1,NULL,NULL
948,"Material inspection ",asraful.islam,"2017-11-14 17:44:07",201711142777,1,NULL,NULL
947,"Printer problem and Ink refill ",asraful.islam,"2017-11-14 17:41:59",201711142776,1,NULL,NULL
946,"Blue screen error ",asraful.islam,"2017-11-14 17:41:11",201711142775,1,NULL,NULL
945,"access permission ",asraful.islam,"2017-11-14 17:40:28",201711142774,1,NULL,NULL
944,"New ID card entry and access ",asraful.islam,"2017-11-14 17:39:55",201711142773,1,NULL,NULL
943,"New LAN connection for two user ",asraful.islam,"2017-11-14 17:39:09",201711142772,1,NULL,NULL
942,"Projector screen inspection,MR, Collection and setup to Taj mariot  ",asraful.islam,"2017-11-14 17:38:01",201711142771,1,NULL,NULL
941,"News process and upload ",asraful.islam,"2017-11-14 17:36:45",201711142770,1,NULL,NULL
940,"New IP phone setup",asraful.islam,"2017-11-14 17:32:13",201711142769,1,NULL,NULL
939,"New printer setup",asraful.islam,"2017-11-14 17:31:27",201711142768,1,NULL,NULL
938,"New printer setup ",asraful.islam,"2017-11-14 17:30:45",201711142767,1,NULL,NULL
937,"Product inspection and MR and collection ",asraful.islam,"2017-11-14 17:29:25",201711142766,1,NULL,NULL
936,"News process and upload",asraful.islam,"2017-11-14 17:28:15",201711142765,1,NULL,NULL
935,"Laptop Hard disk  crash ",asraful.islam,"2017-11-14 17:27:45",201711142764,1,NULL,NULL
934,"Soft phone setup ",asraful.islam,"2017-11-14 17:26:52",201711142763,1,NULL,NULL
933,"News process and upload",asraful.islam,"2017-11-14 17:25:52",201711142762,1,NULL,NULL
932,"SCR view problem",asraful.islam,"2017-11-14 17:25:20",201711142761,1,NULL,NULL
931,"MKT floor WiFi checking ",asraful.islam,"2017-11-14 17:24:40",201711142760,1,NULL,NULL
930,"MKT printer probelm",asraful.islam,"2017-11-14 17:23:54",201711142759,1,NULL,NULL
929,"wireless connection problem",asraful.islam,"2017-11-14 17:23:14",201711142758,1,NULL,NULL
928,"Access related problem",asraful.islam,"2017-11-14 17:22:04",201711142757,1,NULL,NULL
927,"News process and upload",asraful.islam,"2017-11-14 17:21:24",201711142756,1,NULL,NULL
926,"Outlook and software problem",asraful.islam,"2017-11-14 17:20:39",201711142755,1,NULL,NULL
925,"3rd floor camera down ",asraful.islam,"2017-11-14 17:19:09",201711142754,1,NULL,NULL
924,"software related problem",asraful.islam,"2017-11-14 17:18:16",201711142753,1,NULL,NULL
923,"Printer Setup ",asraful.islam,"2017-11-14 17:16:26",201711142752,1,NULL,NULL
922,"Monitor problem",asraful.islam,"2017-11-14 17:15:53",201711142751,1,NULL,NULL
921,"Windows related problem",asraful.islam,"2017-11-14 17:15:04",201711142750,1,NULL,NULL
920,"New Card entry and access",asraful.islam,"2017-11-14 17:14:18",201711142749,1,NULL,NULL
919,"News process and upload ",asraful.islam,"2017-11-14 17:12:29",201711142748,1,NULL,NULL
918,"LAN checking for CFO sir room",asraful.islam,"2017-11-14 17:10:43",201711142747,1,NULL,NULL
917,"PC slow problem",asraful.islam,"2017-11-14 17:06:15",201711142746,1,NULL,NULL
916,"Tally software setup",asraful.islam,"2017-11-14 17:03:55",201711142745,1,NULL,NULL
915,"Printing  and MS office problem",asraful.islam,"2017-11-14 17:03:15",201711142744,1,NULL,NULL
914,"Printing problem",asraful.islam,"2017-11-14 17:01:59",201711142743,1,NULL,NULL
913,"Printing problem",asraful.islam,"2017-11-14 17:00:50",201711142742,1,NULL,NULL
912,"Printer setup for HO 4th floor",asraful.islam,"2017-11-14 16:59:02",201711142741,1,NULL,NULL
911,"Tally configure and VLAN  changing ",asraful.islam,"2017-11-14 16:58:00",201711142740,1,NULL,NULL
910,"Product collection from store  ",asraful.islam,"2017-11-14 16:56:34",201711142739,1,NULL,NULL
909,"Data backup ",asraful.islam,"2017-11-14 16:54:31",201711142738,1,NULL,NULL
908,"LAN Connection Problem ",asraful.islam,"2017-11-14 16:53:16",201711142737,1,NULL,NULL
907,"IP Phone Problem",asraful.islam,"2017-11-14 16:52:42",201711142736,1,NULL,NULL
906,"Blue screen error,Data Backup,New OS ",asraful.islam,"2017-11-14 16:51:19",201711142735,1,NULL,NULL
905,Fonts,sazzad.hossain,"2017-11-14 16:13:52",201711142732,1,NULL,NULL
904,"Desk Shifting",sazzad.hossain,"2017-11-14 16:11:16",201711142730,1,NULL,NULL
903,"CD/DVD Driver",muhammad.ali,"2017-11-14 11:37:59",201711142728,1,NULL,NULL
902,purchase,muhammad.ali,"2017-11-14 11:21:01",201711142727,1,NULL,NULL
901,"hp 450 g2 keyboard Leptop",quamrul,"2017-11-14 10:01:04",201711142726,1,NULL,NULL
900,"Purchase ",shihab,"2017-11-14 09:20:57",201711142724,1,NULL,NULL
899,"PC Shifting",sazzad.hossain,"2017-11-07 12:18:57",201711072707,1,NULL,NULL
898,"PC Shifting",sazzad.hossain,"2017-11-07 12:16:57",201711072704,1,NULL,NULL
897,Server,sazzad.hossain,"2017-11-07 12:14:51",201711072702,1,NULL,NULL
896,Store,sazzad.hossain,"2017-11-07 12:13:55",201711072701,1,NULL,NULL
895,"New Connection ",shihab,"2017-11-05 14:21:49",201711052696,1,NULL,NULL
894,"Meeting Support",sazzad.hossain,"2017-11-05 09:02:51",201711052690,1,NULL,NULL
893,"Meeting Support",sazzad.hossain,"2017-11-05 08:36:29",201711052673,1,NULL,NULL
892,"Meeting Support",sazzad.hossain,"2017-11-05 08:35:46",201711052672,1,NULL,NULL
891,"In House support",sazzad.hossain,"2017-11-05 08:26:32",201711052670,1,NULL,NULL
890,Store,sazzad.hossain,"2017-11-05 08:23:21",201711052667,1,NULL,NULL
889,"Meeting Support",sazzad.hossain,"2017-11-05 08:16:45",201711052662,1,NULL,NULL
888,"Meeting Support",sazzad.hossain,"2017-11-05 08:16:07",201711052661,1,NULL,NULL
887,VPN,sazzad.hossain,"2017-11-05 08:13:45",201711052659,1,NULL,NULL
886,Store,sazzad.hossain,"2017-11-05 08:13:10",201711052658,1,NULL,NULL
885,"Report Generation ",shihab,"2017-11-01 16:21:12",201711012644,1,NULL,NULL
884,"New PC ConfigurationÂ ",shihab,"2017-11-01 16:19:04",201711012643,1,NULL,NULL
883,"Hardware Problem ",shihab,"2017-11-01 16:16:36",201711012642,1,NULL,NULL
882,"Purchase ",shihab,"2017-11-01 16:04:46",201711012641,1,NULL,NULL
881,"Laptop Problem",shakil.khan,"2017-11-01 12:04:29",201711012636,1,NULL,NULL
880,"Delivery ",shihab,"2017-10-31 11:02:41",201710312629,1,NULL,NULL
879,Desktop,shakil.khan,"2017-10-29 09:10:50",201710292626,1,NULL,NULL
878,"some key of my laptop does not working ",nizam.uddin,"2017-10-25 16:00:38",201710252622,1,NULL,NULL
877,"Some key of my laptop does not work  ",asraful.islam,"2017-10-25 15:51:45",201710252621,1,NULL,NULL
876,"Windows and MS office activation problem",asraful.islam,"2017-10-25 15:50:28",201710252620,1,NULL,NULL
875,"Monitoring PC is restarting",shafath,"2017-10-25 14:22:08",201710252619,1,NULL,NULL
874,"News process and upload",asraful.islam,"2017-10-25 11:31:02",201710252618,1,NULL,NULL
873,"Outlook related problem",asraful.islam,"2017-10-25 11:30:10",201710252617,1,NULL,NULL
872,"New  16 ID card entry and access ",asraful.islam,"2017-10-25 11:29:19",201710252616,1,NULL,NULL
871,"News process and upload",asraful.islam,"2017-10-25 11:25:13",201710252615,1,NULL,NULL
870,"Access permission",asraful.islam,"2017-10-25 11:24:37",201710252614,1,NULL,NULL
869,"Printer Setup",asraful.islam,"2017-10-25 11:23:43",201710252613,1,NULL,NULL
868,"Desk shift and printer, IP phone setup ",asraful.islam,"2017-10-25 11:23:10",201710252612,1,NULL,NULL
867,"Printer ink refill",asraful.islam,"2017-10-25 11:21:00",201710252611,1,NULL,NULL
866,"IP Phone data base input in ITM ",asraful.islam,"2017-10-25 11:20:26",201710252610,1,NULL,NULL
865,"Product inspection and collection from store ",asraful.islam,"2017-10-25 11:19:39",201710252609,1,NULL,NULL
864,"News process and upload",asraful.islam,"2017-10-25 11:18:39",201710252608,1,NULL,NULL
863,"Outlook problem",asraful.islam,"2017-10-25 11:17:59",201710252607,1,NULL,NULL
862,"Printer related problem",asraful.islam,"2017-10-25 11:16:16",201710252606,1,NULL,NULL
861,"News process and upload",asraful.islam,"2017-10-25 11:15:40",201710252605,1,NULL,NULL
860,"Internet connection problem",asraful.islam,"2017-10-25 11:14:36",201710252604,1,NULL,NULL
859,"Laptop adapter related problem ",asraful.islam,"2017-10-25 11:13:30",201710252603,1,NULL,NULL
858,"Remote support for various issue",asraful.islam,"2017-10-25 11:12:36",201710252602,1,NULL,NULL
857,"Remote support for email configure ",asraful.islam,"2017-10-25 11:10:56",201710252601,1,NULL,NULL
856,"New 17 ID card entry and access ",asraful.islam,"2017-10-25 11:09:58",201710252600,1,NULL,NULL
855,"News process and upload",asraful.islam,"2017-10-25 11:08:44",201710252599,1,NULL,NULL
854,"access permission",asraful.islam,"2017-10-25 11:08:01",201710252598,1,NULL,NULL
853,"Store related issue (head phone)",asraful.islam,"2017-10-25 11:07:20",201710252597,1,NULL,NULL
852,"Projector setup",asraful.islam,"2017-10-25 10:34:54",201710252596,1,NULL,NULL
851,"News process and upload ",asraful.islam,"2017-10-25 10:31:30",201710252595,1,NULL,NULL
850,"Temporary Laptop configure ",asraful.islam,"2017-10-25 10:30:23",201710252594,1,NULL,NULL
849,"HO MKT floor printer configuration  reseted",asraful.islam,"2017-10-25 10:28:18",201710252593,1,NULL,NULL
848,"Printing problem",asraful.islam,"2017-10-25 10:26:54",201710252592,1,NULL,NULL
847,"SCR related problem & printing problem",asraful.islam,"2017-10-25 10:25:25",201710252591,1,NULL,NULL
846,"News process and upload ",asraful.islam,"2017-10-24 17:38:43",201710242590,1,NULL,NULL
845,"printing, mouse connection problem",asraful.islam,"2017-10-24 17:38:03",201710242589,1,NULL,NULL
844,"Printer setup ",asraful.islam,"2017-10-24 17:33:57",201710242588,1,NULL,NULL
843,"Windows update and driver related issue",asraful.islam,"2017-10-24 17:28:42",201710242587,1,NULL,NULL
842,"Taj mariot projector related issue ",asraful.islam,"2017-10-24 17:27:44",201710242586,1,NULL,NULL
841,"Access deactivate ",asraful.islam,"2017-10-24 17:20:36",201710242585,1,NULL,NULL
840,"News Process and upload",asraful.islam,"2017-10-24 17:20:04",201710242584,1,NULL,NULL
839,"NOC IP phone problem",asraful.islam,"2017-10-24 17:19:27",201710242583,1,NULL,NULL
838,"Printer not working ",asraful.islam,"2017-10-24 17:18:39",201710242582,1,NULL,NULL
837,"OS installation  ",asraful.islam,"2017-10-24 17:17:38",201710242581,1,NULL,NULL
836,"New OS installation and mail backup configure ",asraful.islam,"2017-10-24 17:16:54",201710242580,1,NULL,NULL
835,"Scanner is not working  ",asraful.islam,"2017-10-24 17:15:24",201710242579,1,NULL,NULL
834,"Taj mariot printer problem",asraful.islam,"2017-10-24 17:14:30",201710242578,1,NULL,NULL
833,"SCR view problem",asraful.islam,"2017-10-24 17:13:28",201710242577,1,NULL,NULL
832,"Planning printer INK refill",asraful.islam,"2017-10-24 17:12:18",201710242576,1,NULL,NULL
831,"Printer INK refill ",asraful.islam,"2017-10-24 17:11:36",201710242575,1,NULL,NULL
830,"News process and upload",asraful.islam,"2017-10-24 17:10:43",201710242574,1,NULL,NULL
829,"User access deactivate ",asraful.islam,"2017-10-24 17:09:54",201710242573,1,NULL,NULL
828,"Laptop battery changing ",asraful.islam,"2017-10-24 17:09:19",201710242572,1,NULL,NULL
827,"2 NOC pc is not working ",asraful.islam,"2017-10-24 17:08:17",201710242571,1,NULL,NULL
826,"LAN connection problem ",asraful.islam,"2017-10-24 17:07:19",201710242570,1,NULL,NULL
825,"LAN connection problem ",asraful.islam,"2017-10-24 17:06:41",201710242569,1,NULL,NULL
824,"NMC 2nd floor WiFi router problem",asraful.islam,"2017-10-24 17:04:24",201710242568,1,NULL,NULL
823,"User access deactivate ",asraful.islam,"2017-10-24 17:03:35",201710242567,1,NULL,NULL
822,"News process and upload",asraful.islam,"2017-10-24 17:02:46",201710242566,1,NULL,NULL
821,"PC not open ",asraful.islam,"2017-10-24 17:01:58",201710242565,1,NULL,NULL
820,"Printing problem",asraful.islam,"2017-10-24 17:00:31",201710242564,1,NULL,NULL
819,"Mouse connection problem",asraful.islam,"2017-10-24 16:59:56",201710242563,1,NULL,NULL
818,"News process and upload",asraful.islam,"2017-10-24 16:59:04",201710242562,1,NULL,NULL
817,"Access permission ",asraful.islam,"2017-10-24 16:58:28",201710242561,1,NULL,NULL
816,"Material Inspection ",asraful.islam,"2017-10-24 16:57:54",201710242560,1,NULL,NULL
815,"MKT printer problem",asraful.islam,"2017-10-24 16:57:00",201710242559,1,NULL,NULL
814,"Printer power connection problem",asraful.islam,"2017-10-24 16:55:54",201710242558,1,NULL,NULL
813,"Request for new Laptop",saifullah,"2017-10-24 16:50:26",201710242557,1,NULL,NULL
812,"Outlook Problem",nur.hossain,"2017-10-19 15:42:57",201710192547,1,NULL,NULL
811,"LAN Cable, Mouse connection",nur.hossain,"2017-10-19 15:42:01",201710192546,1,NULL,NULL
810,"NOC customer support desk USB headphone not functional.",sajib,"2017-10-12 16:39:08",201710122530,1,NULL,NULL
809,"NOC customer support desk USB headphone not functional.",sajib,"2017-10-10 17:45:05",201710102524,1,NULL,NULL
808,"Tab checking",sazibul.islam,"2017-10-10 12:56:59",201710102521,1,NULL,NULL
807,"Parches UPS",asraful.islam,"2017-10-04 11:01:19",201710042506,1,NULL,NULL
806,"Parches  ",asraful.islam,"2017-10-04 10:55:09",201710042505,1,NULL,NULL
805,"Desk Shift",sazzad.hossain,"2017-10-04 09:24:55",201710042496,1,NULL,NULL
804,Monitor,sazzad.hossain,"2017-10-04 09:11:09",201710042478,1,NULL,NULL
803,"Online Support",sazzad.hossain,"2017-10-04 09:08:41",201710042475,1,NULL,NULL
802,"Desk Shift",sazzad.hossain,"2017-10-04 09:04:54",201710042471,1,NULL,NULL
801,"Laptop Touchpad",sazzad.hossain,"2017-10-04 09:01:11",201710042467,1,NULL,NULL
800,"Laptop Keyboard",sazzad.hossain,"2017-10-04 09:00:13",201710042466,1,NULL,NULL
799,"OUTDOOR SERVICING ",shihab,"2017-10-03 16:37:58",201710032462,1,NULL,NULL
798,"Windows Activation",sazzad.hossain,"2017-10-03 12:55:00",201710032454,1,NULL,NULL
797,"Power Strip",sazzad.hossain,"2017-10-03 12:42:30",201710032452,1,NULL,NULL
796,"Power Strip",sazzad.hossain,"2017-10-03 12:40:39",201710032451,1,NULL,NULL
795,Store,sazzad.hossain,"2017-10-03 12:38:28",201710032450,1,NULL,NULL
794,"Database Correction",sazzad.hossain,"2017-10-03 12:25:52",201710032446,1,NULL,NULL
793,Store,sazzad.hossain,"2017-10-03 12:11:40",201710032439,1,NULL,NULL
792,Store,sazzad.hossain,"2017-10-03 11:12:18",201710032430,1,NULL,NULL
791,HRIS,sazzad.hossain,"2017-10-03 11:11:15",201710032429,1,NULL,NULL
790,Monitor,sazzad.hossain,"2017-10-03 11:05:28",201710032424,1,NULL,NULL
789,"Laptop ",quamrul,"2017-10-03 10:48:33",201710032422,1,NULL,NULL
788,"Some issue with NOC PC and monitors",saifullah,"2017-09-27 17:07:10",201709272413,1,NULL,NULL
787,"ID deactivate ",asraful.islam,"2017-09-27 12:28:54",201709272408,1,NULL,NULL
786,"Planning printer Ink refill ",asraful.islam,"2017-09-27 12:23:53",201709272407,1,NULL,NULL
785,"IP phone problem",asraful.islam,"2017-09-25 18:00:26",201709252404,1,NULL,NULL
784,"IP phone reset ",asraful.islam,"2017-09-25 17:59:53",201709252403,1,NULL,NULL
783,"DMO Support desk PC problem",asraful.islam,"2017-09-25 11:22:36",201709252401,1,NULL,NULL
782,"IP phone setup ",asraful.islam,"2017-09-25 11:21:27",201709252400,1,NULL,NULL
781,"Windows ms office activation ",asraful.islam,"2017-09-25 11:20:21",201709252399,1,NULL,NULL
780,"IIG room camera power problem",asraful.islam,"2017-09-25 11:15:50",201709252398,1,NULL,NULL
779,"NMC 2nd floor printer problem",asraful.islam,"2017-09-25 11:15:07",201709252397,1,NULL,NULL
778,"Software installation ",asraful.islam,"2017-09-25 11:14:25",201709252396,1,NULL,NULL
777,"IIG camera problem ",asraful.islam,"2017-09-25 11:13:44",201709252395,1,NULL,NULL
776,"News process and upload ",asraful.islam,"2017-09-25 11:12:59",201709252394,1,NULL,NULL
775,"Data switch UPS problem",asraful.islam,"2017-09-25 11:12:18",201709252393,1,NULL,NULL
774,"Projector related problem",asraful.islam,"2017-09-25 11:11:22",201709252392,1,NULL,NULL
773,"HDMI cable change for NMC conference room projector",asraful.islam,"2017-09-25 11:10:37",201709252391,1,NULL,NULL
772,"HO 4th floor HDMI cable change for conference room",asraful.islam,"2017-09-25 11:09:51",201709252390,1,NULL,NULL
771,"Laptop configure and send to user ",asraful.islam,"2017-09-25 11:08:41",201709252389,1,NULL,NULL
770,"Material inspection and collection from store ",asraful.islam,"2017-09-24 17:52:34",201709242386,1,NULL,NULL
769,"HO 4th floor Switch UPS probelm",asraful.islam,"2017-09-24 17:51:40",201709242385,1,NULL,NULL
768,"Laptop configure ",asraful.islam,"2017-09-24 17:50:46",201709242384,1,NULL,NULL
767,"New laptop configure ",asraful.islam,"2017-09-24 17:50:02",201709242383,1,NULL,NULL
766,"24 new card entry and access ",asraful.islam,"2017-09-24 17:49:21",201709242382,1,NULL,NULL
765,"News process and upload",asraful.islam,"2017-09-24 17:48:37",201709242381,1,NULL,NULL
764,"Browser related problem",asraful.islam,"2017-09-24 17:47:49",201709242380,1,NULL,NULL
763,"HO 3rd floor camera change ",asraful.islam,"2017-09-24 17:47:01",201709242379,1,NULL,NULL
762,"Laptop interchange with Krishno chandra bashak  ",asraful.islam,"2017-09-24 17:46:17",201709242378,1,NULL,NULL
761,"News process and upload",asraful.islam,"2017-09-24 17:44:57",201709242377,1,NULL,NULL
760,"HO main fiber cut ",asraful.islam,"2017-09-24 17:44:21",201709242376,1,NULL,NULL
759,"Mouse problem",asraful.islam,"2017-09-24 17:43:24",201709242375,1,NULL,NULL
758,"Disk burn ",asraful.islam,"2017-09-24 17:42:33",201709242374,1,NULL,NULL
757,"Epson color Printer setup ",asraful.islam,"2017-09-24 17:41:55",201709242373,1,NULL,NULL
756,"Visio Problem ",asraful.islam,"2017-09-24 17:39:29",201709242372,1,NULL,NULL
755,"Mail configure, printer setup & mobile mail setup",asraful.islam,"2017-09-24 17:32:08",201709242371,1,NULL,NULL
754,"HRIS login & mail configure ",asraful.islam,"2017-09-24 17:30:10",201709242370,1,NULL,NULL
753,"News process and upload",asraful.islam,"2017-09-24 17:28:31",201709242369,1,NULL,NULL
752,"HO 3rd floor printer setting change ",asraful.islam,"2017-09-24 17:27:38",201709242368,1,NULL,NULL
751,"Printing problem ",asraful.islam,"2017-09-24 17:26:48",201709242367,1,NULL,NULL
750,"IP camera problem ",asraful.islam,"2017-09-24 17:25:39",201709242366,1,NULL,NULL
749,"SCR view problem",asraful.islam,"2017-09-24 17:24:16",201709242365,1,NULL,NULL
748,"IT inventory database  checking ",asraful.islam,"2017-09-24 17:20:44",201709242364,1,NULL,NULL
747,"News process and upload ",asraful.islam,"2017-09-24 17:18:21",201709242363,1,NULL,NULL
746,"New laptop configure ",asraful.islam,"2017-09-24 17:17:48",201709242362,1,NULL,NULL
745,"Remote support to Bogura ",asraful.islam,"2017-09-24 17:17:09",201709242361,1,NULL,NULL
744,"Remote support to motijheel ",asraful.islam,"2017-09-24 17:15:58",201709242360,1,NULL,NULL
743,"New laptop configure ",asraful.islam,"2017-09-24 17:14:46",201709242359,1,NULL,NULL
742,"New laptop configure ",asraful.islam,"2017-09-24 17:14:10",201709242358,1,NULL,NULL
741,"News process & upload",asraful.islam,"2017-09-24 17:13:29",201709242357,1,NULL,NULL
740,"Product inspection & collection from store ",asraful.islam,"2017-09-24 17:12:45",201709242356,1,NULL,NULL
739,"IP Phone setup",asraful.islam,"2017-09-24 17:11:51",201709242355,1,NULL,NULL
738,"Printer setup ",asraful.islam,"2017-09-24 17:11:13",201709242354,1,NULL,NULL
737,"News process & upload ",asraful.islam,"2017-09-24 17:10:38",201709242353,1,NULL,NULL
736,"windows & MS office activation ",asraful.islam,"2017-09-24 17:10:02",201709242352,1,NULL,NULL
735,"Printer setup ",asraful.islam,"2017-09-24 17:08:47",201709242351,1,NULL,NULL
734,"MR & product collection from store ",asraful.islam,"2017-09-24 17:05:39",201709242350,1,NULL,NULL
733,"New 9 Laptop inspection ",asraful.islam,"2017-09-24 17:04:50",201709242349,1,NULL,NULL
732,"access permission ",asraful.islam,"2017-09-24 17:04:04",201709242348,1,NULL,NULL
731,"Printer setup",asraful.islam,"2017-09-24 17:03:29",201709242347,1,NULL,NULL
730,"News process and upload",asraful.islam,"2017-09-24 17:03:01",201709242346,1,NULL,NULL
729,"27 new card entry and access ",asraful.islam,"2017-09-24 17:02:09",201709242345,1,NULL,NULL
728,"Data backup & new laptop configure ",asraful.islam,"2017-09-24 17:01:26",201709242344,1,NULL,NULL
727,"All data backup and restore to krishno Laptop",asraful.islam,"2017-09-24 16:59:32",201709242343,1,NULL,NULL
726,"Remote Support ",shihab,"2017-09-18 11:52:48",201709182330,1,NULL,NULL
725,"Glass door Magnetic plate displaced about Accesscontroll system of Tajmarriot ",mahmudun.nabi,"2017-09-13 11:57:25",201709132317,1,NULL,NULL
724,"IP phone reinstallation with lan cable issue",mahmudun.nabi,"2017-09-13 11:51:25",201709132316,1,NULL,NULL
723,"Audit Report ",shihab,"2017-09-10 16:22:50",201709102303,1,NULL,NULL
722,"Head Phone for NOC",saifullah,"2017-09-07 10:50:52",201709072300,1,NULL,NULL
721,Switch,sazzad.hossain,"2017-09-04 11:12:56",201709042290,1,NULL,NULL
720,Switch,sazzad.hossain,"2017-09-04 11:12:20",201709042289,1,NULL,NULL
719,"PC Check",sazzad.hossain,"2017-09-04 11:09:12",201709042287,1,NULL,NULL
718,"Regular Check",sazzad.hossain,"2017-09-04 11:07:10",201709042285,1,NULL,NULL
717,"Regular Check",sazzad.hossain,"2017-09-04 11:06:13",201709042284,1,NULL,NULL
716,Font,sazzad.hossain,"2017-09-04 11:03:37",201709042282,1,NULL,NULL
715,Font,sazzad.hossain,"2017-09-04 11:02:03",201709042281,1,NULL,NULL
714,"HeadPhone ",sazzad.hossain,"2017-09-04 11:00:15",201709042279,1,NULL,NULL
713,HeadPhone,sazzad.hossain,"2017-09-04 10:58:00",201709042276,1,NULL,NULL
712,"Regular Check",sazzad.hossain,"2017-09-04 10:56:14",201709042273,1,NULL,NULL
711,"Store Related",sazzad.hossain,"2017-09-04 10:52:09",201709042271,1,NULL,NULL
710,"Network Switch ",sazzad.hossain,"2017-09-04 10:47:24",201709042269,1,NULL,NULL
709,"Cloud stroge ",saulad.alvi,"2017-08-31 11:41:53",201708312265,1,NULL,NULL
708,"Printer ink refill ",asraful.islam,"2017-08-30 15:17:43",201708302261,1,NULL,NULL
707,"Printing problem",asraful.islam,"2017-08-30 15:14:11",201708302260,1,NULL,NULL
706,"Printer setup",asraful.islam,"2017-08-30 11:06:33",201708302258,1,NULL,NULL
705,"Printer Setup",asraful.islam,"2017-08-30 11:05:39",201708302257,1,NULL,NULL
704,"HO conference room checkup ",asraful.islam,"2017-08-30 11:03:08",201708302256,1,NULL,NULL
703,"News upload ",asraful.islam,"2017-08-30 11:02:07",201708302255,1,NULL,NULL
702,"IP Phone Setup",asraful.islam,"2017-08-30 11:01:36",201708302254,1,NULL,NULL
701,"Windows activation and MS office problem",asraful.islam,"2017-08-30 10:59:19",201708302253,1,NULL,NULL
700,"Laptop collection from Ashraful Islam(SCM)",asraful.islam,"2017-08-28 16:31:01",201708282245,1,NULL,NULL
699,"Viseo software problem",asraful.islam,"2017-08-28 16:29:25",201708282244,1,NULL,NULL
698,"Printer eutup",asraful.islam,"2017-08-28 16:28:26",201708282243,1,NULL,NULL
697,"HO 3rd and 4th floor all switch port marking ",asraful.islam,"2017-08-28 16:26:44",201708282242,1,NULL,NULL
696,"Access permission ",asraful.islam,"2017-08-28 16:25:48",201708282241,1,NULL,NULL
695,"Inspection report ",asraful.islam,"2017-08-28 16:25:19",201708282240,1,NULL,NULL
694,"HO 1st floor all users switch port marking",asraful.islam,"2017-08-28 16:24:35",201708282239,1,NULL,NULL
693,"News process and upload",asraful.islam,"2017-08-28 16:23:14",201708282238,1,NULL,NULL
692,"Flush Player problem and scr view problem",asraful.islam,"2017-08-28 16:22:04",201708282237,1,NULL,NULL
691,"IP Phone setting changed ",asraful.islam,"2017-08-28 16:21:08",201708282236,1,NULL,NULL
690,"HO reception internet problem",asraful.islam,"2017-08-28 16:20:18",201708282235,1,NULL,NULL
689,"Headphone inspection and collection from store ",asraful.islam,"2017-08-28 16:19:17",201708282234,1,NULL,NULL
688,"News Upload",asraful.islam,"2017-08-28 16:18:19",201708282233,1,NULL,NULL
687,"New Laptop configure ",asraful.islam,"2017-08-28 16:17:45",201708282232,1,NULL,NULL
686,"All switch uplink changed Ethernet port to Gig port ",asraful.islam,"2017-08-28 16:16:30",201708282231,1,NULL,NULL
685,Purchase,sazzad.hossain,"2017-08-28 15:50:25",201708282229,1,NULL,NULL
684,Purchase,sazzad.hossain,"2017-08-28 15:47:11",201708282228,1,NULL,NULL
683,"PC DELIVERY ",shihab,"2017-08-23 17:38:50",201708232212,1,NULL,NULL
682,"Store Related",sazzad.hossain,"2017-08-23 10:26:07",201708232202,1,NULL,NULL
681,"Store Related",sazzad.hossain,"2017-08-23 10:25:27",201708232201,1,NULL,NULL
680,Ploter,sazzad.hossain,"2017-08-23 10:23:27",201708232199,1,NULL,NULL
679,"RAM check",sazzad.hossain,"2017-08-23 10:21:58",201708232197,1,NULL,NULL
678,"Manpower  new Equipment ",saulad.alvi,"2017-08-22 16:31:06",201708222173,1,NULL,NULL
677,"PR Processing ",saulad.alvi,"2017-08-22 16:28:36",201708222172,1,NULL,NULL
676,"Ploter ",saulad.alvi,"2017-08-22 16:23:42",201708222171,1,NULL,NULL
675,"SERVICE CENTER VISIT ",shihab,"2017-08-22 14:12:20",201708222170,1,NULL,NULL
674,"PURCHASE ",shihab,"2017-08-22 14:10:57",201708222168,1,NULL,NULL
673,"PDF printing problem",asraful.islam,"2017-08-21 18:29:19",201708212165,1,NULL,NULL
672,"News process and Upload",asraful.islam,"2017-08-21 18:28:20",201708212164,1,NULL,NULL
671,"PDF printing problem",asraful.islam,"2017-08-21 18:27:33",201708212163,1,NULL,NULL
670,"server room IP camera Problem",asraful.islam,"2017-08-21 18:26:41",201708212162,1,NULL,NULL
669,"CSO sir UPS setup",asraful.islam,"2017-08-21 18:25:33",201708212161,1,NULL,NULL
668,"LAN connection Problem",asraful.islam,"2017-08-21 18:24:19",201708212160,1,NULL,NULL
667,"Hardware troubleshooting ,RAM change and New OS Installation  ",asraful.islam,"2017-08-21 18:23:19",201708212159,1,NULL,NULL
666,"Access permission ",asraful.islam,"2017-08-21 18:21:54",201708212158,1,NULL,NULL
665,"Laptop Adapter  problem",asraful.islam,"2017-08-21 18:21:20",201708212157,1,NULL,NULL
664,"Taj mariot printer problem ",asraful.islam,"2017-08-21 18:20:12",201708212156,1,NULL,NULL
663,"Printing problem",asraful.islam,"2017-08-21 18:19:28",201708212155,1,NULL,NULL
662,"Software setup, mail configure, activation",asraful.islam,"2017-08-21 18:17:53",201708212154,1,NULL,NULL
661,"News process and upload",asraful.islam,"2017-08-21 18:11:54",201708212153,1,NULL,NULL
660,"New laptop configure ",asraful.islam,"2017-08-20 19:20:28",201708202152,1,NULL,NULL
659,"News process and upload",asraful.islam,"2017-08-20 19:19:06",201708202151,1,NULL,NULL
658,"Printer ink problem",asraful.islam,"2017-08-20 19:18:31",201708202150,1,NULL,NULL
657,"NOC PC blue screen error  ",asraful.islam,"2017-08-20 19:16:08",201708202149,1,NULL,NULL
656,"software setup",asraful.islam,"2017-08-20 19:13:47",201708202148,1,NULL,NULL
655,"Software installation ",asraful.islam,"2017-08-20 19:11:49",201708202147,1,NULL,NULL
654,"UPS database related work ",asraful.islam,"2017-08-20 19:10:56",201708202146,1,NULL,NULL
653,"9 new  Laptop inspection and collecting from store",asraful.islam,"2017-08-20 19:09:58",201708202145,1,NULL,NULL
652,"Printing problem ",asraful.islam,"2017-08-20 19:08:53",201708202144,1,NULL,NULL
651,"News process and upload",asraful.islam,"2017-08-20 19:07:17",201708202143,1,NULL,NULL
650,"Server room IP camera problem",asraful.islam,"2017-08-20 19:06:45",201708202142,1,NULL,NULL
649,"OS problem and new OS installation ",asraful.islam,"2017-08-20 19:05:58",201708202141,1,NULL,NULL
648,"MR & toner collection from store",asraful.islam,"2017-08-20 19:04:19",201708202140,1,NULL,NULL
647,"HO 3rd floor IP camera change ",asraful.islam,"2017-08-20 19:02:16",201708202139,1,NULL,NULL
646,"Outlook & windows activation problem",asraful.islam,"2017-08-20 19:01:33",201708202138,1,NULL,NULL
645,"UPS database related work",asraful.islam,"2017-08-20 19:00:46",201708202137,1,NULL,NULL
644,"New 28 card entry and access",asraful.islam,"2017-08-20 18:59:53",201708202136,1,NULL,NULL
643,Switch,sazzad.hossain,"2017-08-17 11:29:47",201708172124,1,NULL,NULL
642,"New LAPTOP needed",shawon.arif,"2017-08-16 13:11:28",201708162116,1,NULL,NULL
641,"Old mail downloaded to outlook",asraful.islam,"2017-08-13 17:13:13",201708132115,1,NULL,NULL
640,"27 new card entry and access",asraful.islam,"2017-08-13 17:01:19",201708132114,1,NULL,NULL
639,"10 LAN cable connector panchching ",asraful.islam,"2017-08-13 17:00:37",201708132113,1,NULL,NULL
638,"Mail retrieve and download to outlook ",asraful.islam,"2017-08-13 16:58:38",201708132112,1,NULL,NULL
637,"Printer setup",asraful.islam,"2017-08-13 16:55:05",201708132111,1,NULL,NULL
636,"Printer setup",asraful.islam,"2017-08-13 16:54:32",201708132110,1,NULL,NULL
635,"News process and upload",asraful.islam,"2017-08-13 16:53:51",201708132109,1,NULL,NULL
634,"Laptop slow",asraful.islam,"2017-08-13 16:48:24",201708132108,1,NULL,NULL
633,"Printer setup",asraful.islam,"2017-08-13 16:47:18",201708132107,1,NULL,NULL
632,"Soft phone installation ",asraful.islam,"2017-08-13 16:45:06",201708132106,1,NULL,NULL
631,"Wireless router inspection",asraful.islam,"2017-08-13 16:44:19",201708132105,1,NULL,NULL
630,"SCR view problem",asraful.islam,"2017-08-13 16:43:04",201708132104,1,NULL,NULL
629,"Toshiba printer problem",asraful.islam,"2017-08-13 16:41:49",201708132103,1,NULL,NULL
628,"Laptop adapter problem ",asraful.islam,"2017-08-13 16:41:03",201708132102,1,NULL,NULL
627,"Browser plugin problem",asraful.islam,"2017-08-13 16:39:14",201708132101,1,NULL,NULL
626,"Required laptop as existing one is not supporting properly",rehana.zakia,"2017-08-13 15:40:51",201708132098,1,NULL,NULL
625,"PROBLEM INVESTIGATION ",shihab,"2017-08-13 12:36:39",201708132097,1,NULL,NULL
624,"VENDOR COMMUNICATION ",shihab,"2017-08-13 12:35:37",201708132096,1,NULL,NULL
623,"IT AUDIT ",shihab,"2017-08-10 17:41:58",201708102092,1,NULL,NULL
622,"PR Processiing",saulad.alvi,"2017-08-09 17:57:25",201708092090,1,NULL,NULL
621,"SERVICING OUTDOOR ",shihab,"2017-08-09 15:02:38",201708092084,1,NULL,NULL
620,"REMOTE SUPPORT ",shihab,"2017-08-09 15:01:45",201708092083,1,NULL,NULL
619,"HO conference room projector change",asraful.islam,"2017-08-09 10:57:18",201708092082,1,NULL,NULL
618,"PRODUCT R&D ",shihab,"2017-08-08 17:09:17",201708082080,1,NULL,NULL
617,"Printer setup",asraful.islam,"2017-08-08 15:54:56",201708082078,1,NULL,NULL
616,"LAN connection",asraful.islam,"2017-08-08 15:53:47",201708082077,1,NULL,NULL
615,"All needed software installation ",asraful.islam,"2017-08-08 15:53:06",201708082076,1,NULL,NULL
614,"LAN connection",asraful.islam,"2017-08-08 15:52:01",201708082075,1,NULL,NULL
613,"News process and upload",asraful.islam,"2017-08-08 15:51:03",201708082074,1,NULL,NULL
612,"Windows Activation and software setup",asraful.islam,"2017-08-08 15:50:13",201708082073,1,NULL,NULL
611,"All needed software installation for Mizanur Rahman Laptop ",asraful.islam,"2017-08-08 15:49:22",201708082072,1,NULL,NULL
610,"LAN connection Problem",asraful.islam,"2017-08-08 15:45:56",201708082071,1,NULL,NULL
609,"Door access permission ",asraful.islam,"2017-08-08 15:44:55",201708082070,1,NULL,NULL
608,"New projector installation for NMC GF",asraful.islam,"2017-08-08 15:39:24",201708082069,1,NULL,NULL
607,"News process and upload",asraful.islam,"2017-08-08 15:37:55",201708082068,1,NULL,NULL
606,"New desktop setup",asraful.islam,"2017-08-08 15:37:21",201708082067,1,NULL,NULL
605,"New desktop setup",asraful.islam,"2017-08-08 15:36:27",201708082066,1,NULL,NULL
604,"New desktop configure and setup",asraful.islam,"2017-08-08 15:35:29",201708082065,1,NULL,NULL
603,"Access permission",asraful.islam,"2017-08-08 15:34:10",201708082063,1,NULL,NULL
602,"News Process and upload ",asraful.islam,"2017-08-08 15:33:35",201708082062,1,NULL,NULL
601,"Product inspection and collect issue",asraful.islam,"2017-08-08 15:32:39",201708082061,1,NULL,NULL
600,"REMOTE SUPPORT ",shihab,"2017-08-08 14:16:02",201708082059,1,NULL,NULL
599,"UPS battery change ",asraful.islam,"2017-08-08 12:17:26",201708082056,1,NULL,NULL
598,CCTV,saulad.alvi,"2017-08-07 10:45:23",201708072048,1,NULL,NULL
597,"OUTDOOR SUPPORT ",shihab,"2017-08-06 15:33:44",201708062044,1,NULL,NULL
596,"PRODUCT VALIDATION ",shihab,"2017-08-06 15:32:53",201708062043,1,NULL,NULL
595,"PC Delivery ",shihab,"2017-08-03 17:50:33",201708032036,1,NULL,NULL
594,"PC Delivery ",shihab,"2017-08-03 17:49:39",201708032035,1,NULL,NULL
593,"Material Inspection ",shihab,"2017-08-03 16:16:31",201708032034,1,NULL,NULL
592,"PC Delivery ",shihab,"2017-08-03 14:44:04",201708032033,1,NULL,NULL
591,"News process and upload ",asraful.islam,"2017-08-03 12:31:12",201708032032,1,NULL,NULL
590,"Access permission",asraful.islam,"2017-08-03 10:14:35",201708032029,1,NULL,NULL
589,"Blue screen error ",asraful.islam,"2017-08-03 10:11:15",201708032028,1,NULL,NULL
588,"OS and software installation",asraful.islam,"2017-08-03 10:08:19",201708032027,1,NULL,NULL
587,"LAN connection ",asraful.islam,"2017-08-03 10:07:17",201708032026,1,NULL,NULL
586,"LAN connection for HO 2nd floor ",asraful.islam,"2017-08-03 10:06:30",201708032025,1,NULL,NULL
585,"LAN connection ",asraful.islam,"2017-08-03 10:05:27",201708032024,1,NULL,NULL
584,"SERVICING ",shihab,"2017-08-02 17:20:53",201708022022,1,NULL,NULL
583,"Touch pad  not working ",asraful.islam,"2017-08-02 11:09:45",201708022021,1,NULL,NULL
582,"Printer setup",asraful.islam,"2017-08-01 18:46:05",201708012019,1,NULL,NULL
581,"Printer setup",asraful.islam,"2017-08-01 18:44:32",201708012018,1,NULL,NULL
580,"Printer shifting HO 4th floor to Ho 1st floor ",asraful.islam,"2017-08-01 18:42:31",201708012017,1,NULL,NULL
579,"COM Port",sazzad.hossain,"2017-08-01 12:09:57",201708012010,1,NULL,NULL
578,"Laptop arrange ",saulad.alvi,"2017-07-31 14:19:00",201707312003,1,NULL,NULL
577,"Communication with vendor ",asraful.islam,"2017-07-31 13:55:45",201707312000,1,NULL,NULL
576,"Software installation ",asraful.islam,"2017-07-31 13:54:55",201707311999,1,NULL,NULL
575,"UPS battery change",asraful.islam,"2017-07-31 13:53:41",201707311998,1,NULL,NULL
574,"Database related work",asraful.islam,"2017-07-31 13:50:28",201707311997,1,NULL,NULL
573,"News process and upload",asraful.islam,"2017-07-31 13:49:44",201707311996,1,NULL,NULL
572,"OTDR machine problem",asraful.islam,"2017-07-31 13:48:52",201707311995,1,NULL,NULL
571,"Central login problem",asraful.islam,"2017-07-31 13:45:10",201707311994,1,NULL,NULL
570,"Back up laptop configure for temporary use ",asraful.islam,"2017-07-31 13:43:50",201707311993,1,NULL,NULL
569,"Wireless  setup",asraful.islam,"2017-07-31 13:42:51",201707311992,1,NULL,NULL
568,"MS power point problem",asraful.islam,"2017-07-31 13:32:11",201707311991,1,NULL,NULL
567,"Communication with vendor  ",asraful.islam,"2017-07-31 13:31:23",201707311990,1,NULL,NULL
566,"Motherboard problem",asraful.islam,"2017-07-31 13:30:21",201707311989,1,NULL,NULL
565,"New Laptop configure ",asraful.islam,"2017-07-31 13:29:04",201707311988,1,NULL,NULL
564,"File Upload",sazzad.hossain,"2017-07-31 12:54:48",201707311983,1,NULL,NULL
563,"Touch Pad",sazzad.hossain,"2017-07-31 12:53:46",201707311982,1,NULL,NULL
562,"ITM Password",saulad.alvi,"2017-07-31 11:40:36",201707311979,1,NULL,NULL
561,"PR processing ",saulad.alvi,"2017-07-31 11:25:55",201707311978,1,NULL,NULL
560,"CCTV Camera",saulad.alvi,"2017-07-31 11:20:45",201707311975,1,NULL,NULL
559,"Access permission remove ",asraful.islam,"2017-07-30 12:51:13",201707301972,1,NULL,NULL
558,"Network Switch",sazzad.hossain,"2017-07-30 12:09:48",201707301958,1,NULL,NULL
557,Display,sazzad.hossain,"2017-07-30 12:05:41",201707301953,1,NULL,NULL
556,"Store Related",sazzad.hossain,"2017-07-30 12:03:41",201707301951,1,NULL,NULL
555,"MKT Conference Room",sazzad.hossain,"2017-07-30 11:59:06",201707301947,1,NULL,NULL
554,"Store Related",sazzad.hossain,"2017-07-30 11:56:34",201707301944,1,NULL,NULL
553,"Switch Power Down",sazzad.hossain,"2017-07-30 11:53:40",201707301942,1,NULL,NULL
552,"SERVICING  ",shihab,"2017-07-30 11:06:27",201707301940,1,NULL,NULL
551,"PURCHASE ",shihab,"2017-07-30 10:58:41",201707301938,1,NULL,NULL
550,"Monitor setup",asraful.islam,"2017-07-28 12:52:12",201707281934,1,NULL,NULL
549,"Printer toner problem",asraful.islam,"2017-07-28 12:50:55",201707281933,1,NULL,NULL
548,"Giving MR and product collection from store",asraful.islam,"2017-07-28 12:49:59",201707281932,1,NULL,NULL
547,"access permission ",asraful.islam,"2017-07-28 12:49:08",201707281931,1,NULL,NULL
546,"BTL  employee new ID card entry and access  ",asraful.islam,"2017-07-28 12:48:14",201707281930,1,NULL,NULL
545,"Contact with vendor and laptop delivery ",asraful.islam,"2017-07-28 12:46:35",201707281929,1,NULL,NULL
544,"DMO PC windows and powersupply problem",asraful.islam,"2017-07-28 12:35:07",201707281928,1,NULL,NULL
543,"Power supply problem ",asraful.islam,"2017-07-27 15:54:25",201707271927,1,NULL,NULL
542,"Keyboard problem",asraful.islam,"2017-07-27 15:51:43",201707271926,1,NULL,NULL
541,"Keyboard problem",asraful.islam,"2017-07-27 15:49:56",201707271925,1,NULL,NULL
540,"Keboard problem",asraful.islam,"2017-07-27 15:48:50",201707271924,1,NULL,NULL
539,"Keyboard problem",asraful.islam,"2017-07-27 15:46:30",201707271923,1,NULL,NULL
538,"Power supply Problem",asraful.islam,"2017-07-27 15:45:48",201707271922,1,NULL,NULL
537,"NMC ground floor Projector connection problem",asraful.islam,"2017-07-26 19:06:06",201707261917,1,NULL,NULL
536,"Marketing floor HDMI cable check",asraful.islam,"2017-07-26 19:04:45",201707261916,1,NULL,NULL
535,"HO 1st floor network switch off ",asraful.islam,"2017-07-26 19:03:41",201707261915,1,NULL,NULL
534,"HO 3rd floor internet problem",asraful.islam,"2017-07-26 19:02:08",201707261914,1,NULL,NULL
533,"Laptop ready for intern ",asraful.islam,"2017-07-26 19:01:19",201707261913,1,NULL,NULL
532,"Monitor setup",asraful.islam,"2017-07-26 18:59:50",201707261912,1,NULL,NULL
531,"Keyboard changing ",asraful.islam,"2017-07-26 18:58:55",201707261911,1,NULL,NULL
530,"Monitor related issue for 1.30 hours work",asraful.islam,"2017-07-26 18:57:44",201707261910,1,NULL,NULL
529,"New 18 card entry and access permission  ",asraful.islam,"2017-07-26 18:54:49",201707261909,1,NULL,NULL
528,"News process and upload",asraful.islam,"2017-07-26 18:53:56",201707261908,1,NULL,NULL
527,"Server cabling rearrange   for 4 hours ",asraful.islam,"2017-07-25 18:12:27",201707251904,1,NULL,NULL
526,"Product collection from store",asraful.islam,"2017-07-25 18:08:31",201707251903,1,NULL,NULL
525,HRIS,sazzad.hossain,"2017-07-23 19:43:15",201707231892,1,NULL,NULL
524,"Store Related",sazzad.hossain,"2017-07-23 19:42:27",201707231891,1,NULL,NULL
523,Router,sazzad.hossain,"2017-07-23 19:34:45",201707231882,1,NULL,NULL
522,"Conference Room",sazzad.hossain,"2017-07-23 19:32:17",201707231879,1,NULL,NULL
521,PABX,sazzad.hossain,"2017-07-23 19:23:25",201707231872,1,NULL,NULL
520,HDMI,sazzad.hossain,"2017-07-23 19:22:39",201707231871,1,NULL,NULL
519,HRIS,sazzad.hossain,"2017-07-23 19:15:34",201707231867,1,NULL,NULL
518,OS,sazzad.hossain,"2017-07-23 19:13:00",201707231864,1,NULL,NULL
517,"Conference Room Support",sazzad.hossain,"2017-07-23 19:09:17",201707231862,1,NULL,NULL
516,NMS,sazzad.hossain,"2017-07-23 19:06:37",201707231860,1,NULL,NULL
515,"Store Related ",sazzad.hossain,"2017-07-23 19:01:54",201707231857,1,NULL,NULL
514,"CCTV Data ",saulad.alvi,"2017-07-23 18:57:42",201707231853,1,NULL,NULL
513,"REMOTE SUPPORT ",shihab,"2017-07-23 16:04:02",201707231850,1,NULL,NULL
512,"NOC Tablet goes Down automatically.",shafath,"2017-07-21 21:59:20",201707211844,1,NULL,NULL
511,"PC DELIVERY ",shihab,"2017-07-20 18:00:46",201707201843,1,NULL,NULL
510,"printer setup",asraful.islam,"2017-07-20 13:03:17",201707201842,1,NULL,NULL
509,"Servery report  email to supply chain for projector ",asraful.islam,"2017-07-20 12:38:43",201707201841,1,NULL,NULL
508,"Contact with vendor for laptop servicing ",asraful.islam,"2017-07-20 12:33:57",201707201840,1,NULL,NULL
507,"News process and upload",asraful.islam,"2017-07-20 12:32:37",201707201839,1,NULL,NULL
506,"access problem",asraful.islam,"2017-07-20 12:31:59",201707201838,1,NULL,NULL
505,"HO 1st floor networking switch power problem",asraful.islam,"2017-07-20 12:31:13",201707201837,1,NULL,NULL
504,"outlook problem",asraful.islam,"2017-07-20 12:29:51",201707201836,1,NULL,NULL
503,"Internet problem",asraful.islam,"2017-07-20 12:29:18",201707201835,1,NULL,NULL
502,"Tally problem",asraful.islam,"2017-07-20 12:28:41",201707201834,1,NULL,NULL
501,"OS installation",asraful.islam,"2017-07-20 12:26:19",201707201833,1,NULL,NULL
500,"DEVELOPMENT WORK ",shihab,"2017-07-20 11:06:13",201707201829,1,NULL,NULL
499,"DEVELOPMENT WORK ",shihab,"2017-07-20 11:05:03",201707201828,1,NULL,NULL
498,"JOB POSTING ",shihab,"2017-07-20 10:59:02",201707201827,1,NULL,NULL
497,"JOB POSTING ",shihab,"2017-07-20 10:58:30",201707201826,1,NULL,NULL
496,"PC DELIVERY ",shihab,"2017-07-20 10:56:15",201707201825,1,NULL,NULL
495,"Access permission  ",asraful.islam,"2017-07-19 15:59:53",201707191824,1,NULL,NULL
494,"Laptop problem",dibakar,"2017-07-18 19:54:04",201707181823,1,NULL,NULL
493,"Windows and MS office activation ",asraful.islam,"2017-07-18 18:13:31",201707181822,1,NULL,NULL
492,"Wireless problem",asraful.islam,"2017-07-18 18:12:00",201707181821,1,NULL,NULL
491,"IP PBX probelm",asraful.islam,"2017-07-18 18:10:27",201707181820,1,NULL,NULL
490,"Material inspection",asraful.islam,"2017-07-18 18:08:34",201707181819,1,NULL,NULL
489,"IP phone setup",asraful.islam,"2017-07-18 17:47:34",201707181818,1,NULL,NULL
488,"UPS battery  replacement ",asraful.islam,"2017-07-18 17:25:13",201707181817,1,NULL,NULL
487,"windows problem",asraful.islam,"2017-07-18 17:23:35",201707181816,1,NULL,NULL
486,"Auto cad related issue",asraful.islam,"2017-07-18 17:21:17",201707181815,1,NULL,NULL
485,"news upload ",asraful.islam,"2017-07-18 17:19:56",201707181814,1,NULL,NULL
484,"Product collection from store ",asraful.islam,"2017-07-18 17:19:06",201707181813,1,NULL,NULL
483,"Windows Activation",ferdous.faisal,"2017-07-16 17:11:58",201707161808,1,NULL,NULL
482,"Card entry and access permission ",asraful.islam,"2017-07-16 16:46:33",201707161806,1,NULL,NULL
481,"Access permission ",asraful.islam,"2017-07-16 16:45:41",201707161805,1,NULL,NULL
480,"News Process and upload ",asraful.islam,"2017-07-16 16:43:55",201707161804,1,NULL,NULL
479,"Printing problem",asraful.islam,"2017-07-16 14:30:13",201707161801,1,NULL,NULL
478,"Printing problem",asraful.islam,"2017-07-16 14:29:46",201707161800,1,NULL,NULL
477,"Printer set up",asraful.islam,"2017-07-16 14:29:08",201707161799,1,NULL,NULL
476,"HRIS login problem",asraful.islam,"2017-07-13 18:33:50",201707131795,1,NULL,NULL
475,"Taj mariot LAN checking",asraful.islam,"2017-07-13 18:32:49",201707131794,1,NULL,NULL
474,"New Laptop configure",asraful.islam,"2017-07-13 18:32:14",201707131793,1,NULL,NULL
473,"Format, OS install, Software install",atif,"2017-07-13 12:27:48",201707131788,1,NULL,NULL
472,"Rood access related & CCTV footage related problem",asraful.islam,"2017-07-13 11:16:26",201707131787,1,NULL,NULL
471,"News process and upload",asraful.islam,"2017-07-13 11:15:14",201707131786,1,NULL,NULL
470,"Apps related problem",asraful.islam,"2017-07-13 11:14:29",201707131785,1,NULL,NULL
469,"Printing probelm",asraful.islam,"2017-07-13 11:13:22",201707131784,1,NULL,NULL
468,"Printer ink problem",asraful.islam,"2017-07-13 11:11:27",201707131783,1,NULL,NULL
467,"New laptop configure",asraful.islam,"2017-07-13 11:10:46",201707131782,1,NULL,NULL
466,"installation ",shihab,"2017-07-12 17:23:05",201707121781,1,NULL,NULL
465,"News process and upload to Fiber@home webpage",asraful.islam,"2017-07-12 12:30:11",201707121779,1,NULL,NULL
464,"Outlook setup",asraful.islam,"2017-07-12 11:49:21",201707121778,1,NULL,NULL
463,"HO 3rd printer problem",asraful.islam,"2017-07-12 11:48:52",201707121777,1,NULL,NULL
462,"Printing problem",asraful.islam,"2017-07-12 11:48:17",201707121776,1,NULL,NULL
461,"Printing problem, outlook problem",asraful.islam,"2017-07-12 11:47:29",201707121775,1,NULL,NULL
460,"News Process and upload",asraful.islam,"2017-07-12 11:46:16",201707121774,1,NULL,NULL
459,"Email problem, Ms office problem",asraful.islam,"2017-07-12 11:45:37",201707121773,1,NULL,NULL
458,"IP phone problem",asraful.islam,"2017-07-12 11:43:37",201707121772,1,NULL,NULL
457,"Activation,MS Office, Outlook setup",asraful.islam,"2017-07-12 11:43:03",201707121771,1,NULL,NULL
456,"Printing problem & Windows activation ",asraful.islam,"2017-07-12 11:40:47",201707121770,1,NULL,NULL
455,"PC Delivery ",shihab,"2017-07-11 17:16:11",201707111765,1,NULL,NULL
454,"Store Related",sazzad.hossain,"2017-07-11 17:00:54",201707111753,1,NULL,NULL
453,"New PC",sazzad.hossain,"2017-07-11 17:00:14",201707111752,1,NULL,NULL
452,"New PC",sazzad.hossain,"2017-07-11 16:59:35",201707111751,1,NULL,NULL
451,"Store Related",sazzad.hossain,"2017-07-11 16:53:39",201707111747,1,NULL,NULL
450,Purchase,shihab,"2017-07-11 16:47:14",201707111745,1,NULL,NULL
449,"PC Delivery ",shihab,"2017-07-11 11:21:41",201707111742,1,NULL,NULL
448,"Installation ",shihab,"2017-07-11 11:19:13",201707111741,1,NULL,NULL
447,"Installation ",shihab,"2017-07-11 11:18:47",201707111740,1,NULL,NULL
446,"Team viewer support for remote user ",asraful.islam,"2017-07-10 18:59:52",201707101738,1,NULL,NULL
445,"New laptop configure",asraful.islam,"2017-07-10 18:54:45",201707101737,1,NULL,NULL
444,"Raising MR for product ",asraful.islam,"2017-07-10 18:53:00",201707101736,1,NULL,NULL
443,"Product inspection and collection from store",asraful.islam,"2017-07-10 18:52:12",201707101735,1,NULL,NULL
442,"Windows file related  problem",asraful.islam,"2017-07-10 18:51:20",201707101734,1,NULL,NULL
441,"LAN connection problem",asraful.islam,"2017-07-10 18:48:53",201707101733,1,NULL,NULL
440,"Printing problem",asraful.islam,"2017-07-10 18:48:00",201707101732,1,NULL,NULL
439,"HRIS, SCM slow",asraful.islam,"2017-07-10 18:46:37",201707101731,1,NULL,NULL
438,"News process and upload",asraful.islam,"2017-07-10 18:45:22",201707101730,1,NULL,NULL
437,"Went to multi plan for printer servicing  ",asraful.islam,"2017-07-10 18:44:25",201707101729,1,NULL,NULL
436,"LAN connection problem ",asraful.islam,"2017-07-09 13:26:53",201707091727,1,NULL,NULL
435,"LAN connection problem ",asraful.islam,"2017-07-09 13:26:05",201707091726,1,NULL,NULL
434,"LAN connection problem",asraful.islam,"2017-07-09 13:25:16",201707091725,1,NULL,NULL
433,"Taj marriot printer  problem",asraful.islam,"2017-07-09 13:10:17",201707091723,1,NULL,NULL
432,"HRIS,SCM login speed slow",asraful.islam,"2017-07-09 13:09:00",201707091722,1,NULL,NULL
431,"LAN switch shift",asraful.islam,"2017-07-06 17:53:35",201707061719,1,NULL,NULL
430,"new laptop",menhaz.morshed,"2017-07-06 12:02:49",201707061716,1,NULL,NULL
429,"New laptop",ekramul.amin,"2017-07-06 11:59:15",201707061715,1,NULL,NULL
428,Modem,sazzad.hossain,"2017-07-06 09:34:11",201707061713,1,NULL,NULL
427,"RAM checking ",asraful.islam,"2017-07-05 17:46:07",201707051707,1,NULL,NULL
426,"Generating  PR for printer servicing",asraful.islam,"2017-07-05 17:44:49",201707051706,1,NULL,NULL
425,"News Process and upload",asraful.islam,"2017-07-05 17:41:42",201707051705,1,NULL,NULL
424,"MS office , Outlook problem",asraful.islam,"2017-07-05 17:41:02",201707051704,1,NULL,NULL
423,"Laptop with good configuration and latest model",saifullah,"2017-07-05 17:28:27",201707051703,1,NULL,NULL
422,"CCTV Server backup",saulad.alvi,"2017-07-05 10:34:20",201707051697,1,NULL,NULL
421,"PR Processing ",saulad.alvi,"2017-07-05 10:32:27",201707051696,1,NULL,NULL
420,"IT Database",saulad.alvi,"2017-07-05 10:31:29",201707051695,1,NULL,NULL
419,"Delivery ",shihab,"2017-07-05 10:30:20",201707051693,1,NULL,NULL
418,"New Laptop configuration",asraful.islam,"2017-07-05 10:29:45",201707051692,1,NULL,NULL
417,"New desktop configuration ",asraful.islam,"2017-07-05 10:28:20",201707051691,1,NULL,NULL
416,"New Laptop",chinmoy.biswas,"2017-07-04 16:47:53",201707041689,1,NULL,NULL
415,"New PC",sazzad.hossain,"2017-07-04 14:33:03",201707041688,1,NULL,NULL
414,"Store related",sazzad.hossain,"2017-07-04 14:32:16",201707041687,1,NULL,NULL
413,"Projector problem",asraful.islam,"2017-07-04 09:14:32",201707041680,1,NULL,NULL
412,"Laptop slow ",asraful.islam,"2017-07-03 17:23:30",201707031676,1,NULL,NULL
411,"New IP phone setup",asraful.islam,"2017-07-03 17:21:36",201707031675,1,NULL,NULL
410,"New IP phone setup",asraful.islam,"2017-07-03 17:19:31",201707031674,1,NULL,NULL
409,"New IP phone setup",asraful.islam,"2017-07-03 17:18:58",201707031673,1,NULL,NULL
408,"IP phone setup",asraful.islam,"2017-07-03 17:17:15",201707031672,1,NULL,NULL
407,"Printing problem and software problem",asraful.islam,"2017-07-03 17:16:30",201707031671,1,NULL,NULL
406,"News related",asraful.islam,"2017-07-03 17:13:08",201707031670,1,NULL,NULL
405,"MR ",asraful.islam,"2017-07-03 17:12:20",201707031669,1,NULL,NULL
404,"Store related Issue ",asraful.islam,"2017-07-03 17:11:11",201707031668,1,NULL,NULL
403,"News process & upload",asraful.islam,"2017-07-03 16:57:48",201707031667,1,NULL,NULL
402,"New laptop",ekramul.amin,"2017-07-02 14:51:55",201707021661,1,NULL,NULL
401,"Web Portal",sazzad.hossain,"2017-07-02 14:07:57",201707021658,1,NULL,NULL
400,"New laptop need",ekramul.amin,"2017-07-02 13:55:29",201707021651,1,NULL,NULL
399,"New Laptop configure",asraful.islam,"2017-06-22 15:03:28",201706221649,1,NULL,NULL
398,"Printer problem",asraful.islam,"2017-06-22 14:58:29",201706221648,1,NULL,NULL
397,"Printer Â network problemÂ ",asraful.islam,"2017-06-22 14:56:51",201706221647,1,NULL,NULL
396,"SCR view,Browser,Outlook problem",asraful.islam,"2017-06-22 14:54:46",201706221646,1,NULL,NULL
395,"Bangla font,Browser problem",krishna,"2017-06-22 13:21:04",201706221645,1,NULL,NULL
394,"PURCHASE ",shihab,"2017-06-22 11:26:49",201706221644,1,NULL,NULL
393,"PURCHASE ",shihab,"2017-06-22 11:25:35",201706221643,1,NULL,NULL
392,"PURCHASE ",shihab,"2017-06-22 11:24:25",201706221642,1,NULL,NULL
391,"GPS Update",quamrul,"2017-06-22 11:18:53",201706221641,1,NULL,NULL
390,"New laptop configure ",asraful.islam,"2017-06-21 14:10:30",201706211637,1,NULL,NULL
389,"News process and upload",asraful.islam,"2017-06-21 09:26:09",201706211631,1,NULL,NULL
388,"OTDR Report viewer ",rahman.mizanur,"2017-06-20 11:45:50",201706201624,1,NULL,NULL
387,"Software related problem",asraful.islam,"2017-06-19 15:30:37",201706191620,1,NULL,NULL
386,"Internet problem",asraful.islam,"2017-06-19 15:29:46",201706191619,1,NULL,NULL
385,"Printer cartridge problem ",asraful.islam,"2017-06-19 15:28:27",201706191618,1,NULL,NULL
384,"New Laptop need",ekramul.amin,"2017-06-19 13:03:06",201706191615,1,NULL,NULL
383,Software,asraful.islam,"2017-06-19 10:40:15",201706191614,1,NULL,NULL
382,"PURCHASE ",shihab,"2017-06-19 09:52:32",201706191613,1,NULL,NULL
381,"Active Windows",mesbha.uddin,"2017-06-18 13:07:19",201706181612,1,NULL,NULL
380,"Material Inspection ",asraful.islam,"2017-06-18 09:34:28",201706181607,1,NULL,NULL
379,"Keyboard problem ",asraful.islam,"2017-06-18 09:33:18",201706181606,1,NULL,NULL
378,"New PC requirement for gazipur ",asraful.islam,"2017-06-18 09:30:55",201706181605,1,NULL,NULL
377,"News process",asraful.islam,"2017-06-18 09:29:50",201706181604,1,NULL,NULL
376,"New laptop",ekramul.amin,"2017-06-15 14:21:12",201706151601,1,NULL,NULL
375,"Need new laptop",ekramul.amin,"2017-06-15 13:40:55",201706151600,1,NULL,NULL
374,"Need New Laptop",ekramul.amin,"2017-06-15 13:32:42",201706151599,1,NULL,NULL
373,"Need new Laptop",ekramul.amin,"2017-06-15 13:27:13",201706151598,1,NULL,NULL
372,"PURCHASE ",shihab,"2017-06-15 12:28:42",201706151597,1,NULL,NULL
371,"Old IT Equipment allocation ",saulad.alvi,"2017-06-15 11:20:56",201706151594,1,NULL,NULL
370,Tally,sazzad.hossain,"2017-06-14 13:55:52",201706141586,1,NULL,NULL
369,Tally,sazzad.hossain,"2017-06-14 13:51:53",201706141583,1,NULL,NULL
368,Softphone,sazzad.hossain,"2017-06-14 13:51:08",201706141582,1,NULL,NULL
367,Softphone,sazzad.hossain,"2017-06-14 13:50:10",201706141581,1,NULL,NULL
366,"New PC",sazzad.hossain,"2017-06-13 14:21:28",201706131578,1,NULL,NULL
365,Monitor,sazzad.hossain,"2017-06-13 14:14:32",201706131577,1,NULL,NULL
364,Tally,sazzad.hossain,"2017-06-13 13:22:09",201706131571,1,NULL,NULL
363,"Printer collecting ",asraful.islam,"2017-06-13 13:02:19",201706131567,1,NULL,NULL
362,"News upload",asraful.islam,"2017-06-13 13:00:30",201706131566,1,NULL,NULL
361,"New PC",sazzad.hossain,"2017-06-13 09:41:43",201706131561,1,NULL,NULL
360,"PC Shift",sazzad.hossain,"2017-06-13 09:40:12",201706131560,1,NULL,NULL
359,"SCR view problem",jahangir.alom,"2017-06-11 15:03:12",201706111554,1,NULL,NULL
358,asdffffffffffffffffffzsds,sabina.yasmin,"2017-06-08 15:51:31",201706081538,1,NULL,NULL
357,"Reinstallation IP Phone & Printer",fahmida,"2017-06-08 09:45:46",201706081532,1,NULL,NULL
356,"Sentral Login",sazzad.hossain,"2017-06-07 13:26:07",201706071528,1,NULL,NULL
355,"PURCHASE ",shihab,"2017-06-07 12:38:52",201706071526,1,NULL,NULL
354,"New PC",sazzad.hossain,"2017-06-07 12:37:46",201706071525,1,NULL,NULL
353,"USB Connection, Printer setup",asraful.islam,"2017-06-07 12:37:02",201706071524,1,NULL,NULL
352,"News upload",asraful.islam,"2017-06-07 12:30:39",201706071522,1,NULL,NULL
351,"user account loging",sazzad.hossain,"2017-06-07 09:54:52",201706071513,1,NULL,NULL
350,"IT Equipment ",sazzad.hossain,"2017-06-07 09:53:35",201706071512,1,NULL,NULL
349,"New PC",sazzad.hossain,"2017-06-07 09:52:02",201706071511,1,NULL,NULL
348,"Laptop Keyboard Problem",forhad,"2017-06-06 11:04:50",201706061508,1,NULL,NULL
347,"News related issue ",asraful.islam,"2017-06-06 10:16:16",201706061504,1,NULL,NULL
346,"windows activation",sazzad.hossain,"2017-06-04 13:22:38",201706041498,1,NULL,NULL
345,"New PC",sazzad.hossain,"2017-06-04 13:09:21",201706041493,1,NULL,NULL
344,"New PC Delivery ",shihab,"2017-06-01 14:09:06",201706011481,1,NULL,NULL
343,"New PC Delivery ",shihab,"2017-06-01 14:08:24",201706011480,1,NULL,NULL
342,"Store releted issue",asraful.islam,"2017-05-31 15:08:40",201705311477,1,NULL,NULL
341,"Laptop inspection",asraful.islam,"2017-05-31 15:07:04",201705311476,1,NULL,NULL
340,Printer,asraful.islam,"2017-05-31 15:06:11",201705311475,1,NULL,NULL
339,"Brouser problem",asraful.islam,"2017-05-31 15:05:22",201705311474,1,NULL,NULL
338,Printer,asraful.islam,"2017-05-31 15:04:30",201705311473,1,NULL,NULL
337,"Desktop setup",asraful.islam,"2017-05-31 14:59:45",201705311471,1,NULL,NULL
336,"Printer setup",asraful.islam,"2017-05-31 14:55:45",201705311468,1,NULL,NULL
335,"New desktop configure",asraful.islam,"2017-05-31 09:59:52",201705311465,1,NULL,NULL
334,"New laptop configure",asraful.islam,"2017-05-31 09:58:39",201705311464,1,NULL,NULL
333,"Store releted issue",asraful.islam,"2017-05-31 09:57:36",201705311463,1,NULL,NULL
332,"New PC",sazzad.hossain,"2017-05-30 14:51:06",201705301459,1,NULL,NULL
331,"Monitor ",sazzad.hossain,"2017-05-30 14:49:02",201705301458,1,NULL,NULL
330,"Need UTP Cable",saidur.salin,"2017-05-30 12:19:36",201705301456,1,NULL,NULL
329,"Store Related",sazzad.hossain,"2017-05-30 11:46:15",201705301454,1,NULL,NULL
328,"LAN Cable",saidur.salin,"2017-05-30 10:56:48",201705301451,1,NULL,NULL
327,"user account ",sazzad.hossain,"2017-05-30 08:33:27",201705301450,1,NULL,NULL
326,"store related issue",sazzad.hossain,"2017-05-30 08:15:26",201705301449,1,NULL,NULL
325,"Store related issue",sazzad.hossain,"2017-05-30 08:14:40",201705301448,1,NULL,NULL
324,"New Desktop Configure",sazzad.hossain,"2017-05-30 08:13:30",201705301447,1,NULL,NULL
323,"New Desktop Configure",sazzad.hossain,"2017-05-30 08:13:07",201705301446,1,NULL,NULL
322,"Printer setup",asraful.islam,"2017-05-29 16:15:48",201705291445,1,NULL,NULL
321,"LAN Connection problem",asraful.islam,"2017-05-29 16:15:08",201705291444,1,NULL,NULL
320,"Store releted issue",asraful.islam,"2017-05-29 16:14:32",201705291443,1,NULL,NULL
319,"Printer setup",asraful.islam,"2017-05-29 16:13:47",201705291442,1,NULL,NULL
318,"New Laoptop configure",asraful.islam,"2017-05-29 16:12:15",201705291441,1,NULL,NULL
317,"New Laoptop configure",asraful.islam,"2017-05-29 16:11:29",201705291440,1,NULL,NULL
316,"Optical Mouse",saifullah,"2017-05-29 13:59:27",201705291439,1,NULL,NULL
315,"NOC LCD Monitor Problem",saifullah,"2017-05-29 11:03:41",201705291437,1,NULL,NULL
314,"PC ready and deliver",sazzad.hossain,"2017-05-25 15:10:14",201705251425,1,NULL,NULL
313,"PC ready and Delivery",sazzad.hossain,"2017-05-25 15:09:03",201705251424,1,NULL,NULL
312,"News upload",asraful.islam,"2017-05-25 15:08:48",201705251423,1,NULL,NULL
311,"New Laptop configure",asraful.islam,"2017-05-25 15:07:59",201705251422,1,NULL,NULL
310,"user account",sazzad.hossain,"2017-05-25 15:07:50",201705251421,1,NULL,NULL
309,"PC information collection",sazzad.hossain,"2017-05-25 15:05:57",201705251419,1,NULL,NULL
308,"Fingure print of Taj floor",asraful.islam,"2017-05-25 12:02:38",201705251417,1,NULL,NULL
307,"PC does not open",asraful.islam,"2017-05-25 12:01:47",201705251416,1,NULL,NULL
306,"Lan Connection problem",asraful.islam,"2017-05-25 11:59:51",201705251415,1,NULL,NULL
305,"IP phone configure",asraful.islam,"2017-05-25 11:58:35",201705251414,1,NULL,NULL
304,"OS installation",asraful.islam,"2017-05-25 11:57:33",201705251413,1,NULL,NULL
303,"New desktop configure",asraful.islam,"2017-05-25 11:52:53",201705251411,1,NULL,NULL
302,TAB,tonmoy.hasan,"2017-05-24 15:50:58",201705241407,1,NULL,NULL
301,"LAN connection",asraful.islam,"2017-05-23 11:19:44",201705231398,1,NULL,NULL
300,"News ",asraful.islam,"2017-05-22 17:53:52",201705221395,1,NULL,NULL
299,"New laptop configuration",asraful.islam,"2017-05-22 17:52:21",201705221393,1,NULL,NULL
298,"Store releted issue",asraful.islam,"2017-05-22 17:50:48",201705221391,1,NULL,NULL
297,"PC SYSTEM DELIVERY ",shihab,"2017-05-22 14:19:57",201705221390,1,NULL,NULL
296,"Laptop Delivery",sazzad.hossain,"2017-05-21 17:14:45",201705211386,1,NULL,NULL
295,"Material Inspection",shakil.khan,"2017-05-21 10:42:42",201705211376,1,NULL,NULL
294,"Bangle Bijoy Font Installation",rabiul,"2017-05-21 10:42:30",201705211375,1,NULL,NULL
293,"Head Phone",saifullah,"2017-05-18 17:23:53",201705181373,1,NULL,NULL
292,"Laptop new configuration",asraful.islam,"2017-05-18 15:29:06",201705181371,1,NULL,NULL
291,"Desktop setup",asraful.islam,"2017-05-18 14:08:25",201705181370,1,NULL,NULL
290,"New laptop configure",asraful.islam,"2017-05-18 14:07:27",201705181369,1,NULL,NULL
289,"Projector releted issue",asraful.islam,"2017-05-18 14:02:40",201705181364,1,NULL,NULL
288,"PR releted issue",asraful.islam,"2017-05-18 11:12:29",201705181362,1,NULL,NULL
287,"Database releted issue",asraful.islam,"2017-05-18 11:11:59",201705181361,1,NULL,NULL
286,"News releted",asraful.islam,"2017-05-18 11:10:32",201705181359,1,NULL,NULL
285,"OS releted Issue",asraful.islam,"2017-05-15 15:34:54",201705151340,1,NULL,NULL
284,Website,asraful.islam,"2017-05-15 15:32:55",201705151339,1,NULL,NULL
283,"Store releted Issue",asraful.islam,"2017-05-15 15:29:33",201705151336,1,NULL,NULL
282,"Browser problem and C drive low space",mizanur.rahman,"2017-05-15 11:05:22",201705151333,1,NULL,NULL
281,"and PC format",shahadet.hossain,"2017-05-14 10:00:31",201705141327,1,NULL,NULL
280,"2 unit Desktop Computer  ",quamrul,"2017-05-11 16:33:06",201705111326,1,NULL,NULL
279,"1.	Laptop 1 unite for Mr. Zahirul Islam ,2.	Laptop 1 Unit for BTL project Site.",quamrul,"2017-05-11 15:29:53",201705111325,1,NULL,NULL
278,"Product Verification ",shihab,"2017-05-09 17:13:00",201705091320,1,NULL,NULL
277,"New Laptop",hasan,"2017-05-09 14:21:07",201705091316,1,NULL,NULL
276,"Need new laptop ",s.ahmed,"2017-05-09 14:20:32",201705091315,1,NULL,NULL
275,"Folder Sharing",sazzad.hossain,"2017-05-09 13:27:16",201705091313,1,NULL,NULL
274,"Desk change",nurjaman.khan,"2017-05-09 13:21:51",201705091311,1,NULL,NULL
273,"New printer setup",asraful.islam,"2017-05-07 18:39:54",201705071301,1,NULL,NULL
272,"IT Inventory database releted work",asraful.islam,"2017-05-07 18:39:17",201705071300,1,NULL,NULL
271,"New scanner for Admin Department",selina.sultana,"2017-05-07 18:28:04",201705071299,1,NULL,NULL
270,Mouse,neaj.morshed,"2017-05-07 12:23:35",201705071297,1,NULL,NULL
269,"PC troubleshooting",asraful.islam,"2017-05-04 18:29:50",201705041296,1,NULL,NULL
268,"New PC configuration ",asraful.islam,"2017-05-04 18:28:45",201705041295,1,NULL,NULL
267,"Tonner change",asraful.islam,"2017-05-04 18:27:19",201705041294,1,NULL,NULL
266,"LAN port marking",asraful.islam,"2017-05-04 18:26:15",201705041293,1,NULL,NULL
265,News,asraful.islam,"2017-05-04 18:24:12",201705041291,1,NULL,NULL
264,"Fax machine setup",asraful.islam,"2017-05-04 18:23:01",201705041290,1,NULL,NULL
263,Projector,sazzad.hossain,"2017-05-04 11:05:43",201705041286,1,NULL,NULL
262,"Laptop Key Board Problem",bahadur,"2017-05-02 19:33:46",201705021279,1,NULL,NULL
261,"Flash probelm",asraful.islam,"2017-04-25 17:23:48",201704251258,1,NULL,NULL
260,"Cdrive and webmail problem",asraful.islam,"2017-04-25 17:06:42",201704251254,1,NULL,NULL
259,"store related issue",asraful.islam,"2017-04-25 17:03:56",201704251252,1,NULL,NULL
258,"laptop slow",asraful.islam,"2017-04-25 15:55:37",201704251249,1,NULL,NULL
257,"UTP Patch Cord",sazzad.hossain,"2017-04-25 10:12:56",201704251243,1,NULL,NULL
256,"ONT Installation",sazzad.hossain,"2017-04-25 10:06:57",201704251239,1,NULL,NULL
255,"Personal ",shihab,"2017-04-24 16:34:36",201704241237,1,NULL,NULL
254,"Multiple problem",mashhur,"2017-04-23 16:52:27",201704231231,1,NULL,NULL
253,"Desktop needed",rasel,"2017-04-23 10:50:50",201704231227,1,NULL,NULL
252,LAN,asraful.islam,"2017-04-20 17:31:08",201704201225,1,NULL,NULL
251,"Exel problem",asraful.islam,"2017-04-20 17:29:39",201704201224,1,NULL,NULL
250,"PC slow and Printing problem",asraful.islam,"2017-04-20 17:25:57",201704201221,1,NULL,NULL
249,News,asraful.islam,"2017-04-20 17:24:07",201704201218,1,NULL,NULL
248,NMS,shihab,"2017-04-20 17:22:01",201704201216,1,NULL,NULL
247,"NMS configure ",shihab,"2017-04-20 11:59:20",201704201213,1,NULL,NULL
246,"Akthar sir LAN connection problem",asraful.islam,"2017-04-20 11:27:42",201704201211,1,NULL,NULL
245,"Display-Laptop ",shihab,"2017-04-20 10:00:39",201704201208,1,NULL,NULL
244,Keyboard,tonmoy.hasan,"2017-04-19 20:10:54",201704191206,1,NULL,NULL
243,"Office shifting ",asraful.islam,"2017-04-17 19:22:02",201704171197,1,NULL,NULL
242,"Laptop configure",asraful.islam,"2017-04-17 19:18:05",201704171193,1,NULL,NULL
241,"News upload",asraful.islam,"2017-04-17 19:17:09",201704171192,1,NULL,NULL
240,"Laptop slow",shohel.munshi,"2017-04-17 09:12:49",201704171187,1,NULL,NULL
239,"IT Database related work",asraful.islam,"2017-04-16 17:46:13",201704161186,1,NULL,NULL
238,"Servey for UPS",asraful.islam,"2017-04-16 17:45:31",201704161185,1,NULL,NULL
237,"Laptop configure ",asraful.islam,"2017-04-16 17:42:33",201704161183,1,NULL,NULL
236,"anti virous related issue",asraful.islam,"2017-04-16 17:41:18",201704161182,1,NULL,NULL
235,"New laptop configuration",asraful.islam,"2017-04-13 18:17:53",201704131175,1,NULL,NULL
234,"News Upload",asraful.islam,"2017-04-13 18:09:38",201704131167,1,NULL,NULL
233,"IT Database related work",asraful.islam,"2017-04-11 18:05:08",201704111163,1,NULL,NULL
232,"New Laptop delevery",asraful.islam,"2017-04-11 18:02:25",201704111160,1,NULL,NULL
231,"Website Content Upload",sazzad.hossain,"2017-04-11 15:45:46",201704111158,1,NULL,NULL
230,"Desktop ",asraful.islam,"2017-04-10 16:44:51",201704101154,1,NULL,NULL
229,"Printer Bringing ",asraful.islam,"2017-04-10 16:42:52",201704101152,1,NULL,NULL
228,Database,asraful.islam,"2017-04-10 16:41:34",201704101151,1,NULL,NULL
227,News,asraful.islam,"2017-04-10 16:40:14",201704101150,1,NULL,NULL
226,"LAN Cable",sazzad.hossain,"2017-04-10 12:33:21",201704101148,1,NULL,NULL
225,"LAN Cable",sazzad.hossain,"2017-04-10 09:19:56",201704101141,1,NULL,NULL
224,"Mouse Replacement",rehsanul.mahbub,"2017-04-09 17:01:15",201704091140,1,NULL,NULL
223,"Personal ",shihab,"2017-04-09 14:19:08",201704091131,1,NULL,NULL
222,"Laptop with MS Project",rajibul.haque,"2017-04-06 10:17:36",201704061109,1,NULL,NULL
221,"PC slow",tonmoy.hasan,"2017-04-05 17:50:05",201704051100,1,NULL,NULL
220,"Please made a PR of a new laptop regqarding this issue",abid.hasan,"2017-04-05 15:46:51",201704051098,1,NULL,NULL
219,"warranty ",shihab,"2017-04-05 14:19:24",201704051097,1,NULL,NULL
218,"MS Project",saifullah,"2017-04-05 13:05:29",201704051092,1,NULL,NULL
217,"Microsoft Project management ",mohammad.jabed,"2017-04-05 10:42:48",201704051082,1,NULL,NULL
216,"New Laptop configure",asraful.islam,"2017-04-03 16:30:08",201704031069,1,NULL,NULL
215,"Fiber@home webpage news ",asraful.islam,"2017-04-03 16:26:12",201704031066,1,NULL,NULL
214,"New aptop configure",asraful.islam,"2017-04-03 16:25:13",201704031065,1,NULL,NULL
213,"Material Check ",shihab,"2017-04-03 16:11:19",201704031062,1,NULL,NULL
212,"MS Project 2013",shariful.alam,"2017-04-03 12:29:35",201704031059,1,NULL,NULL
211,Tally,sazzad.hossain,"2017-04-03 09:56:17",201704031058,1,NULL,NULL
210,"PC shifting",sazzad.hossain,"2017-04-03 09:31:29",201704031039,1,NULL,NULL
209,"Monitor Power",sazzad.hossain,"2017-03-30 12:38:29",201703301026,1,NULL,NULL
208,"Network Down",sazzad.hossain,"2017-03-29 10:27:46",201703291019,1,NULL,NULL
207,"Nagios Servar Data input",shihab,"2017-03-22 17:45:33",20170322997,1,NULL,NULL
206,"Mouse & Keybord",israr,"2017-03-21 21:07:25",20170321995,1,NULL,NULL
205,"Nagios Map Data Input ",shihab,"2017-03-20 15:12:07",20170320989,1,NULL,NULL
204,"PC shift",sazzad.hossain,"2017-03-19 15:34:44",20170319981,1,NULL,NULL
203,Browser,sazzad.hossain,"2017-03-19 15:32:27",20170319979,1,NULL,NULL
202,"Desktop maintenance",sazzad.hossain,"2017-03-19 15:30:52",20170319977,1,NULL,NULL
201,"Network Data input at Nagios Server ",shihab,"2017-03-15 17:48:11",20170315967,1,NULL,NULL
200,"PC Delivery ",shihab,"2017-03-15 17:46:23",20170315964,1,NULL,NULL
199,"Laptop Maintenance ",sazzad.hossain,"2017-03-15 17:38:35",20170315960,1,NULL,NULL
198,"Nagios Server Network Data Input ",shihab,"2017-03-14 12:39:05",20170314946,1,NULL,NULL
197,"Desktop Shifting",sazzad.hossain,"2017-03-14 12:18:19",20170314941,1,NULL,NULL
196,"PC Shifting",sazzad.hossain,"2017-03-14 12:15:50",20170314939,1,NULL,NULL
195,"PC Shifting",sazzad.hossain,"2017-03-14 12:14:58",20170314938,1,NULL,NULL
194,"PC Shifting",sazzad.hossain,"2017-03-14 12:13:49",20170314937,1,NULL,NULL
193,"Printer Shifting",sazzad.hossain,"2017-03-13 15:43:54",20170313935,1,NULL,NULL
192,"PC Shifting",sazzad.hossain,"2017-03-13 15:42:29",20170313933,1,NULL,NULL
191,"PC Shifting",sazzad.hossain,"2017-03-13 15:08:12",20170313931,1,NULL,NULL
190,"PC Shifting",sazzad.hossain,"2017-03-13 15:07:34",20170313930,1,NULL,NULL
189,"PC Shifting",sazzad.hossain,"2017-03-13 15:06:55",20170313929,1,NULL,NULL
188,"Laptop Delivery",sazzad.hossain,"2017-03-13 15:04:14",20170313927,1,NULL,NULL
187,"Warranty Claim  ",shihab,"2017-03-09 17:31:49",20170309922,1,NULL,NULL
186,"Nagios Network Mapping ",shihab,"2017-03-09 17:30:17",20170309921,1,NULL,NULL
185,"Printer Problem",neaj.morshed,"2017-03-09 14:36:28",20170309919,1,NULL,NULL
184,"Network Switch",sazzad.hossain,"2017-03-08 15:47:37",20170308911,1,NULL,NULL
183,"NAGIOS NETWORK MAPPING ",shihab,"2017-03-07 17:24:58",20170307900,1,NULL,NULL
182,"SCR OPNING",shihab,"2017-03-07 17:24:24",20170307899,1,NULL,NULL
181,"NAGIOS NETWORK MAPPING ",shihab,"2017-03-06 10:34:23",20170306881,1,NULL,NULL
180,"MATERIEL INSPECTION ",shihab,"2017-03-06 10:33:04",20170306880,1,NULL,NULL
179,"PC DELIVER ",shihab,"2017-03-06 10:32:01",20170306879,1,NULL,NULL
178,store,asraful.islam,"2017-03-06 10:20:57",20170306878,1,NULL,NULL
177,"NAGIOS NETWORK MAPPING ",shihab,"2017-03-05 15:49:58",20170305873,1,NULL,NULL
176,"C: drive full (500MB free of 50GB)",shariful.alam,"2017-03-05 15:42:53",20170305870,1,NULL,NULL
175,"New Laptop ",afroz.jahan,"2017-03-05 10:02:13",20170305868,1,NULL,NULL
174,"Graphics Card",mohammad.jabed,"2017-03-02 17:24:28",20170302867,1,NULL,NULL
173,"NAGIOS MAP CREATION ",shihab,"2017-03-01 09:59:27",20170301859,1,NULL,NULL
172,"NAGIOS MAP CREATION ",shihab,"2017-03-01 09:58:51",20170301858,1,NULL,NULL
171,"TAJ MARRIOT OFFICE NETWORK SETUP ",shihab,"2017-03-01 09:57:11",20170301857,1,NULL,NULL
170,"OFFICE INTERNET SETUP ",shihab,"2017-03-01 09:52:49",20170301855,1,NULL,NULL
169,"OFFICE NETWORK SETUP",shihab,"2017-03-01 09:51:50",20170301854,1,NULL,NULL
168,"Switch and IP Camera",sazzad.hossain,"2017-02-26 14:34:26",20170226851,1,NULL,NULL
167,"Laptop ",shahzaman.hossain,"2017-02-26 10:23:03",20170226850,1,NULL,NULL
166,sentral,sazzad.hossain,"2017-02-23 16:57:29",20170223847,1,NULL,NULL
165,"CCTV footage",shuvo,"2017-02-22 12:01:31",20170222836,1,NULL,NULL
164,"NAGIOS NETWORK MAPPING",shihab,"2017-02-19 17:12:39",20170219825,1,NULL,NULL
163,"NAGIOS NETWORK MAPPING",shihab,"2017-02-19 17:12:01",20170219824,1,NULL,NULL
162,"NAGIOS NETWORK MAPPING",shihab,"2017-02-19 17:11:18",20170219823,1,NULL,NULL
161,"NAGIOS NETWORK MAPPING ",shihab,"2017-02-19 17:10:20",20170219822,1,NULL,NULL
160,"Nagios Network Mapping",shihab,"2017-02-16 17:56:24",20170216815,1,NULL,NULL
159,"Nagios Network Mapping ",shihab,"2017-02-16 17:55:32",20170216814,1,NULL,NULL
158,"Nagios Network Mapping ",shihab,"2017-02-16 10:05:30",20170216810,1,NULL,NULL
157,"Nagios Network Mapping ",shihab,"2017-02-16 10:05:06",20170216809,1,NULL,NULL
156,Switch,saulad.alvi,"2017-02-14 16:56:05",20170214804,1,NULL,NULL
155,"Personal Laptop",saulad.alvi,"2017-02-14 16:51:49",20170214803,1,NULL,NULL
154,Document,saulad.alvi,"2017-02-14 16:50:21",20170214802,1,NULL,NULL
153,SCM,asraful.islam,"2017-02-14 14:49:53",20170214798,1,NULL,NULL
152,"CCTV Camera",saulad.alvi,"2017-02-14 11:58:05",20170214791,1,NULL,NULL
151,"Key-board problem",rezwanul.haque,"2017-02-13 15:10:03",20170213782,1,NULL,NULL
150,"Desk Shifting",sazzad.hossain,"2017-02-06 09:48:47",20170206760,1,NULL,NULL
149,"Desk Shift",sazzad.hossain,"2017-02-06 09:48:19",20170206759,1,NULL,NULL
148,"New Laptop Requisition. PR: FAHSC02-03612017-01-01PR3264",md.kamrul,"2017-02-05 12:59:09",20170205755,1,NULL,NULL
147,"switch configure",shakil.khan,"2017-01-31 16:22:42",20170131745,1,NULL,NULL
146,"C drive",ahmed.bulbul,"2017-01-31 14:04:59",20170131743,1,NULL,NULL
145,SCM,asraful.islam,"2017-01-30 16:41:27",20170130736,1,NULL,NULL
144,"Multimedia Projector Connection",shakil.khan,"2017-01-30 14:39:59",20170130733,1,NULL,NULL
143,Scanner,quamrul,"2017-01-30 12:33:48",20170130731,1,NULL,NULL
142,"Desk Shifting",sazzad.hossain,"2017-01-30 09:11:20",20170130729,1,NULL,NULL
141,"Laptop problem",abid.hasan,"2017-01-16 17:58:34",20170116719,1,NULL,NULL
140,"LAN Card",saifullah,"2017-01-12 10:59:35",20170112717,1,NULL,NULL
139,"New Laptop",mahidur.rahman,"2017-01-09 18:35:54",20170109714,1,NULL,NULL
138,"Need optical wireless mouse",arafat.nazmul,"2017-01-09 16:19:54",20170109713,1,NULL,NULL
137,"Optical USB Mouse",saifullah,"2017-01-03 12:52:46",20170103704,1,NULL,NULL
136,"Processor Up-grade",sajjad.amin,"2017-01-02 16:20:33",20170102698,1,NULL,NULL
135,"Temprary NOC setup at ground floor by shifting current setup at 1st floor",saifullah,"2017-01-02 10:37:28",20170102692,1,NULL,NULL
134,"PC Shifting",sazzad.hossain,"2016-12-27 16:21:08",20161227686,1,NULL,NULL
133,"Need a new Mouse",anjuman,"2016-12-26 13:47:52",20161226674,1,NULL,NULL
132,"power adopter",ismat.jerin,"2016-12-21 11:23:16",20161221672,1,NULL,NULL
131,"PC assemble ",sazzad.hossain,"2016-11-28 13:04:44",20161128652,1,NULL,NULL
130,"monitor connector converter",amran.hossain,"2016-11-20 16:26:03",20161120642,1,NULL,NULL
129,"PR for new Laptop",rabbee,"2016-11-15 16:16:46",20161115637,1,NULL,NULL
128,"Desktop PC for NOC workstation",saifullah,"2016-11-14 13:12:16",20161114636,1,NULL,NULL
127,"Need Mouse ",shariful.alam,"2016-11-07 13:18:57",20161107629,1,NULL,NULL
126,"Request for new LAPTOP",saifullah,"2016-11-03 14:13:43",20161103626,1,NULL,NULL
125,"Internet Problem Akhtar Hossain(BTL)",quamrul,"2016-11-01 18:01:33",20161101625,1,NULL,NULL
124,"PC Shift",sazzad.hossain,"2016-10-30 13:51:14",20161030622,1,NULL,NULL
123,"Desk Shift",sazzad.hossain,"2016-10-30 13:39:54",20161030613,1,NULL,NULL
122,"LAN, IP Phone, Printer & other set up",abdul.bhuyan,"2016-10-19 14:24:53",20161019606,1,NULL,NULL
121,"Mouse click",fahmida,"2016-10-18 10:31:23",20161018604,1,NULL,NULL
120,"PC Shifting",sazzad.hossain,"2016-10-16 12:52:56",20161016600,1,NULL,NULL
119,"PC Shifting",sazzad.hossain,"2016-10-16 12:52:22",20161016599,1,NULL,NULL
118,"Ato cad softwere Installation",probir,"2016-10-13 13:00:15",20161013594,1,NULL,NULL
117,"Keyboard Problem",farzana,"2016-10-10 11:12:47",20161010592,1,NULL,NULL
116,"New Laptop",mahidur.rahman,"2016-10-03 16:49:42",20161003587,1,NULL,NULL
115,"PC Maintanance",sazzad.hossain,"2016-09-29 14:12:14",20160929565,1,NULL,NULL
114,slow,shohel.munshi,"2016-09-24 10:48:44",20160924561,1,NULL,NULL
113,"Attendance Issue",tauhidul,"2016-09-22 10:20:55",20160922557,1,NULL,NULL
112,"Desktop good quality  PC",menhaz.morshed,"2016-09-18 14:08:30",20160918549,1,NULL,NULL
111,"C drive low disk space and very slow",saifullah,"2016-08-29 17:35:24",20160829535,1,NULL,NULL
110,"NMS Problem",fahmida,"2016-08-29 11:02:44",20160829534,1,NULL,NULL
109,Ploter,sazzad.hossain,"2016-08-29 09:58:29",20160829533,1,NULL,NULL
108,"PDF to Word Convert",sazzad.hossain,"2016-08-29 09:55:49",20160829531,1,NULL,NULL
107,"Laptop Charger",sazzad.hossain,"2016-08-29 09:45:18",20160829524,1,NULL,NULL
106,"Windows Activation",sazzad.hossain,"2016-08-29 09:43:41",20160829523,1,NULL,NULL
105,nms,fahmida,"2016-08-22 13:01:55",20160822519,1,NULL,NULL
104,"PC Very Slow",saifullah,"2016-08-21 14:49:50",20160821518,1,NULL,NULL
103,"Laptop Windows & Antivirus Setup ",probir,"2016-08-10 10:55:22",20160810512,1,NULL,NULL
102,"need to  upgrade his desktop PC ",menhaz.morshed,"2016-08-09 13:20:59",20160809511,1,NULL,NULL
101,"Laptop performance problem",saikat.das,"2016-08-04 18:28:36",20160804509,1,NULL,NULL
100,"Laptop performance  problem ",arafat.nazmul,"2016-08-04 18:28:32",20160804508,1,NULL,NULL
99,"Laptop Slow",shohel.munshi,"2016-08-04 16:14:04",20160804507,1,NULL,NULL
98,"Five keys are displaced, Battery Backuup not more than 15min, problem in performing multitasking",sharif.ahmed,"2016-08-03 12:00:26",20160803504,1,NULL,NULL
97,"mouse pad problem and need maintenance of laptop",rezwanul.haque,"2016-08-02 16:39:18",20160802500,1,NULL,NULL
96,Mouse,saifullah,"2016-07-31 11:59:18",20160731496,1,NULL,NULL
95,"RJ45 Connector",limon.miah,"2016-07-26 12:58:42",20160726495,1,NULL,NULL
94,"Windows, Auto cad,",halim.shabuj,"2016-07-17 16:41:11",20160717469,1,NULL,NULL
93,"Net Problem",sharna,"2016-07-10 15:55:24",20160710463,1,NULL,NULL
92,"No Display",sazzad.hossain,"2016-07-10 12:41:38",20160710461,1,NULL,NULL
91,"Server Problem",saidur.salin,"2016-06-27 10:34:31",20160627458,1,NULL,NULL
90,"pinter serviceing EPSON L1300",quamrul,"2016-06-19 14:57:10",20160619449,1,NULL,NULL
89,"Software malfunction",muntashir,"2016-06-19 10:08:43",20160619447,1,NULL,NULL
88,"Laptop Slow & display problem",morshedul.arefin,"2016-06-12 09:54:53",20160612435,1,NULL,NULL
87,"New PC Installation",rajibul.haque,"2016-06-08 10:44:37",20160608430,1,NULL,NULL
86,Monitor,rasel,"2016-06-06 16:28:39",20160606427,1,NULL,NULL
85,UPS,sazzad.hossain,"2016-06-05 13:00:19",20160605423,1,NULL,NULL
84,"Laptop Multiple Issues",chinmay.biswas,"2016-05-31 11:24:12",20160531413,1,NULL,NULL
83,"Laptop Multiple Issues",chinmay.biswas,"2016-05-31 11:01:50",20160531411,1,NULL,NULL
82,"PC Assemble ",sazzad.hossain,"2016-05-25 17:03:17",20160525406,1,NULL,NULL
81,"Bangla Fonts",sazzad.hossain,"2016-05-25 11:00:22",20160525404,1,NULL,NULL
80,"Mouse Problem",farzana,"2016-05-09 17:18:07",20160509383,1,NULL,NULL
79,"New Laptop",mahmudun.nabi,"2016-05-03 09:59:25",20160503375,1,NULL,NULL
78,"Temporary Laptop",shawon.arif,"2016-04-27 10:23:39",20160427372,1,NULL,NULL
77,"Setup ram in PC",nabi.rony,"2016-04-26 09:53:53",20160426364,1,NULL,NULL
76,"Laptop Monitor",silufa,"2016-04-24 10:04:03",20160424361,1,NULL,NULL
75,"LAN card",sajjad.amin,"2016-04-20 11:15:19",20160420354,1,NULL,NULL
74,"Laptop power",saulad.alvi,"2016-04-18 11:58:37",20160418347,1,NULL,NULL
73,"Laptop Touchpad",sazzad.hossain,"2016-04-10 12:37:32",20160410340,1,NULL,NULL
72,"Laptop Keyboard",sazzad.hossain,"2016-04-10 10:12:05",20160410336,1,NULL,NULL
71,"PC Shifting",sazzad.hossain,"2016-03-24 10:55:35",20160324306,1,NULL,NULL
70,"Laptop Display",nahid,"2016-03-22 14:02:27",20160322303,1,NULL,NULL
69,"Space bar key not worke",raziur,"2016-03-21 13:52:24",20160321298,1,NULL,NULL
68,"PC Shift",sazzad.hossain,"2016-03-20 16:53:44",20160320295,1,NULL,NULL
67,Browser,sazzad.hossain,"2016-03-15 10:43:21",20160315291,1,NULL,NULL
66,"PC access",mrabbi,"2016-03-14 13:06:29",20160314289,1,NULL,NULL
65,"emial not recieve ",menhaz.morshed,"2016-03-14 09:59:14",20160314288,1,NULL,NULL
64,"Tally ",rajibul.haque,"2016-03-09 14:44:58",20160309279,1,NULL,NULL
63,"printer, Scanner, avro, Auto CAD",moshin.hasan,"2016-03-09 11:26:19",20160309277,1,NULL,NULL
62,"Desk Shifting",tamim,"2016-03-08 15:52:31",20160308273,1,NULL,NULL
61,"Shift PC & IP Phone",shah.alam,"2016-03-08 14:14:40",20160308272,1,NULL,NULL
60,"PC & IP Phone shift",robiul.hasan,"2016-03-08 13:10:58",20160308271,1,NULL,NULL
59,"ip Phone",nayma,"2016-03-07 10:12:07",20160307260,1,NULL,NULL
58,"Antivirus, Software and LAN",sazzad.hossain,"2016-03-01 14:46:38",20160301251,1,NULL,NULL
57,"Micrisoft Outlook, Auto Cad 2016,Photoshop",halim.shabuj,"2016-02-28 18:11:46",20160228246,1,NULL,NULL
56,"User Account",sazzad.hossain,"2016-02-28 09:47:21",20160228239,1,NULL,NULL
55,"Purchasing new laptop and desktop",mizanur.rahman,"2016-02-25 15:10:30",20160225238,1,NULL,NULL
54,"IP hone & Printer",nayma,"2016-02-25 12:40:57",20160225237,1,NULL,NULL
53,"Unsuspected Shutdown",tamim,"2016-02-15 11:29:34",20160215225,1,NULL,NULL
52,specification,nayma,"2016-02-14 10:02:13",20160214222,1,NULL,NULL
51,"specification  ",nayma,"2016-02-14 10:01:01",20160214221,1,NULL,NULL
50,"specification & availability ",nayma,"2016-02-14 09:59:59",20160214220,1,NULL,NULL
49,"No internet connection ",nabi.rony,"2016-02-09 10:59:43",20160209214,1,NULL,NULL
48,"Monitor Power Failure ",sazzad.hossain,"2016-02-08 10:00:10",20160208212,1,NULL,NULL
47,"Browzser problem ",sazibul.islam,"2016-02-07 11:15:26",20160207208,1,NULL,NULL
46,"Software ",abdul.halim,"2016-02-04 12:57:30",20160204203,1,NULL,NULL
45,"Desktop slow to respond",tamanna,"2016-02-02 16:12:41",20160202200,1,NULL,NULL
44,"Laptop slow",fahmida,"2016-02-02 13:01:01",20160202199,1,NULL,NULL
43,"Adobe Reader",golok,"2016-02-02 10:03:47",20160202198,1,NULL,NULL
42,"Windows 7 Setup ",hossain.mia,"2016-02-01 11:19:54",20160201197,1,NULL,NULL
41,"touchpad error",abdul.halim,"2016-01-25 10:51:28",20160125179,1,NULL,NULL
40,"Laptop USB",aruna,"2016-01-24 18:18:49",20160124178,1,NULL,NULL
39,Laptop,aruna,"2016-01-24 18:12:30",20160124177,1,NULL,NULL
38,"FONT Problem",rehana.zakia,"2016-01-24 15:41:41",20160124173,1,NULL,NULL
37,"Specification ",nayma,"2016-01-24 11:05:21",20160124172,1,NULL,NULL
36,"Printer Installation",farzana,"2016-01-21 10:46:58",20160121168,1,NULL,NULL
35,Outlook,amir.hamza,"2016-01-20 17:14:48",20160120167,1,NULL,NULL
34,Ploter,farzana,"2016-01-12 14:39:08",20160112156,1,NULL,NULL
33,"PDF File Edit",sazzad.hossain,"2016-01-12 13:36:27",20160112154,1,NULL,NULL
32,"PC performance",mizanur.rahman,"2016-01-03 11:56:44",20160103120,1,NULL,NULL
31,"Scanner, Printer setup",halim.shabuj,"2016-01-03 10:22:42",20160103117,1,NULL,NULL
30,"ITM Access",mohammad.jabed,"2015-12-30 14:43:24",20151230107,1,NULL,NULL
29,"IP Phone Balance ",mohammad.jabed,"2015-12-30 14:41:40",20151230106,1,NULL,NULL
28,"Phone balance nil",mohammad.jabed,"2015-12-30 13:44:20",20151230105,1,NULL,NULL
27,"Autocad 2007 Installation",halim.shabuj,"2015-12-30 13:40:47",20151230104,1,NULL,NULL
26,specification,nayma,"2015-12-30 10:53:08",2015123098,1,NULL,NULL
25,specification,nayma,"2015-12-30 10:19:59",2015123097,1,NULL,NULL
24,"specification ",nayma,"2015-12-30 10:17:09",2015123096,1,NULL,NULL
23,"ITM Access permission",mohammad.jabed,"2015-12-29 14:15:12",2015122992,1,NULL,NULL
22,"Outlook mail problem",rehana.zakia,"2015-12-29 10:28:35",2015122986,1,NULL,NULL
21,"Location Exchange",saulad.alvi,"2015-12-27 17:36:47",2015122779,1,NULL,NULL
20,"Location Exchange",saulad.alvi,"2015-12-27 17:34:34",2015122778,1,NULL,NULL
19,"Call Drop",nabi.rony,"2015-12-27 11:09:52",2015122774,1,NULL,NULL
18,"PC assemble",nayma,"2015-12-27 10:48:46",2015122773,1,NULL,NULL
17,"PC assemble ",shahidul.islam,"2015-12-27 10:44:42",2015122772,1,NULL,NULL
16,"PC Assemble ",sarfaraz.ali,"2015-12-27 10:39:06",2015122771,1,NULL,NULL
15,"Google drive problem",rehana.zakia,"2015-12-24 18:02:09",2015122470,1,NULL,NULL
14,"Scan Documnet",shakil.khan,"2015-12-23 13:02:31",2015122352,1,NULL,NULL
13,"Attendance Problem",shakil.khan,"2015-12-23 12:58:23",2015122350,1,NULL,NULL
12,"Network problem",shakil.khan,"2015-12-23 12:52:42",2015122348,1,NULL,NULL
11,"Network Connection Fix",shakil.khan,"2015-12-23 12:14:12",2015122344,1,NULL,NULL
10,"Slow processing",shakil.khan,"2015-12-23 12:07:30",2015122340,1,NULL,NULL
9,"Windows Profile Loading Error",shakil.khan,"2015-12-23 11:54:16",2015122338,1,NULL,NULL
8,"Transfer of IT Equipment",shakil.khan,"2015-12-23 11:43:26",2015122335,1,NULL,NULL
7,"very slow",absiddik,"2015-12-23 11:34:10",2015122333,1,NULL,NULL
6,Marlware,mizanur.rahman,"2015-12-10 15:54:04",2015121025,1,NULL,NULL
5,Marlware,mizanur.rahman,"2015-12-10 15:49:57",2015121024,1,NULL,NULL
4,"ID Card Access",nurjaman.khan,"2015-12-10 13:45:42",2015121023,1,NULL,NULL
3,"printer cartridge",asif,"2015-12-10 13:31:17",2015121021,1,NULL,NULL
2,"IP Phone Installation ",rajibul.haque,"2015-12-10 12:43:03",2015121018,1,NULL,NULL
1,"New Laptop",sufian,"2015-12-09 15:48:18",2015120912,1,NULL,NULL
